InChl Key,smiles,Source,ChEMBL ID,PubChem CID,pIC50,USED_AS,label
DRKKFEDPIHQMQP-KNTRCKAVSA-N,CO/C(O)=C1\C(C)=NC(C)=C(C(=O)OCC(C)C)C1c1cccc([N+](=O)[O-])c1,ChEMBL,CHEMBL102907,,11.09691,Validation,1
MRSJBSHLMOBYSH-UHFFFAOYSA-N,COC(=O)C1=C(C)NC(C)=C(C(=O)OCC(C)C)C1c1cccc([N+](=O)[O-])c1,PubChem,,10091655,11.09691,Train,1
KTPUGBNEQXUNRV-YYDJUVGSSA-N,CCCCCCCCO/C(O)=C1\C(C)=NC(C)=C(C(=O)OCC)C1c1cccc([N+](=O)[O-])c1,ChEMBL,CHEMBL286157,,11,Train,1
PISXIDWEEZZHBI-UHFFFAOYSA-N,CCCCCCCCOC(=O)C1=C(C)NC(C)=C(C(=O)OCC)C1c1cccc([N+](=O)[O-])c1,PubChem,,13233216,11,Train,1
UHFNTHXCIOXLFJ-LVZFUZTISA-N,CO/C(O)=C1\C(C)=NC(C)=C(C(=O)OCC(C)C)C1c1cccc(C#N)c1,ChEMBL,CHEMBL317044,,10.88606,Train,1
NCPRMXIKQLZUHQ-UHFFFAOYSA-N,COC(=O)C1=C(C)NC(C)=C(C(=O)OCC(C)C)C1c1cccc(C#N)c1,PubChem,,44334381,10.88606,Train,1
OSCYLUQUDCIHGJ-KNTRCKAVSA-N,CO/C(O)=C1\C(C)=NC(C)=C(C(=O)OCC(C)C)C1c1ccccc1[N+](=O)[O-],ChEMBL,CHEMBL441428,,10.82391,Train,1
JLRNPSMEKJAHJA-FQDLYGRJSA-N,CCO/C(O)=C1\C(C)=NC(C)=C(C(=O)OCCO/C(O)=C2\C(C)=NC(C)=C(C(=O)OC(C)C)C2c2cccc([N+](=O)[O-])c2)C1c1ccc([N+](=O)[O-])cc1,ChEMBL,CHEMBL286598,,10.76955,Train,1
VHWXAWQMXATSTB-UHFFFAOYSA-N,CCOC(=O)C1=C(C)NC(C)=C(C(=O)OCCOC(=O)C2=C(C)NC(C)=C(C(=O)OC(C)C)C2c2cccc([N+](=O)[O-])c2)C1c1ccc([N+](=O)[O-])cc1,PubChem,,44283427,10.76955,Train,1
FBMLVNDXALQUNW-QVBKRIPPSA-N,CCOC(=O)C1=C(C)N=C(C)/C(=C(/O)OCCCCOC(=O)C2=C(C)N=C(C)/C(=C(/O)OCC)C2c2cccc([N+](=O)[O-])c2)C1c1cccc([N+](=O)[O-])c1,ChEMBL,CHEMBL37402,,10.65758,Train,1
PMBSFJOXJKFPBP-UHFFFAOYSA-N,CCOC(=O)C1=C(C)NC(C)=C(C(=O)OCCCCOC(=O)C2=C(C)NC(C)=C(C(=O)OCC)C2c2cccc([N+](=O)[O-])c2)C1c1cccc([N+](=O)[O-])c1,PubChem,,44283656,10.65758,Validation,1
DCZKYOPFILCJIP-KNTRCKAVSA-N,CO/C(O)=C1\C(C)=NC(C)=C(C(=O)OCC(C)C)C1c1ccccc1C(F)(F)F,ChEMBL,CHEMBL103806,,10.56864,Train,1
NREREUAMJGGNIM-DROOWKCOSA-N,CCOC(=O)C1=C(C)N=C(C)/C(=C(/O)OCCCCCCCCOC(=O)C2=C(C)N=C(C)/C(=C(/O)OCC)C2c2cccc([N+](=O)[O-])c2)C1c1cccc([N+](=O)[O-])c1,ChEMBL,CHEMBL37899,,10.52288,Train,1
RXZOQWWUOCDZHK-UHFFFAOYSA-N,CCOC(=O)C1=C(C)NC(C)=C(C(=O)OCCCCCCCCOC(=O)C2=C(C)NC(C)=C(C(=O)OCC)C2c2cccc([N+](=O)[O-])c2)C1c1cccc([N+](=O)[O-])c1,PubChem,,13069171,10.52288,Train,1
MSMPZIUSOLTPEU-NZQNVWLTSA-N,CCOC(=O)C1=C(C)N=C(C)/C(=C(/O)OCCCCCCCCCCOC(=O)C2=C(C)N=C(C)/C(=C(/O)OCC)C2c2cccc([N+](=O)[O-])c2)C1c1cccc([N+](=O)[O-])c1,ChEMBL,CHEMBL204616,,10.48149,Train,1
LENRFKLTOWYHFN-UHFFFAOYSA-N,CCOC(=O)C1=C(C)NC(C)=C(C(=O)OCCCCCCCCCCOC(=O)C2=C(C)NC(C)=C(C(=O)OCC)C2c2cccc([N+](=O)[O-])c2)C1c1cccc([N+](=O)[O-])c1,PubChem,,13069170,10.48149,Train,1
RZJSTKKJVDYIOA-ROFXQCCKSA-N,CCOC(=O)C1=C(C)N=C(C)/C(=C(/O)OCCCCCCOC(=O)C2=C(C)N=C(C)/C(=C(/O)OCC)C2c2cccc([N+](=O)[O-])c2)C1c1cccc([N+](=O)[O-])c1,ChEMBL,CHEMBL35368,,10.34679,Train,1
CKBQNMWEHMDPAO-UHFFFAOYSA-N,CCOC(=O)C1=C(C)NC(C)=C(C(=O)OCCCCCCOC(=O)C2=C(C)NC(C)=C(C(=O)OCC)C2c2cccc([N+](=O)[O-])c2)C1c1cccc([N+](=O)[O-])c1,PubChem,,13069167,10.34679,Validation,1
ITAOFSSOVNYZCS-UHFFFAOYSA-N,CCOC(=O)C1=C(C)NC(C)=C(C(=O)OCC)C1c1cccc([N+](=O)[O-])c1,ChEMBL,CHEMBL1099207,,10.33724,Train,1
HAUSPSIZKPPOQS-CSPHLAKSSA-N,CCOC(=O)C1=C(C)N=C(C)/C(=C(/O)OCCCCCCCCCCCCOC(=O)C2=C(C)N=C(C)/C(=C(/O)OCC)C2c2cccc([N+](=O)[O-])c2)C1c1cccc([N+](=O)[O-])c1,ChEMBL,CHEMBL285868,,10.30103,Train,1
DXCHRRWMUMFUHP-UHFFFAOYSA-N,CCOC(=O)C1=C(C)NC(C)=C(C(=O)OCCCCCCCCCCCCOC(=O)C2=C(C)NC(C)=C(C(=O)OCC)C2c2cccc([N+](=O)[O-])c2)C1c1cccc([N+](=O)[O-])c1,PubChem,,13121206,10.30103,Validation,1
RDJPOCSFSZJJMV-KNTRCKAVSA-N,CO/C(O)=C1\C(C)=NC(C)=C(C(=O)OCC(C)C)C1c1cccc(C(F)(F)F)c1,ChEMBL,CHEMBL321999,,9.85387,Train,1
ZUTMFNQHNWIJHW-UHFFFAOYSA-N,COC(=O)C1=C(C)NC(C)=C(C(=O)OCC(C)C)C1c1cccc(C(F)(F)F)c1,PubChem,,44334364,9.85387,Train,1
YGODTRTXGSNAQE-KNTRCKAVSA-N,CO/C(O)=C1\C(C)=NC(C)=C(C(=O)OCC(C)C)C1c1ccccc1,ChEMBL,CHEMBL105444,,9.60206,Train,1
PVHUJELLJLJGLN-UHFFFAOYSA-N,CCOC(=O)C1=C(C)NC(C)=C(C(=O)OC)C1c1cccc([N+](=O)[O-])c1,ChEMBL,CHEMBL475534,,9.60206,Train,1
RUBNIJAXJVIAKZ-UHFFFAOYSA-N,COC(=O)C1=C(C)NC(C)=C(C(=O)OCC(C)C)C1c1ccccc1,PubChem,,44334371,9.60206,Train,1
UXOKIKTXYVUMOP-CYINJJPBSA-N,CCOC(=O)C1=C(C)N=C(C)/C(=C(/O)OCCOC(=O)C2=C(C)N=C(C)/C(=C(/O)OCC)C2c2cccc([N+](=O)[O-])c2)C1c1cccc([N+](=O)[O-])c1,ChEMBL,CHEMBL35123,,9.40894,Validation,1
WZMYWDTUZITHHH-UHFFFAOYSA-N,CCOC(=O)C1=C(C)NC(C)=C(C(=O)OCCOC(=O)C2=C(C)NC(C)=C(C(=O)OCC)C2c2cccc([N+](=O)[O-])c2)C1c1cccc([N+](=O)[O-])c1,PubChem,,44283398,9.40894,Train,1
ZDUFPHWRWAGROF-NTCAYCPXSA-N,CCOC(=O)N1C(=S)N=C(C)/C(=C(/O)OCC)C1c1cccc(Cl)c1Cl,ChEMBL,CHEMBL329897,,8.82391,Validation,1
IMZDPHIRNMFYEE-KNTRCKAVSA-N,CO/C(O)=C1\C(C)=NC(C)=C(C(=O)OCC(C)C)C1c1ccc(F)cc1,ChEMBL,CHEMBL319033,,8.82391,Train,1
WFVTULAIGXQOIM-UHFFFAOYSA-N,COC(=O)C1=C(C)NC(C)=C(C(=O)OCC(C)C)C1c1ccc(F)cc1,PubChem,,44334386,8.82391,Train,1
UORNDJKBRZWDSE-UHFFFAOYSA-N,CCOC(=O)C1=C(C)NC(=S)N(C(=O)OCC)C1c1cccc(Cl)c1Cl,PubChem,,14788037,8.82391,Train,1
MNQUJICKNQOWHX-JQIJEIRASA-N,CCOC(=O)N1C(=S)N=C(C)/C(=C(/O)OC(C)C)C1c1cccc([N+](=O)[O-])c1,ChEMBL,CHEMBL89260,,8.76955,Train,1
NFWHFCDXPOUJJT-UHFFFAOYSA-N,CCOC(=O)N1C(=S)NC(C)=C(C(=O)OC(C)C)C1c1cccc([N+](=O)[O-])c1,PubChem,,14788040,8.76955,Train,1
TWUDJPWCVJDVTM-UHFFFAOYSA-N,COc1ccccc1-n1nc(OC2CC(C)(C)S(=O)(=O)C(C)(C)C2)cc1-c1ccc(Cl)cc1,PubChem,,73294763,8.72125,Train,1
MNQUJICKNQOWHX-DPEHCCBOSA-N,CCOC(=O)N1C(=S)N=C(C)/C(=C(/O)OC(C)C)[C@H]1c1cccc([N+](=O)[O-])c1,ChEMBL,CHEMBL2092901,,8.69897,Train,1
NFWHFCDXPOUJJT-OAHLLOKOSA-N,CCOC(=O)N1C(=S)NC(C)=C(C(=O)OC(C)C)[C@H]1c1cccc([N+](=O)[O-])c1,PubChem,,14788041,8.69897,Train,1
CQCHOVDIAHVBMQ-UHFFFAOYSA-N,COc1ccccc1-n1nc(OC2CC(C)(C)[S+]([O-])C(C)(C)C2)cc1-c1ccc(Cl)cc1,ChEMBL,CHEMBL3891844,,8.67778,Train,1
ZMRQKZANSRISRS-RTYFJBAXSA-N,CCC1=CC2C(C1)C[C@]2(CN)Cc1nn[nH]n1,BindingDB,,,8.67778,Train,1
SLHXCJDHRACRDL-LVZFUZTISA-N,CO/C(O)=C1\C(C)=NC(C)=C(C(=O)OCC(C)C)C1c1cccc(OC)c1,ChEMBL,CHEMBL102498,,8.63827,Validation,1
MCPPFGYTUNWWSU-UHFFFAOYSA-N,COC(=O)C1=C(C)NC(C)=C(C(=O)OCC(C)C)C1c1cccc(OC)c1,PubChem,,44334390,8.63827,Validation,1
LQNBSHGSEOTYDZ-UHFFFAOYSA-N,COc1ccccc1-n1nc(OC2CC(C)(C)S(=O)(=O)C(C)(C)C2)cc1-c1ccc(C#N)cc1,PubChem,,73295087,8.61979,Train,1
PXSFEJMJKYVWBB-UHFFFAOYSA-N,CCOC(=O)N1C(=O)NC(C)=C(C(=O)OC(C)C)C1c1cccc([N+](=O)[O-])c1,PubChem,,14788049,8.58503,Train,1
QXXZQMQZGXHZGR-UHFFFAOYSA-N,CCC(C)OC(=O)C1=C(C)NC(SC)=NC1c1cccc([N+](=O)[O-])c1,PubChem,,14211234,8.58503,Train,1
UUWBLIXLGUCSAG-NTCAYCPXSA-N,CCOC(=O)N1C(=S)N=C(C)/C(=C(/O)OCC)C1c1cccc([N+](=O)[O-])c1Cl,ChEMBL,CHEMBL84906,,8.56864,Train,1
ATLXNZGPMCSQAI-UHFFFAOYSA-N,CCOC(=O)C1=C(C)NC(=S)N(C(=O)OCC)C1c1cccc([N+](=O)[O-])c1Cl,PubChem,,14788038,8.56864,Train,1
ICJDZRKVAKAOCS-KNTRCKAVSA-N,CO/C(O)=C1\C(C)=NC(C)=C(C(=O)OCC(C)C)C1c1ccc(Cl)cc1,ChEMBL,CHEMBL318521,,8.55284,Train,1
KWQXCLAHRRZOEL-UHFFFAOYSA-N,COC(=O)C1=C(C)NC(C)=C(C(=O)OCC(C)C)C1c1ccc(Cl)cc1,PubChem,,44334376,8.55284,Train,1
VKQFCGNPDRICFG-UHFFFAOYSA-N,COC(=O)C1=C(C)NC(C)=C(C(=O)OCC(C)C)C1c1ccccc1[N+](=O)[O-],ChEMBL,CHEMBL1726,,8.52288,Train,1
TYXGRJPOMQEXJV-UHFFFAOYSA-N,COc1ccc(-c2cc(OC3CC(C)(C)S(=O)(=O)C(C)(C)C3)nn2-c2ccccc2OC)cc1,PubChem,,73294760,8.52288,Train,1
UQDUODRSYJTCBO-FYWRMAATSA-N,CCOC(=O)N1C(=S)N=C(C)/C(=C(/O)OCC)C1c1ccccc1[N+](=O)[O-],ChEMBL,CHEMBL86415,,8.50864,Train,1
WGPOPQHZPACJGN-UHFFFAOYSA-N,CCOC(=O)C1=C(C)NC(=S)N(C(=O)OCC)C1c1ccccc1[N+](=O)[O-],PubChem,,14788032,8.50864,Validation,1
WQYRJJHWYTWPPG-WYMLVPIESA-N,CCO/C(O)=C1\C(C)=NC(=S)N(C(=O)OC)C1c1cccc([N+](=O)[O-])c1,ChEMBL,CHEMBL89904,,8.4437,Train,1
IDEXPWJBAYLFSD-UHFFFAOYSA-N,CCOC(=O)C1=C(C)NC(=S)N(C(=O)OC)C1c1cccc([N+](=O)[O-])c1,PubChem,,14788043,8.4437,Train,1
GODISNLWEDTPGJ-UHFFFAOYSA-N,CCOC(=O)C1=C(C)NC(SCC)=C(C(=O)OCC)C1c1cccc([N+](=O)[O-])c1,PubChem,,44284918,8.39794,Validation,1
QSQGMIGDWUEHHS-AZPGRJICSA-N,CCOC(=O)C1=C(C)N=C(C)/C(=C(/O)OCC)C1c1c(C)noc1CCc1cccc2ccccc12,ChEMBL,CHEMBL104455,,8.38616,Train,1
IQLHMHYZNGJXCC-UHFFFAOYSA-N,CCOC(=O)C1=C(C)NC(C)=C(C(=O)OCC)C1c1c(C)noc1CCc1cccc2ccccc12,PubChem,,10005721,8.38616,Train,1
ZMRQKZANSRISRS-CKYFFXLPSA-N,CCC1=C[C@@H]2[C@H](C1)C[C@]2(CN)Cc1nn[nH]n1,BindingDB,,,8.37675,Train,1
MWXLENXLHDCMRP-UHFFFAOYSA-N,CSC1=NC2C(=C(C)N1)C(=O)OCCCCCSc1c2cccc1[N+](=O)[O-],PubChem,,9931234,8.30103,Validation,1
FRGPFJVINLDQIJ-UHFFFAOYSA-N,COc1ccccc1-n1nc(OC2CC(C)(C)SC(C)(C)C2)cc1-c1ccc(Cl)cc1,PubChem,,73294762,8.22915,Train,1
JWZPZXKJEUAZFV-UHFFFAOYSA-N,COc1ccc(-c2cc(OC3CC(C)(C)SC(C)(C)C3)nn2-c2ccccc2OC)cc1,ChEMBL,CHEMBL3890916,,8.22185,Train,1
HACCLYCGUNUBJY-UHFFFAOYSA-N,COc1ccc(-c2cc(OC3CC(C)(C)[S+]([O-])C(C)(C)C3)nn2-c2ccccc2OC)cc1,ChEMBL,CHEMBL3965812,,8.21824,Train,1
LSXRJFMSLRBEHB-RMLRFSFXSA-N,CCOC(=O)C1=C(C)N=C(C)/C(=C(/O)OCC)C1c1c(-c2ccccc2)noc1CCc1cccc(Br)c1,ChEMBL,CHEMBL325811,,8.16178,Train,1
CSSNDKFMGJPRRW-UHFFFAOYSA-N,CCOC(=O)C1=C(C)NC(C)=C(C(=O)OCC)C1c1c(-c2ccccc2)noc1CCc1cccc(Br)c1,PubChem,,44335620,8.16178,Train,1
RIAAESBLPRZGAK-UHFFFAOYSA-N,CC(C)Oc1ccccc1-n1nc(OC2CCN(S(=O)(=O)C(C)C)CC2)cc1-c1ccc(Cl)cc1,PubChem,,73297181,8.1549,Train,1
AJCGCPQKWYQPNQ-UHFFFAOYSA-N,COc1ccccc1-n1nc(OC2CC(C)(C)OC(C)(C)C2)cc1-c1ccc(C#N)cc1,ChEMBL,CHEMBL3969562,,8.13077,Validation,1
QUYJROSEXGBONG-UHFFFAOYSA-N,COc1ccccc1-n1nc(OC2CN(S(=O)(=O)c3c(C)noc3C)C2)cc1-c1ccc(Cl)cc1,ChEMBL,CHEMBL3983323,,8.09691,Train,1
OXIUFIQCDNTAED-UHFFFAOYSA-N,COc1ccccc1-n1nc(OC2CCN(S(=O)(=O)C3CC3)CC2)cc1-c1ccc(Cl)cc1,ChEMBL,CHEMBL3942512,,8.04576,Train,1
YEOAYGDVMJPHGG-UHFFFAOYSA-N,COc1ccc(-c2cc(OC3CC(C)(C)OC(C)(C)C3)nn2-c2ccccc2OC)cc1,ChEMBL,CHEMBL3922498,,8.02687,Train,1
OSYITGFTDTWGJW-UHFFFAOYSA-N,COc1ccccc1-n1nc(OC2CC(C)(C)C(=O)C(C)(C)C2)cc1-c1ccc(Cl)cc1,ChEMBL,CHEMBL3897303,,8.01323,Train,1
IDBHHAZJRAVAIA-DYTRJAOYSA-N,CCO/C(O)=C1\C(C)=NC(=S)N(C(=O)c2ccc(OC)cc2)C1c1cccc([N+](=O)[O-])c1,ChEMBL,CHEMBL315125,,7.95861,Train,1
UGCISYLUHGKJKT-HDICACEKSA-N,COc1ccccc1-n1nc(O[C@H]2CC[C@@H](NC(=O)C(F)(F)F)CC2)cc1-c1ccc(Cl)cc1,ChEMBL,CHEMBL3948329,,7.95861,Train,1
HINITYQTEVPGSQ-UHFFFAOYSA-N,CCOC(=O)C1=C(C)NC(=S)N(C(=O)c2ccc(OC)cc2)C1c1cccc([N+](=O)[O-])c1,PubChem,,14788045,7.95861,Train,1
UGCISYLUHGKJKT-UHFFFAOYSA-N,COc1ccccc1-n1nc(OC2CCC(NC(=O)C(F)(F)F)CC2)cc1-c1ccc(Cl)cc1,PubChem,,73296843,7.95861,Train,1
YUORQZNVVXGLHT-UHFFFAOYSA-N,CSC1=NC(c2cccc([N+](=O)[O-])c2)C(C(=O)OC(C)C)=C(C)N1,ChEMBL,CHEMBL2398396,,7.92082,Train,1
SRGBARMXFGWMTF-UHFFFAOYSA-N,COc1ccccc1-n1nc(OC2CC(C)(C)SC(C)(C)C2)cc1-c1ccc(C#N)cc1,ChEMBL,CHEMBL3898359,,7.92082,Train,1
XQLWNAFCTODIRK-UHFFFAOYSA-N,COc1ccc(CCN(C)CCCC(C#N)(c2cc(OC)c(OC)c(OC)c2)C(C)C)cc1OC,ChEMBL,CHEMBL51149,,7.85387,Train,1
IXIXBYHIWIUFLB-JQIJEIRASA-N,CCO/C(O)=C1\C(C)=NC(=S)N(C(=O)OC(C)C)C1c1cccc([N+](=O)[O-])c1,ChEMBL,CHEMBL330707,,7.85387,Train,1
XOWJYBLIIPFBRR-UHFFFAOYSA-N,CCOC(=O)C1=C(C)NC(=S)N(C(=O)OC(C)C)C1c1cccc([N+](=O)[O-])c1,PubChem,,14788044,7.85387,Validation,1
YZIYDQGNWSHQSD-UHFFFAOYSA-N,COc1ccccc1-n1nc(OC2CN(C(=O)N(C)OC)C2)cc1-c1ccc(Cl)cc1,PubChem,,73297182,7.85387,Validation,1
ZMYGBEMRHGJETO-UHFFFAOYSA-N,COc1ccccc1-n1nc(OC2CC(C)(C)[S+]([O-])C(C)(C)C2)cc1-c1ccc(C#N)cc1,PubChem,,73295088,7.85387,Train,1
CNCRGRBWUATVCP-UHFFFAOYSA-N,COc1ccccc1-n1nc(OC2CCN(C(=O)N(C)C)CC2)cc1-c1ccc(Cl)cc1,PubChem,,73296548,7.85387,Train,1
NOCIOWGNSBLDHC-UHFFFAOYSA-N,COc1ccccc1-n1nc(OC2CCOCC2)cc1-c1ccc(Cl)cc1,PubChem,,73296550,7.82391,Train,1
NWSFHJWTWBRJFA-UHFFFAOYSA-N,COc1ccccc1-n1nc(OC2CCN(S(C)(=O)=O)CC2)cc1-c1ccc(Cl)cc1,PubChem,,73296549,7.82391,Train,1
UJPHXNFMWVCEBX-FYWRMAATSA-N,CCOC(=O)N1C(=S)N=C(C)/C(=C(/O)OCC)C1c1cccc([N+](=O)[O-])c1,ChEMBL,CHEMBL440695,,7.76955,Train,1
NVLFDWLIOVSYAF-FYWRMAATSA-N,CCOC(=O)N1C(=S)N=C(C)/C(=C(/O)OCC)C1c1ccccc1Cl,ChEMBL,CHEMBL315298,,7.76955,Validation,1
CTTOBEKZDJFKJO-UHFFFAOYSA-N,CCOC(=O)C1=C(C)NC(=S)N(C(=O)OCC)C1c1cccc([N+](=O)[O-])c1,PubChem,,14788031,7.76955,Train,1
HDEXHJIVHIXPQH-UHFFFAOYSA-N,CCOC(=O)C1=C(C)NC(=S)N(C(=O)OCC)C1c1ccccc1Cl,PubChem,,14788034,7.76955,Train,1
RKTLPLNLALGPKT-OQKWZONESA-N,CCOC(=O)C1=C(C)N=C(C)/C(=C(/O)OCC)C1c1c(-c2ccccc2)noc1C,ChEMBL,CHEMBL305903,,7.74958,Train,1
IOQVTCYDCVHJGZ-UHFFFAOYSA-N,CCOC(=O)C1=C(C)NC(C)=C(C(=O)OCC)C1c1c(-c2ccccc2)noc1C,PubChem,,341863,7.74958,Train,1
PIRYLGGXEKYRTL-ICFOKQHNSA-N,CSC1=NC2/C(=C(/O)OCCCCCSc3ccccc32)C(C)=N1,ChEMBL,CHEMBL282706,,7.74473,Validation,1
WTLRCBMJOQVEEU-UHFFFAOYSA-N,CSC1=NC2C(=C(C)N1)C(=O)OCCCCCSc1ccccc12,PubChem,,10044215,7.74473,Validation,1
XNZCWVGSRAJBGB-KDJFERLWSA-N,CCOC(=O)C1=C(C)N=C(C)/C(=C(/O)OCC)C1c1c(C)noc1CCc1ccc(-c2ccccc2)cc1,ChEMBL,CHEMBL104082,,7.73993,Train,1
WHZPRVUXASPXRI-UHFFFAOYSA-N,CCOC(=O)C1=C(C)NC(C)=C(C(=O)OCC)C1c1c(C)noc1CCc1ccc(-c2ccccc2)cc1,PubChem,,11799979,7.73993,Train,1
UGDTYNSGMQYKGM-AZPGRJICSA-N,CCOC(=O)C1=C(C)N=C(C)/C(=C(/O)OCC)C1c1c(C)noc1CCc1ccc2ccccc2c1,ChEMBL,CHEMBL317651,,7.69465,Train,1
PCAJISYVPPEENL-UHFFFAOYSA-N,CCOC(=O)C1=C(C)NC(C)=C(C(=O)OCC)C1c1c(C)noc1CCc1ccc2ccccc2c1,PubChem,,10838711,7.69465,Train,1
CLSLOWKHEUDMRP-UHFFFAOYSA-N,CC(C)Oc1ccccc1-n1nc(OC2CCN(S(C)(=O)=O)CC2)cc1-c1ccc(Cl)cc1,ChEMBL,CHEMBL3952905,,7.66756,Validation,1
CRLMTSNPZQVYBD-DARPEHSRSA-N,CCOC(=O)C1=C(C)N=C(C)/C(=C(/O)OCC)C1c1c(C)noc1CCc1ccccc1,ChEMBL,CHEMBL323782,,7.64016,Train,1
CABGYCJGEIGPFK-UHFFFAOYSA-N,CCOC(=O)C1=C(C)NC(C)=C(C(=O)OCC)C1c1c(C)noc1CCc1ccccc1,PubChem,,10694318,7.64016,Train,1
ZTNBOUBFOFURTR-UHFFFAOYSA-N,COc1ccccc1-n1nc(OC2CCN(S(=O)(=O)C(F)(F)F)CC2)cc1-c1ccc(Cl)cc1,ChEMBL,CHEMBL3972896,,7.61979,Validation,1
LFBPUPJLIZDNMB-FYWRMAATSA-N,CCOC(=O)N1C(=S)N=C(C)/C(=C(/O)OCC)C1c1ccccc1C(F)(F)F,ChEMBL,CHEMBL87921,,7.58503,Train,1
ZVUQWPQXEDQMQO-UHFFFAOYSA-N,CCOC(=O)C1=C(C)NC(OCC)=C(C(=O)OCC)C1c1cccc([N+](=O)[O-])c1,PubChem,,44284652,7.58503,Train,1
MVDUTUJNRHYLDC-UHFFFAOYSA-N,CCOC(=O)C1=C(C)NC(=S)N(C(=O)OCC)C1c1ccccc1C(F)(F)F,PubChem,,14788036,7.58503,Validation,1
BDMBSHGVIWYMFZ-UHFFFAOYSA-N,COc1ccccc1-n1nc(OC2CCN(C(C)=O)CC2)cc1-c1ccc(Cl)cc1,PubChem,,73296547,7.58503,Train,1
BVNRYPXFJUABAB-UHFFFAOYSA-N,COc1ccccc1-n1nc(OC2CCC(=O)CC2)cc1-c1ccc(Cl)cc1,ChEMBL,CHEMBL3958844,,7.55284,Train,1
BDZDJFPQRUGPOF-UHFFFAOYSA-N,COc1ccccc1-n1nc(OC2CCSCC2)cc1-c1ccc(Cl)cc1,PubChem,,73296686,7.55284,Validation,1
KHNYTFYQPKVXKP-QNLPYAOMSA-N,[2H]C1(c2c(C)noc2C)C(C(=O)OCC)=C(C)NC(C)=C1C(=O)OCC,ChEMBL,CHEMBL2114104,,7.53462,Train,1
KNZXTLGWVGHSPA-SAPNQHFASA-N,CCOC(=O)C1=C(C)N=C(C)/C(=C(/O)OCC)C1c1c(C)noc1C,ChEMBL,CHEMBL74944,,7.5236,Train,1
KHNYTFYQPKVXKP-UHFFFAOYSA-N,CCOC(=O)C1=C(C)NC(C)=C(C(=O)OCC)C1c1c(C)noc1C,PubChem,,341862,7.5236,Train,1
GTQDBWCKNHFWKA-SXOBJVMXSA-N,CCOC(=O)[C@@H]1[C@H]2/C(=C(\O)OCC)C(C)=N[C@]1(C)Sc1ccc([N+](=O)[O-])cc12,ChEMBL,CHEMBL2110302,,7.52288,Train,1
VLKBVXIFTQLGCO-UHFFFAOYSA-N,COc1ccccc1-n1nc(OC2CCS(=O)(=O)CC2)cc1-c1ccc(Cl)cc1,ChEMBL,CHEMBL3985660,,7.52288,Train,1
NRQIYYZXZYUWFB-UHFFFAOYSA-N,COc1ccccc1-n1nc(OC2CCN(C(=O)OC(C)(C)C)CC2)cc1-c1ccc(Cl)cc1,ChEMBL,CHEMBL3978200,,7.52288,Validation,1
XXSLHSFIBBYWOI-JTDSTZFVSA-N,CCOC(=O)C1=C(C)N[C@]2(C)Sc3ccc([N+](=O)[O-])cc3[C@H]1[C@H]2C(=O)OCC,PubChem,,13567332,7.52288,Train,1
MVUOEDQURQKALH-UHFFFAOYSA-N,COc1ccccc1-n1nc(OC2CCN(CC(F)(F)F)CC2)cc1-c1ccc(Cl)cc1,ChEMBL,CHEMBL3896861,,7.50864,Train,1
PSVKDIGKMXLUQF-UHFFFAOYSA-N,COc1ccccc1-n1nc(OC2CN(S(C)(=O)=O)C2)cc1-c1ccc(Cl)cc1,PubChem,,73297179,7.50864,Train,1
IXSXSOMMKYUETH-UHFFFAOYSA-N,COc1ccccc1-n1nc(OC2CCN(C(=O)C(F)(F)F)CC2)cc1-c1ccc(Cl)cc1,ChEMBL,CHEMBL3962403,,7.50307,Train,1
QRGMHEOPAKSEPT-UHFFFAOYSA-N,COc1ccccc1-n1nc(OC2CCN(S(=O)(=O)C(C)C)CC2)cc1-c1ccc(Cl)cc1,PubChem,,73297014,7.4437,Validation,1
FFLKWIPCJQAAJX-UHFFFAOYSA-N,COc1ccccc1-n1nc(OC2CN(S(=O)(=O)C(C)C)C2)cc1-c1ccc(Cl)cc1,PubChem,,73297178,7.4437,Validation,1
MUMGGOZAMZWBJJ-DYKIIFRCSA-N,C[C@]12CC[C@H]3[C@@H](CCC4=CC(=O)CC[C@@]43C)[C@@H]1CC[C@@H]2O,PubChem,,6013,7.44129,Train,1
IYDRYGWSROLZSY-UHFFFAOYSA-N,CCOC(=O)C1=C(C)NC(C)=C(C(=O)OCC)C1c1c(-c2ccc(Br)cc2)noc1C,PubChem,,137637833,7.43997,Train,1
UMDPFCNSBNGNBU-UHFFFAOYSA-N,COc1ccccc1-n1nc(OC2CC(C)(C)C(O)C(C)(C)C2)cc1-c1ccc(Cl)cc1,PubChem,,73294921,7.40894,Train,1
QCUCGGLZTFSKRO-QCWLDUFUSA-N,CCOC(=O)C1=C(C)N=C(C)/C(=C(/O)OCC)C1c1c(-c2ccccc2)noc1CCc1cccc(OC)c1,ChEMBL,CHEMBL539426,,7.4034,Train,1
ZOYGTTVHKCVCDZ-UHFFFAOYSA-N,CCOC(=O)C1=C(C)NC(C)=C(C(=O)OCC)C1c1c(-c2ccccc2)noc1CCc1cccc(OC)c1,PubChem,,44335619,7.4034,Train,1
QWTOYMMBYIZUDZ-UHFFFAOYSA-N,COc1ccccc1-n1nc(OC2CCC(F)(F)CC2)cc1-c1ccc(Cl)cc1,PubChem,,73296846,7.38722,Train,1
ZWJKOWFFHJCZRL-UHFFFAOYSA-N,CCc1ccccc1-n1nc(OC2CCN(C(=O)OC(C)(C)C)CC2)cc1-c1ccc(Cl)cc1,PubChem,,73296848,7.30103,Train,1
HYIMSNHJOBLJNT-UHFFFAOYSA-N,COC(=O)C1=C(C)NC(C)=C(C(=O)OC)C1c1ccccc1[N+](=O)[O-],ChEMBL,CHEMBL193,,7.25964,Train,1
DTPINYZLNUJBJO-OBGWFSINSA-N,CCOC(=O)C1=C(C)N=C(C)/C(=C(/O)OCC)C1c1c(C)noc1CC,ChEMBL,CHEMBL72620,,7.24222,Train,1
RVNXBVUFXGCWGL-UHFFFAOYSA-N,CCOC(=O)C1=C(C)NC(C)=C(C(=O)OCC)C1c1c(C)noc1CC,PubChem,,13181323,7.24222,Train,1
XNUZTIQWJMXUHN-OYRHEFFESA-N,COc1ccccc1-n1nc(O[C@H]2CC[C@@H](NC(=O)OC(C)(C)C)CC2)cc1-c1ccc(Cl)cc1,ChEMBL,CHEMBL3956991,,7.20761,Train,1
XNUZTIQWJMXUHN-UHFFFAOYSA-N,COc1ccccc1-n1nc(OC2CCC(NC(=O)OC(C)(C)C)CC2)cc1-c1ccc(Cl)cc1,PubChem,,73296691,7.20761,Train,1
AZSLSVQTOKQPLV-UHFFFAOYSA-N,COc1ccccc1-n1nc(OC2CN(C(=O)OC(C)(C)C)C2)cc1-c1ccc(Cl)cc1,ChEMBL,CHEMBL3965293,,7.17393,Train,1
HMVLNQGQWYEOQC-RMLRFSFXSA-N,CCOC(=O)C1=C(C)N=C(C)/C(=C(/O)OCC)C1c1c(-c2ccccc2)noc1CCc1ccccc1,ChEMBL,CHEMBL107213,,7.13727,Train,1
DQZHDTLRGJKFAP-UHFFFAOYSA-N,CCOC(=O)C1=C(C)NC(C)=C(C(=O)OCC)C1c1c(-c2ccccc2)noc1CCc1ccccc1,PubChem,,11799554,7.13727,Train,1
CHDZSBDHFQDYBD-YYADALCUSA-N,CCCCCc1onc(-c2ccccc2)c1C1C(C(=O)OCC)=C(C)N=C(C)/C1=C(/O)OCC,ChEMBL,CHEMBL72717,,7.10679,Train,1
QKEPYKVCOWFCDP-UHFFFAOYSA-N,COc1ccccc1-n1nc(OC2CN(C(=O)c3ccccc3)C2)cc1-c1ccc(Cl)cc1,ChEMBL,CHEMBL3964411,,7.07058,Train,1
YFOFVZPUHCDYSB-FYWRMAATSA-N,CCOC(=O)N1C(=S)N=C(C)/C(=C(/O)OCC)C1c1cccc(Cl)c1,ChEMBL,CHEMBL313446,,7.05552,Train,1
XQGXVIAIILXRFC-UHFFFAOYSA-N,CCOC(=O)C1=C(C)NC(=S)N(C(=O)OCC)C1c1cccc(Cl)c1,PubChem,,14788033,7.05552,Train,1
AIPUGYVKGPVRPC-KDJFERLWSA-N,CCOC(=O)C1=C(C)N=C(C)/C(=C(/O)OCC)C1c1c(C)noc1CCc1ccccc1-c1ccccc1,ChEMBL,CHEMBL105893,,7.04048,Train,1
ONGHNSHAGALNCD-UHFFFAOYSA-N,CCOC(=O)C1=C(C)NC(C)=C(C(=O)OCC)C1c1c(C)noc1CCc1ccccc1-c1ccccc1,PubChem,,10577739,7.04048,Train,1
RTFHWULQHQDWPK-UHFFFAOYSA-N,CCc1ccccc1-n1nc(OC2CCN(S(C)(=O)=O)CC2)cc1-c1ccc(Cl)cc1,ChEMBL,CHEMBL3953031,,7.00656,Train,1
OKGUKEIPHKTCKR-WYMLVPIESA-N,CCOC(=O)N1C(=S)N=C(C)/C(=C(/O)OC)C1c1cccc([N+](=O)[O-])c1,ChEMBL,CHEMBL88191,,7,Train,1
DRAFQLUUZHHPFJ-RUZDIDTESA-N,CCOC(=O)C1=C(C)NC(C)=C(C#N)[C@@H]1c1cnccc1-c1ccc2ccccc2c1,ChEMBL,CHEMBL3392230,,7,Train,1
LWEDQAMECOOTLU-UHFFFAOYSA-N,CCOC(=O)N1C(=S)NC(C)=C(C(=O)OC)C1c1cccc([N+](=O)[O-])c1,PubChem,,14788039,7,Validation,1
UIAGMCDKSXEBJQ-UHFFFAOYSA-N,COCCOC(=O)C1=C(C)NC(C)=C(C(=O)OC(C)C)C1c1cccc([N+](=O)[O-])c1,ChEMBL,CHEMBL1428,,6.95861,Train,1
KFBQDAJEXXORSH-UHFFFAOYSA-N,CCOC(=O)C1=C(C)NC(C)=C(C(=O)OCc2cn(CCc3ccccc3)nn2)C1c1c(-c2ccc(Br)cc2)noc1C,ChEMBL,CHEMBL4087156,,6.8962,Validation,1
FOBFICSYUINKAA-XMMPIXPASA-N,CCCCC1(CCCC)N[C@@H](c2nc(-c3ccccc3)c[nH]2)Cc2c1[nH]c1ccccc21,ChEMBL,CHEMBL2069499,,6.89279,Validation,1
CYYZSIFPMQWUQM-UHFFFAOYSA-N,CCOC(=O)C1=C(C)NC(SC)=NC1c1cccc([N+](=O)[O-])c1,ChEMBL,CHEMBL39925,,6.88606,Train,1
HPTXPZUMVHDFCW-UHFFFAOYSA-N,CCOC(=O)C1=C(C)NC(=O)N(C(=O)OCC)C1c1cccc([N+](=O)[O-])c1,PubChem,,13934401,6.85387,Train,1
GERVYTOORWZGGL-RPFOIHMYSA-N,CN(CCCc1nc2ccccc2[nH]1)CC[C@@]1(OC(=O)C2CC2)C[C@@H]2CC[C@H]1c1ccccc12,PubChem,,122187213,6.85387,Train,1
PTQTUHGWGGIJET-NTCAYCPXSA-N,COC(=O)C1=C(C)N=C(C)/C(=C(/O)OC)C1c1c(C)noc1C,ChEMBL,CHEMBL73647,,6.83121,Train,1
YVJFZLQDGVKDKH-UHFFFAOYSA-N,COC(=O)C1=C(C)NC(C)=C(C(=O)OC)C1c1c(C)noc1C,PubChem,,14762901,6.83121,Train,1
HCEKERAQUTWNGZ-QRWXSKHGSA-N,CC(C)C(=O)O[C@]1(CCN(C)CCCc2nc3ccccc3[nH]2)C[C@@H](OCc2ccccc2)c2cc(F)ccc2[C@@H]1C(C)C,PubChem,,122187208,6.80688,Validation,1
ZMRQKZANSRISRS-CBINBANVSA-N,CCC1=CC2C(C1)C[C@@]2(CN)Cc1nn[nH]n1,BindingDB,,,6.78252,Train,1
YRBFVPQLCITKOD-JQTYSHOSSA-N,CCCC[C@@H]1C[C@@](CCN(C)CCCc2nc3ccccc3[nH]2)(OC(=O)COC)[C@@H](C(C)C)c2ccc(F)cc21,ChEMBL,CHEMBL3609824,,6.76195,Train,1
YVUQSNJEYSNKRX-UHFFFAOYSA-N,O=c1[nH]c2ccccc2n1C1CCN(CCCC(c2ccc(F)cc2)c2ccc(F)cc2)CC1,ChEMBL,CHEMBL1423,,6.6968,Train,1
HBNPJJILLOYFJU-VMPREFPWSA-N,COCC(=O)O[C@]1(CCN(C)CCCc2nc3ccccc3[nH]2)CCc2cc(F)ccc2[C@@H]1C(C)C,ChEMBL,CHEMBL45816,,6.69322,Validation,1
RJHIEGFHLJUYSA-UHFFFAOYSA-N,CCOC(=O)C1=C(C)NC(C)=C(C(=O)OCC)C1c1c(-c2cccc(Br)c2)noc1C,ChEMBL,CHEMBL4074268,,6.68194,Train,1
HCEKERAQUTWNGZ-XIWYQXSXSA-N,CC(C)C(=O)O[C@]1(CCN(C)CCCc2nc3ccccc3[nH]2)C[C@H](OCc2ccccc2)c2cc(F)ccc2[C@@H]1C(C)C,ChEMBL,CHEMBL3608316,,6.64782,Train,1
KPTVIFYXSIIULZ-OAQYLSRUSA-N,CCOC(=O)C1=C(C)NC(C)=C(C#N)[C@@H]1c1cnccc1-c1ccccc1,ChEMBL,CHEMBL3392227,,6.60206,Validation,1
FUOPUIXPFABMRT-LMNKAFMYSA-N,CCOC(=O)[C@H]1[C@H]2/C(=C(\O)OCC)C(C)=N[C@]1(C)Sc1c2cccc1[N+](=O)[O-],ChEMBL,CHEMBL2110168,,6.60206,Train,1
AZIYPFHVSUAJQK-SPYBWZPUSA-N,CCOC(=O)C1=C(C)N[C@]2(C)Sc3c(cccc3[N+](=O)[O-])[C@H]1[C@@H]2C(=O)OCC,PubChem,,13567338,6.60206,Train,1
RGUQEIQNPDMTLR-FYWRMAATSA-N,CCO/C(O)=C1\C(C)=NC(=S)N(C(=O)N(C)C)C1c1cccc([N+](=O)[O-])c1,ChEMBL,CHEMBL88449,,6.56864,Train,1
XXBABGQIHWRAEY-UHFFFAOYSA-N,CCOC(=O)C1=C(C)NC(=S)N(C(=O)N(C)C)C1c1cccc([N+](=O)[O-])c1,PubChem,,14788046,6.56864,Train,1
PFMILRPAGKLHTO-RUZDIDTESA-N,CCOC(=O)C1=C(C)NC(C)=C(C#N)[C@@H]1c1cnccc1-c1cccc2ccccc12,PubChem,,44318895,6.56864,Train,1
NZSMHVGBSNDKDO-FYWRMAATSA-N,CCOC(=O)N1C(=S)N=C(C)/C(=C(/O)OCC)C1c1cccc(C(F)(F)F)c1,ChEMBL,CHEMBL315839,,6.55284,Train,1
ZZMIGJLFGMAMOW-UHFFFAOYSA-N,CCOC(=O)C1=C(C)NC(=S)N(C(=O)OCC)C1c1cccc(C(F)(F)F)c1,PubChem,,14788035,6.55284,Train,1
GALCSZPFCCZIBC-UHFFFAOYSA-N,N#Cc1ccc(CCOC(=O)NC2CCN(CCCC(c3ccc(F)cc3)c3ccc(F)cc3)CC2)cc1,ChEMBL,CHEMBL116463,,6.54668,Train,1
QTWUJCCPMWZOOB-UHFFFAOYSA-N,CCOC(=O)C1=C(C)Nc2nc3c(c(N)c2C1c1ccc([N+](=O)[O-])cc1)CCCC3,ChEMBL,CHEMBL219405,,6.52288,Validation,1
CWDRVGKNJWGVJS-UHFFFAOYSA-N,CCOC(=O)C1=C(C)Nc2nc3c(c(N)c2C1c1cccc([N+](=O)[O-])c1)CCCC3,ChEMBL,CHEMBL220294,,6.52288,Train,1
JYCNMGJHVNKCCF-UHFFFAOYSA-N,CCOC(=O)C1=C(C)Nc2nc3c(c(N)c2C1c1ccncc1)CCCC3,ChEMBL,CHEMBL491360,,6.52288,Train,1
ONYCNUPACZTCCG-UHFFFAOYSA-N,CCOC(=O)C1=C(C)Nc2nc3c(c(N)c2C1c1cccnc1)CCCC3,ChEMBL,CHEMBL491359,,6.52288,Validation,1
AAEYHJGXSUBKQJ-UHFFFAOYSA-N,CCOC(=O)C1=C(C)Nc2nc3c(c(N)c2C1c1ccc(OC)c(OC)c1)CCCC3,ChEMBL,CHEMBL491358,,6.52288,Validation,1
SCKWNQRIZNNYFA-UHFFFAOYSA-N,CCOC(=O)C1=C(C)Nc2nc3c(c(N)c2C1c1cccc(OC)c1)CCCC3,ChEMBL,CHEMBL218940,,6.52288,Train,1
RDDFBAPIHCKOCC-UHFFFAOYSA-N,CCOC(=O)C1=C(C)Nc2nc3c(c(N)c2C1c1ccc(F)cc1)CCCC3,ChEMBL,CHEMBL219172,,6.52288,Train,1
CMKNFFUUKQPJOF-LETIRJCYSA-N,c1ccc(-c2cnc([C@H]3Cc4c([nH]c5ccccc45)C(C4CCCCC4)N3)[nH]2)cc1,PubChem,,11069321,6.51145,Train,1
NXCFKLLOEZTCHO-HKOYGPOVSA-N,CCOC(=O)C1=C(C)N=C(C)/C(=C(/O)OCC)C1c1c(-c2ccccc2)noc1C(C)C,ChEMBL,CHEMBL75770,,6.47431,Validation,1
ZPEQBFLITYEORL-UHFFFAOYSA-N,CCOC(=O)C1=C(C)NC(C)=C(C(=O)OCC)C1c1c(-c2ccccc2)noc1C(C)C,PubChem,,13999767,6.47431,Validation,1
FRFNLRPRBZSCOW-JDXGNMNLSA-N,CC(C)C(=O)O[C@]1(CCN(C)CCCc2nc3ccccc3[nH]2)CCc2cc(F)ccc2[C@@H]1C(C)C,PubChem,,10117450,6.45967,Train,1
GGMRORCMNUZGCM-UHFFFAOYSA-N,COc1ccc(CCN(C)C2CCCC(C(C#N)(c3ccc(OC)c(OC)c3)C(C)C)C2)cc1OC,ChEMBL,CHEMBL138302,,6.44977,Train,1
OZBPEBNJOSXIBE-SKYBXZRDSA-N,COc1cccc2nc(CCCN(C)CC[C@]3(OC(=O)C(C)C)C[C@H]4CCC[C@@H]3c3ccccc34)[nH]c12,ChEMBL,CHEMBL3609819,,6.41229,Train,1
DXHGSDDDNQXAEJ-HDICACEKSA-N,COc1ccccc1-n1nc(O[C@H]2CC[C@@H](N)CC2)cc1-c1ccc(Cl)cc1,ChEMBL,CHEMBL3974355,,6.39794,Train,1
DXHGSDDDNQXAEJ-UHFFFAOYSA-N,COc1ccccc1-n1nc(OC2CCC(N)CC2)cc1-c1ccc(Cl)cc1,PubChem,,90199368,6.39794,Train,1
HQBVENHUOCSWIS-DEDOGFMKSA-N,CO[C@H]1C[C@@](CCN(C)CCCc2nc3ccccc3[nH]2)(OC(=O)C(C)C)[C@@H](C(C)C)c2ccc(F)cc21,PubChem,,122187207,6.39469,Train,1
MLDXNVWBLNAZSD-OGQCEUPSSA-N,CC(C)C(=O)O[C@@]1(CCN(C)CCCc2nc3ccccc3[nH]2)C[C@H]2CC[C@@H]1c1ccccc12,PubChem,,67447319,6.37263,Validation,1
ITXUJDTVHQVSLI-BTIIJPOSSA-N,CC(C)C(=O)O[C@]1(CCN(C)CCCc2nc3ccccc3[nH]2)C[C@H](O)c2cc(F)ccc2[C@@H]1C(C)C,PubChem,,122187211,6.37059,Train,1
CAFYOFMRFOIFOW-IGYGKHONSA-N,COCC(=O)O[C@]1(CCN(C)CCCc2nc3ccccc3[nH]2)CC(C)(C)c2cc(F)ccc2[C@@H]1C(C)C,ChEMBL,CHEMBL3609823,,6.36251,Train,1
BGWZTGQTWNIEFA-QPFIFXANSA-N,CC(C)C(=O)O[C@@]1(CCN(C)CCCc2nc3ccccc3[nH]2)C[C@H]2CCC[C@@H]1c1ccccc12,PubChem,,46203894,6.34199,Train,1
DUNPNGZZOYBONZ-UHFFFAOYSA-N,COc1ccc(CCNC2CCCC(C(C#N)(c3ccc(OC)c(OC)c3)C(C)C)C2)cc1OC,ChEMBL,CHEMBL343771,,6.3256,Train,1
SZFUOECQXGHHAE-SXOBJVMXSA-N,CCOC(=O)[C@@H]1[C@H]2/C(=C(\O)OCC)C(C)=N[C@]1(C)Sc1ccccc12,ChEMBL,CHEMBL2110303,,6.30103,Train,1
JRQKDYLMCZBENZ-JTDSTZFVSA-N,CCOC(=O)C1=C(C)N[C@]2(C)Sc3ccccc3[C@H]1[C@H]2C(=O)OCC,PubChem,,70685148,6.30103,Train,1
ITXUJDTVHQVSLI-JNQIMCCTSA-N,CC(C)C(=O)O[C@]1(CCN(C)CCCc2nc3ccccc3[nH]2)C[C@@H](O)c2cc(F)ccc2[C@@H]1C(C)C,ChEMBL,CHEMBL3608942,,6.29757,Train,1
HKKFCFIFPDLOKD-UHFFFAOYSA-N,CCOC(=O)C1=C(C)NC(C)=C(C(=O)OCc2cn(CCOCCOCCOCCn3cc(COC(=O)C4=C(C)NC(C)=C(C(=O)OCC)C4c4c(-c5ccc(Br)cc5)noc4C)nn3)nn2)C1c1c(-c2ccc(Br)cc2)noc1C,ChEMBL,CHEMBL4080120,,6.28735,Train,1
BGWZTGQTWNIEFA-SGOMLOLCSA-N,CC(C)C(=O)O[C@]1(CCN(C)CCCc2nc3ccccc3[nH]2)C[C@@H]2CCC[C@H]1c1ccccc12,PubChem,,46203893,6.2656,Train,1
HQBVENHUOCSWIS-SXQNJKPJSA-N,CO[C@@H]1C[C@@](CCN(C)CCCc2nc3ccccc3[nH]2)(OC(=O)C(C)C)[C@@H](C(C)C)c2ccc(F)cc21,PubChem,,122187856,6.23062,Train,1
VNFPBHJOKIVQEB-UHFFFAOYSA-N,Clc1ccccc1C(c1ccccc1)(c1ccccc1)n1ccnc1,ChEMBL,CHEMBL104,,6.22915,Validation,1
CGEFSAWBLMCMJR-UHFFFAOYSA-N,CCOC(=O)C1=C(C)NC(C)=C(C(=O)OCc2cn(CCOCCOCCn3cc(COC(=O)C4=C(C)NC(C)=C(C(=O)OCC)C4c4c(-c5ccc(Br)cc5)noc4C)nn3)nn2)C1c1c(-c2ccc(Br)cc2)noc1C,PubChem,,137658445,6.21968,Train,1
HSUGRBWQSSZJOP-RTWAWAEBSA-N,COc1ccc([C@@H]2Sc3ccccc3N(CCN(C)C)C(=O)[C@@H]2OC(C)=O)cc1,ChEMBL,CHEMBL23,,6.21824,Train,1
UZBVUMAEAIQRKF-UHFFFAOYSA-N,O=C(NC(c1ccccc1)c1ccccc1)N1CCN(C(c2ccccc2)c2ccccc2Cl)CC1,PubChem,,11620221,6.21467,Train,1
MLDXNVWBLNAZSD-RPFOIHMYSA-N,CC(C)C(=O)O[C@]1(CCN(C)CCCc2nc3ccccc3[nH]2)C[C@@H]2CC[C@H]1c1ccccc12,ChEMBL,CHEMBL3608945,,6.21042,Train,1
GTQDBWCKNHFWKA-RAQPGAAPSA-N,CCOC(=O)[C@H]1[C@H]2/C(=C(\O)OCC)C(C)=N[C@]1(C)Sc1ccc([N+](=O)[O-])cc12,ChEMBL,CHEMBL2110169,,6.18709,Train,1
XXSLHSFIBBYWOI-GPMSIDNRSA-N,CCOC(=O)C1=C(C)N[C@]2(C)Sc3ccc([N+](=O)[O-])cc3[C@H]1[C@@H]2C(=O)OCC,PubChem,,13567333,6.18709,Train,1
RVBQIBMRQBVLMH-UHFFFAOYSA-N,CCOC(=O)C1=C(C)NC(OC)=NC1c1cccc([N+](=O)[O-])c1,PubChem,,13912583,6.14874,Train,1
YIQFFQJVNKNCNB-FSRHSHDFSA-N,CCOc1ccccc1C[C@H](c1ccccc1)N1CCNCC1.Cl,PubChem,,45263449,6.13668,Validation,1
FJMAUPWFRMSLJB-JMFZDZGDSA-N,COCC(=O)O[C@]1(CCN(C)CCCc2nc3ccccc3[nH]2)C[C@@H]2CC[C@H]1c1ccccc12,PubChem,,122187212,6.1261,Train,1
XKDFZZUFCHOVRN-GOTSBHOMSA-N,Cc1noc([C@H]2C[C@@H]2C(=O)NCc2ccc(-c3cccc(OC(F)(F)F)c3)c3c2CN(C(=O)NC(C)(C)C)CC3)n1,ChEMBL,CHEMBL3734797,,6.09691,Train,1
HDOFHDIMICWWKS-ICFOKQHNSA-N,CSC1=NC2/C(=C(/O)OCCCCCSc3ccc([N+](=O)[O-])cc32)C(C)=N1,ChEMBL,CHEMBL25763,,6.05899,Train,1
WTBAXIPIIAVCBJ-UHFFFAOYSA-N,CSC1=NC2C(=C(C)N1)C(=O)OCCCCCSc1ccc([N+](=O)[O-])cc12,PubChem,,10024378,6.05899,Train,1
SAFUGOIRFHJACA-UHFFFAOYSA-N,CCOC(=O)C1=C(C)NC(C)=C(C(=O)OCC)C1c1c(-c2ccccc2Br)noc1C,ChEMBL,CHEMBL4101015,,6.04144,Train,1
WNEODWDFDXWOLU-QHCPKHFHSA-N,C[C@H]1CN(C2COC2)CCN1c1ccc(Nc2cc(-c3ccnc(N4CCn5c(cc6c5CC(C)(C)C6)C4=O)c3CO)cn(C)c2=O)nc1,ChEMBL,CHEMBL4065122,,6,Train,1
AITJZYHNAKUCFP-UHFFFAOYSA-N,CCOC(=O)C1=C(C)NC(C)=C(C(=O)OCC)C1c1ccc(F)cc1,ChEMBL,CHEMBL2063633,,6,Train,1
XBDJVUHXRNRICA-UHFFFAOYSA-N,COC(=O)C1=C(C)NC(C)=C(C(=O)OC)C1c1ccc(Cl)cc1,ChEMBL,CHEMBL2063641,,6,Train,1
VJQOCMZFBDZJGU-UHFFFAOYSA-N,CCOC(=O)C1=C(C)NC(C)=C(C(=O)OC)C1c1ccc(Cl)cc1,ChEMBL,CHEMBL2063642,,6,Train,1
KQHXNOPSPSWLIW-UHFFFAOYSA-N,C=CCOC(=O)C1=C(C)NC(C)=C(C(=O)OCC=C)C1c1cccc(Oc2ccccc2)c1,ChEMBL,CHEMBL2063813,,6,Train,1
BNVMNGNFUZRRBN-UHFFFAOYSA-N,CCOC(=O)C1=C(C)NC(C)=C(C(=O)OCC)C1c1ccc(OCC)cc1,ChEMBL,CHEMBL2063818,,6,Validation,1
HQAADEKEJNBOLM-UHFFFAOYSA-N,CCOC(=O)C1=C(C)NC(C)=C(C(=O)OCC)C1c1ccccc1Cl,ChEMBL,CHEMBL2063821,,6,Train,1
JAIWOMOJQVUXQD-UHFFFAOYSA-N,C=CCOC(=O)C1=C(C)NC(C)=C(C(=O)OCC=C)C1c1ccc(C(C)C)cc1,ChEMBL,CHEMBL2063835,,6,Train,1
QCJJMPZWBYORGR-UHFFFAOYSA-N,CCOC(=O)C1=C(C)NC(C)=C(C(=O)OCC)C1c1ccc(OC)cc1,ChEMBL,CHEMBL2063802,,6,Train,1
OUYHHVXCWZAPMH-UHFFFAOYSA-N,CCOC(=O)C1=C(C)NC(C)=C(C(=O)OC)C1c1ccc([N+](=O)[O-])cc1,ChEMBL,CHEMBL1086835,,6,Train,1
SWWQWPJRZSPMMQ-UHFFFAOYSA-N,C=CCOC(=O)C1=C(C)NC(C)=C(C(=O)OCC=C)C1c1cccc([N+](=O)[O-])c1,ChEMBL,CHEMBL2063832,,6,Train,1
AYLIVURHKNSTHW-UHFFFAOYSA-N,CCOC(=O)C1=C(C)NC(C)=C(C(=O)OCC)C1c1ccc(OCCCN2CCCCC2)cc1,ChEMBL,CHEMBL4469017,,6,Validation,1
RTKBOKGWZATMDW-UHFFFAOYSA-N,CCOC(=O)C1=C(C)NC(C)=C(C(=O)OCC)C1c1ccc(OCCCN2CCCCC2)c(OC)c1,ChEMBL,CHEMBL4547812,,6,Validation,1
NUEVFLWLOZINOK-UHFFFAOYSA-N,CC1=C(C(=O)OC(C)C)C(c2ccc(Cl)cc2)C(C(=O)OC(C)C)=C(C)N1,ChEMBL,CHEMBL2063810,,6,Train,1
APWYDWRFWROZIT-UHFFFAOYSA-N,COC(=O)C1=C(C)NC(C)=C(C(=O)OC)C1c1ccc(OCc2ccccc2)cc1,ChEMBL,CHEMBL2063959,,6,Validation,1
QTVIWMLMXFVZIY-UHFFFAOYSA-N,CCOC(=O)C1=C(C)Nc2nc3c(c(N)c2C1c1ccc(C)cc1)CCCC3,ChEMBL,CHEMBL219406,,6,Train,1
POYFPBLOVRVCKS-UHFFFAOYSA-N,CCOC(=O)C1=C(C)Nc2nc3c(c(N)c2C1c1ccccc1)CCCC3,ChEMBL,CHEMBL218939,,6,Train,1
ALGHKWSXJUQNJJ-UHFFFAOYSA-N,CCN(CC)C(=O)c1ccc(C2=CC3(CCNCC3)Oc3ccccc32)c(O)c1,ChEMBL,CHEMBL561339,,6,Validation,1
NJPWXCCVGLUPFM-QGZVFWFLSA-N,Cc1cc2ncc(-c3ccc4cc(CCN5CCC[C@H]5C)ccc4n3)c(C)n2n1,ChEMBL,CHEMBL392573,,6,Train,1
ZRWLPNPYQIGISH-UHFFFAOYSA-N,CCOC(=O)C1=C(C)Nc2nc3c(c(N)c2C1c1ccc(-c2ccccc2)cc1)CCCC3,ChEMBL,CHEMBL490338,,6,Train,1
MUXRQEBELKFHHI-UHFFFAOYSA-N,CCOc1ccc(C2C(C(=O)OC)=C(C)NC(C)=C2C(=O)OC)cc1OC,ChEMBL,CHEMBL2063823,,6,Validation,1
YSSLOFDFZBTULG-NQCCGESRSA-N,CCOC(=O)C1=C(C)N=C(C)/C(=C(/O)OCC)C1/C=C/c1ccccc1OC,ChEMBL,CHEMBL1517833,,6,Train,1
CDUCNZJQCHSDNX-UHFFFAOYSA-N,C#CCNCc1ccc(CNC2C3C4CC5C6C4C2C6C2(OCCO2)C53)cc1,ChEMBL,CHEMBL4452784,,6,Train,1
RYUHYOLRLQUVHQ-UHFFFAOYSA-N,CCOC(=O)C1=C(C)Nc2nc3c(c(N)c2C1c1ccccc1OC)CCCC3,ChEMBL,CHEMBL436302,,6,Validation,1
OWDDOOZVDQHYQH-UHFFFAOYSA-N,CCOC(=O)C1=C(C)Nc2nc3c(c(N)c2C1c1ccccc1[N+](=O)[O-])CCCC3,ChEMBL,CHEMBL219400,,6,Train,1
LWJGMYMNSNVCEM-UHFFFAOYSA-N,COc1ccc2cc(OCC3(C(=O)O)CN(C(=O)c4ccc(F)cc4)C3)ccc2c1,ChEMBL,CHEMBL3286797,,6,Train,1
OLFQDUCSZQBJMO-UHFFFAOYSA-N,CC1=C(C(=O)OCc2ccccc2)C(c2ccc(Cl)cc2)C(C(=O)OCc2ccccc2)=C(C)N1,ChEMBL,CHEMBL2063799,,6,Train,1
RTYBGCWRXWDNEV-UHFFFAOYSA-N,Nc1c2c(nc3c1C(c1cccc(Br)c1)NC(=S)N3)CCCC2,ChEMBL,CHEMBL4174958,,6,Validation,1
TXVRICWGWBIUAG-UHFFFAOYSA-N,CCOC(=O)C1=C(C)NC(C)=C(C(=O)OCC)C1c1ccc(Cl)cc1,ChEMBL,CHEMBL1825006,,6,Validation,1
REIGLQUFMMOAFU-UHFFFAOYSA-N,COC(=O)C1=C(C)NC(C)=C(C(=O)OC)C1c1ccccc1Cl,ChEMBL,CHEMBL2063643,,6,Train,1
MPQJJXRGOXYEOP-UHFFFAOYSA-N,COC(=O)C1=C(C)NC(C)=C(C(=O)OC)C1c1ccc2c(c1)OCO2,ChEMBL,CHEMBL2063653,,6,Validation,1
KTDOBMMDMJUIGB-UHFFFAOYSA-N,CCOC(=O)C1=C(C)NC(C)=C(C(=O)OCC)C1c1ccc(C(C)(C)C)cc1,ChEMBL,CHEMBL2063654,,6,Train,1
OAEWNSKRLBVVBV-QSEAXJEQSA-N,CCCCN(CCCC)C(=O)CN1C[C@H](c2cc(OC)c3c(c2)OCO3)[C@@H](C(=O)O)[C@@H]1CC(C)(C)CCC,ChEMBL,CHEMBL111612,,6,Validation,1
NCXJWNAKIMMZOC-UHFFFAOYSA-N,COc1cc(-n2cnc3cc(-c4ccc(Cl)cc4)sc3c2=O)ccc1OCC1(O)CC(F)(F)C1,ChEMBL,CHEMBL2147472,,6,Train,1
AVSBMSOWEMUGBD-UHFFFAOYSA-N,CCN(CC)c1ccc(C2C(C(=O)OC)=C(C)NC(C)=C2C(=O)OC)cc1,ChEMBL,CHEMBL2063840,,6,Train,1
BEVXZWSISNHLKP-UHFFFAOYSA-N,COC(=O)C1=C(C)NC(C)=C(C(=O)OC)C1c1cccc(F)c1,ChEMBL,CHEMBL2063845,,6,Train,1
JQHBQACQGTVVMU-UHFFFAOYSA-N,CCOC(=O)C1=C(C)NC(C)=C(C(=O)OC)C1c1ccc(Cl)c(Cl)c1,ChEMBL,CHEMBL2063646,,6,Train,1
OKXPEJIOPSPJKS-UHFFFAOYSA-N,CCOC(=O)C1=C(C)NC(C)=C(C(=O)OCC)C1c1cccc(Br)c1,ChEMBL,CHEMBL1098177,,6,Train,1
VFQXEYKTWNRSQE-UHFFFAOYSA-N,COC(=O)C1=C(C)NC(C)=C(C(=O)OC)C1c1ccc([N+](=O)[O-])cc1,ChEMBL,CHEMBL1098881,,6,Train,1
PVMSCNTYPXJGEX-UHFFFAOYSA-N,COc1cc(C2C(C(=O)OCc3ccccc3)=C(C)NC(C)=C2C(=O)OCc2ccccc2)ccc1O,ChEMBL,CHEMBL2063827,,6,Train,1
DJFZZJFQQZWNJP-UHFFFAOYSA-N,CCOC(=O)C1=C(C)NC(C)=C(C(=O)OCC)C1c1c(F)cccc1Cl,ChEMBL,CHEMBL2063837,,6,Train,1
IIXMNYIBBDKWJC-UHFFFAOYSA-N,COCCOC(=O)C1=C(C)NC(C)=C(C(=O)OCCOC)C1c1ccc(-c2cccc(Cl)c2Cl)o1,ChEMBL,CHEMBL2063839,,6,Train,1
QDHIAGVDKRWZNF-UHFFFAOYSA-N,COC(=O)C1=C(C)NC(C)=C(C(=O)OC)C1c1ccccc1,ChEMBL,CHEMBL2063842,,6,Validation,1
VAAMGVDCKKKIJU-UHFFFAOYSA-N,CC1=C(C(=O)OC(C)C)C(c2ccc(C)cc2)C(C(=O)OC(C)C)=C(C)N1,ChEMBL,CHEMBL2063952,,6,Train,1
NHTCYLJVQATQNT-UHFFFAOYSA-N,C=CCOC(=O)C1=C(C)NC(C)=C(C(=O)OCC=C)C1c1ccc(C(C)(C)C)cc1,ChEMBL,CHEMBL1814700,,6,Train,1
XGZAZKYFGKCTPL-UHFFFAOYSA-N,COC(=O)C1=C(C)N(C)C(C)=C(C(=O)OC)C1c1ccccc1Cl,ChEMBL,CHEMBL2063828,,6,Validation,1
SMFNNFXLPNEQAU-UHFFFAOYSA-N,COC(=O)C1=C(C)N(C)C(C)=C(C(=O)OC)C1c1ccc(Cl)c(Cl)c1,ChEMBL,CHEMBL2063829,,6,Train,1
HEOZIWLUGOWCQN-UHFFFAOYSA-N,C=CCOC(=O)C1=C(C)NC(C)=C(C(=O)OCC=C)C1c1ccc(N(C)C)cc1,ChEMBL,CHEMBL2063849,,6,Train,1
HBLQFJGTVNTQJT-UHFFFAOYSA-N,C=CCOC(=O)C1=C(C)NC(C)=C(C(=O)OCC=C)C1c1ccc(C(=O)OC)cc1,ChEMBL,CHEMBL2063850,,6,Train,1
YEFWMAZIZIXJFI-UHFFFAOYSA-N,Nc1c2c(nc3c1C(c1ccc(Cl)cc1)NC(=S)N3)CCCC2,ChEMBL,CHEMBL4167753,,6,Train,1
GYRQOPMYAYOUMX-UHFFFAOYSA-N,Cc1cccc(C2NC(=S)Nc3nc4c(c(N)c32)CCCC4)c1,ChEMBL,CHEMBL4166003,,6,Train,1
GLVAOWPNTIXLJA-UHFFFAOYSA-N,COc1cccc(C2NC(=S)Nc3nc4c(c(N)c32)CCCC4)c1,ChEMBL,CHEMBL4171520,,6,Train,1
RIXYCWGCLUQKNA-UHFFFAOYSA-N,COc1ccc(C2NC(=S)Nc3nc4c(c(N)c32)CCCC4)cc1,ChEMBL,CHEMBL4176610,,6,Train,1
UUOMYKGNURHADY-UHFFFAOYSA-N,CCCCOc1ccc(C2C(C(=O)OCC)=C(C)NC(C)=C2C(=O)OCC)cc1,ChEMBL,CHEMBL2063844,,6,Train,1
UULRXMRCEBQSQQ-LFHLGDSASA-N,COCCOC(=O)C1=C(C)N=C(C)/C(=C(/O)OCCOC)C1/C=C/c1ccccc1OC,ChEMBL,CHEMBL1320470,,6,Train,1
IDQIWPYGXKMQDT-UHFFFAOYSA-N,C=CCOC(=O)C1=C(C)NC(C)=C(C(=O)OCC=C)C1c1ccc(OC)cc1,ChEMBL,CHEMBL2063956,,6,Train,1
HGYFEULCVACRRI-UHFFFAOYSA-N,CCOC(=O)C1=C(C)NC(C)=C(C(=O)OCC)C1c1ccc([N+](=O)[O-])cc1,ChEMBL,CHEMBL1099206,,6,Train,1
GIYFJYMMDKPPIX-UHFFFAOYSA-N,CCOC(=O)C1=C(C)NC(C)=C(C(=O)OCC)C1c1ccc(OC)c(OC)c1,ChEMBL,CHEMBL2063816,,6,Train,1
HLGBTZQNTUSGKQ-UHFFFAOYSA-N,CCOC(=O)C1=C(C)NC(C)=C(C(=O)OC)C1c1cc(Cl)cc(Cl)c1OC,ChEMBL,CHEMBL2063817,,6,Train,1
PLNLVEUSTUDWFQ-UHFFFAOYSA-N,Nc1c2c(nc3c1C(c1ccccc1)NC(=S)N3)CCCC2,ChEMBL,CHEMBL4171284,,6,Train,1
JJRQLEQTWXNCLT-UHFFFAOYSA-N,CN(C)c1ccc(C2NC(=S)Nc3nc4c(c(N)c32)CCCC4)cc1,ChEMBL,CHEMBL4176034,,6,Train,1
AIMMHDGCSFCVJN-UHFFFAOYSA-N,COc1ccccc1-n1nc(C2CC(C)(C)OC(C)(C)C2)cc1-c1csc(Cl)c1,ChEMBL,CHEMBL4277584,,6,Train,1
SCHYNEBURMLCDS-UHFFFAOYSA-N,CCOC(=O)C1=C(C)NC(C)=C(C(=O)OC)C1c1ccccc1,ChEMBL,CHEMBL2063640,,6,Train,1
PNRGSPPYQYPAGN-UHFFFAOYSA-N,COC(=O)C1=C(C)N(C)C(C)=C(C(=O)OC)C1c1ccc(Cl)c([N+](=O)[O-])c1,ChEMBL,CHEMBL2063803,,6,Train,1
OYGFPPGBFFWFDL-UHFFFAOYSA-N,CCOC(=O)C1=C(C)NC(C)=C(C(=O)OCC)C1c1ccc(N(C)C)cc1,ChEMBL,CHEMBL2063815,,6,Validation,1
INEOJKKJCZPDEV-UHFFFAOYSA-N,CCOC(=O)C1=C(C)NC(C)=C(C(=O)OCC)C1c1ccc(O)c(OCC)c1,ChEMBL,CHEMBL2063824,,6,Train,1
RZGUDFGNIVUKQG-UHFFFAOYSA-N,CCOC(=O)C1=C(C)NC(C)=C(C(=O)OCC)C1c1ccc(C(C)C)cc1,ChEMBL,CHEMBL2063830,,6,Validation,1
OGRWNCJFOCTHSO-UHFFFAOYSA-N,C=CCOC(=O)C1=C(C)NC(C)=C(C(=O)OCC=C)C1c1ccc(C)cc1,ChEMBL,CHEMBL2063836,,6,Train,1
BXWNQTZFDOYIOK-UHFFFAOYSA-N,Cc1ccc(C2NC(=S)Nc3nc4c(c(N)c32)CCCC4)cc1,ChEMBL,CHEMBL4163376,,6,Train,1
FBYPVBGLURAFHW-UHFFFAOYSA-N,COC(=O)C1=C(C)NC(C)=C(C(=O)OC)C1c1ccc(-c2cccc(Cl)c2Cl)o1,ChEMBL,CHEMBL2063955,,6,Train,1
VQZSDRXKLXBRHJ-UHFFFAOYSA-N,CCOC(=O)C1=C(C)NC(C)=C(C(=O)OCC)C1c1ccccc1,ChEMBL,CHEMBL1099205,,6,Train,1
MCIAPXKGANXQCE-UHFFFAOYSA-N,COC(=O)C1=C(C)NC(C)=C(C(=O)OCCCBr)C1c1cccc([N+](=O)[O-])c1,ChEMBL,CHEMBL2063636,,6,Train,1
UJDAVWDVWMBSLW-UHFFFAOYSA-N,CCOC(=O)C1=C(C)NC(C)=C(C(=O)OCC)C1c1ccc(Br)cc1,ChEMBL,CHEMBL2063644,,6,Validation,1
CKMHTOMEFQQLPN-UHFFFAOYSA-N,CCOC(=O)C1=C(C)NC(C)=C(C(=O)OCC)C1c1ccc(Cl)c(Cl)c1,ChEMBL,CHEMBL2063645,,6,Train,1
AYUVJQFYWNTUNE-UHFFFAOYSA-N,CC1=C(C(=O)OCc2ccccc2)C(c2ccc(O)cc2)C(C(=O)OCc2ccccc2)=C(C)N1,ChEMBL,CHEMBL2063655,,6,Validation,1
RULGOQXXACBJJQ-UHFFFAOYSA-N,COC(=O)C1=C(C)N(C)C(C)=C(C(=O)OC)C1c1cccc(Cl)c1Cl,ChEMBL,CHEMBL2063804,,6,Train,1
RPAKOPLFCWVSOQ-UHFFFAOYSA-N,COC(=O)C1=C(C)NC(C)=C(C(=O)OC)C1c1ccc(C(C)(C)C)cc1,ChEMBL,CHEMBL2063838,,6,Train,1
JJDYWJICNUHZES-UHFFFAOYSA-N,C=CCOC(=O)C1=C(C)NC(C)=C(C(=O)OCC=C)C1c1ccc(Cl)c(Cl)c1,ChEMBL,CHEMBL2063814,,6,Train,1
RRLSXWOPNTVBKD-UHFFFAOYSA-N,CCOC(=O)C1=C(C)NC(C)=C(C(=O)OCC)C1c1c(Cl)cccc1Cl,ChEMBL,CHEMBL2063806,,6,Validation,1
IXPDTYASGZFSTR-UHFFFAOYSA-N,C=CCOC(=O)C1=C(C)NC(C)=C(C(=O)OCC=C)C1c1ccc(Cl)cc1Cl,ChEMBL,CHEMBL2063841,,6,Train,1
LKTUJASDDXLJIC-UHFFFAOYSA-N,C=CCOC(=O)C1=C(C)NC(C)=C(C(=O)OCC=C)C1c1cccc(Cl)c1,ChEMBL,CHEMBL2063950,,6,Train,1
YSDNGJONQCXVPU-UHFFFAOYSA-N,CCOC(=O)C1=C(C)NC(C)=C(C(=O)OCC)C1c1ccc(C)cc1,ChEMBL,CHEMBL1977154,,6,Validation,1
RUIMACCKBISKJH-UHFFFAOYSA-N,CCOC(=O)C1=C(C)NC(C)=C(C(=O)OCC)C1c1cccc(Oc2ccccc2)c1,ChEMBL,CHEMBL1814699,,6,Train,1
ZICRODGSLHHXHP-UHFFFAOYSA-N,COC(=O)C1=C(C)NC(C)=C(C(=O)OC)C1c1ccc(N(C)C)cc1,ChEMBL,CHEMBL2063809,,6,Train,1
SKCGRONYIUHFHF-UKRGKPDNSA-N,COC(=O)C1=C(C)N=C(C)/C(=C(/O)OC)C1/C=C/c1ccccc1,ChEMBL,CHEMBL2007120,,6,Train,1
QIFFNLGFMAGFRM-UHFFFAOYSA-N,Nc1c2c(nc3c1C(c1ccc(F)cc1)NC(=S)N3)CCCC2,ChEMBL,CHEMBL4159832,,6,Validation,1
AJVJINJDKFGAQT-UHFFFAOYSA-N,Nc1c2c(nc3c1C(c1cccc([N+](=O)[O-])c1)NC(=S)N3)CCCC2,ChEMBL,CHEMBL4164310,,6,Train,1
IAXDEFZXLVTHLU-UHFFFAOYSA-N,COC(=O)C1=C(C)NC(C)=C(C(=O)OC)C1c1ccc(OC)cc1,ChEMBL,CHEMBL2063647,,6,Train,1
HDMRPBAVAOZSDL-UHFFFAOYSA-N,C=CCOC(=O)C1=C(C)NC(C)=C(C(=O)OCC=C)C1c1ccc(O)c(OCC)c1,ChEMBL,CHEMBL2063834,,6,Train,1
KIDDUMMFQDUTSG-UHFFFAOYSA-N,COC(=O)C1=C(C)NC(C)=C(C(=O)OC)C1c1ccc(C(C)C)cc1,ChEMBL,CHEMBL2063650,,6,Train,1
DKUDHLFHAFDRKU-UHFFFAOYSA-N,COCCOC(=O)C1=C(C)NC(C)=C(C(=O)OCCOC)C1c1cccc([N+](=O)[O-])c1,ChEMBL,CHEMBL2063800,,6,Train,1
SCXQHPDDGBOJFW-UHFFFAOYSA-N,CCOC(=O)C1=C(C)NC(C)=C(C(=O)OCC)C1c1ccc(N(CC)CC)cc1,ChEMBL,CHEMBL2063808,,6,Train,1
SYJWYBYNWBHITD-UHFFFAOYSA-N,COc1ccc(C2C(C(=O)OC(C)C)=C(C)NC(C)=C2C(=O)OC(C)C)cc1OC,ChEMBL,CHEMBL2063812,,6,Train,1
GHXKAZQKSPCRGO-UHFFFAOYSA-N,COC(=O)C1=C(C)NC(C)=C(C(=O)OC)C1c1ccc(Cl)c(Cl)c1,ChEMBL,CHEMBL2063820,,6,Train,1
DXQVUVZRPUETIQ-UHFFFAOYSA-N,CC1=C(C(=O)OC(C)C)C(c2ccc(F)cc2)C(C(=O)OC(C)C)=C(C)N1,ChEMBL,CHEMBL2063831,,6,Train,1
SYYNUDGYESJITC-UHFFFAOYSA-N,C=CCOC(=O)C1=C(C)NC(C)=C(C(=O)OCC=C)C1c1ccccc1Cl,ChEMBL,CHEMBL2063851,,6,Train,1
XFBNZVZYSNHUFG-UHFFFAOYSA-N,COC(=O)C1=C(C)NC(C)=C(C(=O)OC)C1c1ccc(I)cc1,ChEMBL,CHEMBL2063954,,6,Train,1
JFRVBEOKQQRMNM-UHFFFAOYSA-N,CCOC(=O)C1=C(C)NC(C)=C(C(=O)OCC)C1c1cc(Cl)cc(Cl)c1OC,ChEMBL,CHEMBL2063634,,6,Train,1
HWRFYUDZFUBTQR-UHFFFAOYSA-N,CCOc1ccc(C2C(C(=O)OC)=C(C)NC(C)=C2C(=O)OC)cc1,ChEMBL,CHEMBL2063649,,6,Validation,1
LTZHSBVHIKMMIM-GZHXFNRCSA-N,CCOC(=O)C1=C(C)N=C(C)/C(=C(/O)OCC)C1/C=C/c1ccccc1,ChEMBL,CHEMBL142868,,6,Validation,1
JPWHOMRZIVPQOM-UHFFFAOYSA-N,COC(=O)C1=C(C)NC(C)=C(C(=O)OC)C1c1cccc(Br)c1,ChEMBL,CHEMBL2063819,,6,Train,1
XOYBHGRMHXZOMH-UHFFFAOYSA-N,CCc1ccc(C2C(C(=O)OC)=C(C)NC(C)=C2C(=O)OC)cc1,ChEMBL,CHEMBL2063822,,6,Train,1
OEPFDMMSCHGWRN-UHFFFAOYSA-N,C=CCOC(=O)C1=C(C)NC(C)=C(C(=O)OCC=C)C1c1ccc(OC)c(OC)c1,ChEMBL,CHEMBL2063833,,6,Train,1
HKROEBDHHKMNBZ-CHBKHGQFSA-N,CCC(=N\O)/C(C)=C/c1ccc(F)cc1,ChEMBL,CHEMBL3697701,,6,Train,1
DZQFEEZEXZOLKF-UHFFFAOYSA-N,O=C(NC(c1ccccc1)c1ccccc1)N1CCN(C(c2ccccc2)c2ccc(Cl)cc2Cl)CC1,ChEMBL,CHEMBL596942,,5.98716,Train,1
GXDALQBWZGODGZ-UHFFFAOYSA-N,COc1ccc(CCN2CCC(Nc3nc4ccccc4n3Cc3ccc(F)cc3)CC2)cc1,ChEMBL,CHEMBL296419,,5.95861,Validation,1
UXEUCTHNMIENKB-UHFFFAOYSA-N,CCc1cc(CC(=O)Nc2ccn(Cc3ccc(C#N)cn3)n2)ccc1OCC(F)(F)F,ChEMBL,CHEMBL4207291,,5.95861,Train,1
QJXZQIYIFNIJIO-UHFFFAOYSA-N,O=C(CC(c1ccccc1)c1ccccc1)N1CCN(C(c2ccccc2)c2ccc(F)cc2)CC1,ChEMBL,CHEMBL597969,,5.95861,Validation,1
ROOQZCIZDJRFFY-UHFFFAOYSA-N,O=C(CN1CCN(C(c2ccccc2)c2ccccc2Cl)CC1)N(c1ccccc1)c1ccccc1,PubChem,,11620220,5.95861,Train,1
GUGOEEXESWIERI-UHFFFAOYSA-N,CC(C)(C)c1ccc(C(O)CCCN2CCC(C(O)(c3ccccc3)c3ccccc3)CC2)cc1,ChEMBL,CHEMBL17157,,5.94885,Train,1
WIQRCHMSJFFONW-UHFFFAOYSA-N,NCCC(Oc1ccc(C(F)(F)F)cc1)c1ccccc1,PubChem,,4541,5.94692,Train,1
UIEATEWHFDRYRU-UHFFFAOYSA-N,CC(C)COCC(CN(Cc1ccccc1)c1ccccc1)N1CCCC1,PubChem,,2351,5.92082,Train,1
KLBQZWRITKRQQV-UHFFFAOYSA-N,CSc1ccc2c(c1)N(CCC1CCCCN1C)c1ccccc1S2,ChEMBL,CHEMBL479,,5.87943,Train,1
RGXXKRREVVUYBC-UHFFFAOYSA-N,O=C(NC1CCCCC1)N1N=C(c2ccc(Br)cc2)CC1c1ccc(F)cc1,ChEMBL,CHEMBL3942685,,5.8729,Validation,1
NTCNYPJNYIBPSC-UHFFFAOYSA-N,O=C(CN1CCN(C(c2ccccc2)c2cccc(Cl)c2)CC1)N(c1ccccc1)c1ccccc1,ChEMBL,CHEMBL598392,,5.85387,Validation,1
RFHHKLHLLXMGOX-UHFFFAOYSA-N,COc1cc(C(c2ccccc2)N2CCN(C(=O)CC(c3ccccc3)c3ccccc3)CC2)cc(OC)c1OC,PubChem,,10099069,5.85387,Train,1
GJKURPNQOJQXPQ-UHFFFAOYSA-N,Cc1cc(CC(=O)Nc2ccn(Cc3ccc(C#N)cn3)n2)ccc1OC(F)(F)F,PubChem,,126740610,5.82974,Train,1
MNQUJICKNQOWHX-IDTYTIONSA-N,CCOC(=O)N1C(=S)N=C(C)/C(=C(/O)OC(C)C)[C@@H]1c1cccc([N+](=O)[O-])c1,ChEMBL,CHEMBL1907867,,5.82391,Train,1
ODHAYCRULKPRPQ-UHFFFAOYSA-N,CCOC(=O)C1=C(C)NC(C)=C(C(=O)OCC)C1c1ccc(OCCN2CCCCCC2)c(Br)c1,ChEMBL,CHEMBL4535978,,5.82391,Validation,1
RMEDXOLNCUSCGS-UHFFFAOYSA-N,O=C(CCCN1CC=C(n2c(=O)[nH]c3ccccc32)CC1)c1ccc(F)cc1,ChEMBL,CHEMBL1108,,5.82391,Train,1
NFWHFCDXPOUJJT-HNNXBMFYSA-N,CCOC(=O)N1C(=S)NC(C)=C(C(=O)OC(C)C)[C@@H]1c1cccc([N+](=O)[O-])c1,PubChem,,14788042,5.82391,Validation,1
JGAPWJRMEQDHGG-JOCHJYFZSA-N,CCOCC1(COCC)N[C@@H](c2nc(-c3ccccc3)c[nH]2)Cc2c1[nH]c1ccccc21,ChEMBL,CHEMBL2069501,,5.81645,Validation,1
QXNYWQVYZYCACA-UHFFFAOYSA-N,O=C(CN1CCN(C(c2ccccc2)c2ccccc2)CC1)N(c1ccccc1)c1ccccc1,ChEMBL,CHEMBL599408,,5.79588,Train,1
HWGMUVSZGFXYSD-UHFFFAOYSA-N,COc1ccc(C(c2ccccc2)N2CCN(C(=O)CC(c3ccccc3)c3ccccc3)CC2)cc1,PubChem,,10458304,5.79588,Train,1
MWKJCJFYJWIFLL-JOCHJYFZSA-N,NC(=O)CN[C@H](COCc1cc(C(F)(F)F)cc(C(F)(F)F)c1)C(c1ccccc1)c1ccccc1,PubChem,,44299271,5.77728,Train,1
MSOUIIHPMJCUNI-LJAQVGFWSA-N,O=S(=O)(Nc1ccc(CCNC[C@H](O)c2cccnc2)cc1)c1ccc(-c2nc(-c3ccc(C(F)(F)F)cc3)cs2)cc1,PubChem,,3038500,5.76955,Train,1
JJKPSOUEWPDPFS-UHFFFAOYSA-N,N#Cc1ccc(CCOC(=O)N2CCN(CCCC(c3ccc(F)cc3)c3ccc(F)cc3)CC2)cc1,PubChem,,10885636,5.76447,Train,1
JDORNNHHHQXMCA-LEWJYISDSA-N,CC(C)N1C(=O)[C@@H](NC(=O)[C@@H](Cc2ccccc2OC(F)(F)F)NC(=O)OC(C)(C)C)CCc2ccccc21,PubChem,,44442675,5.76321,Train,1
PPVBMJIAJXVQFX-UHFFFAOYSA-N,O=C(NC(c1ccccc1)c1ccccc1)N1CCN(C(c2ccccc2)c2ccccc2)CC1,PubChem,,10115592,5.73518,Train,1
ZYBCDJSJGJAUAE-UHFFFAOYSA-N,O=C(NCCc1ccccc1)N1N=C(c2ccc(Br)cc2)CC1c1ccc(F)cc1,ChEMBL,CHEMBL3932660,,5.72584,Train,1
QWAXKHKRTORLEM-UGJKXSETSA-N,CC(C)(C)NC(=O)[C@@H]1C[C@@H]2CCCC[C@@H]2CN1C[C@@H](O)[C@H](Cc1ccccc1)NC(=O)[C@H](CC(N)=O)NC(=O)c1ccc2ccccc2n1,ChEMBL,CHEMBL114,,5.72125,Train,1
FOHHNHSLJDZUGQ-UHFFFAOYSA-N,CCCCN(CCCC)CCC(O)c1cc2c(Cl)cc(Cl)cc2c2cc(C(F)(F)F)ccc12,ChEMBL,CHEMBL1107,,5.72125,Train,1
WTEHMPUGVAOZBF-FYYLOGMGSA-N,c1ccc(-c2cnc([C@H]3Cc4c([nH]c5ccccc45)[C@@H](C4CCOCC4)N3)[nH]2)cc1,PubChem,,57384077,5.72125,Train,1
IYIKLHRQXLHMJQ-UHFFFAOYSA-N,CCCCc1oc2ccccc2c1C(=O)c1cc(I)c(OCCN(CC)CC)c(I)c1,PubChem,,2157,5.72125,Validation,1
VJJOJVPAQRYRQP-UHFFFAOYSA-N,O=C(Nc1ccc(F)cc1)N1N=C(c2ccccc2)CC1(CCO)c1ccccc1,ChEMBL,CHEMBL3946972,,5.7122,Train,1
AVAACINZEOAHHE-VFZPANTDSA-N,C[C@@H](O)[C@H]1C(=O)N2C(C(=O)O)=C(S[C@@H]3CN[C@H](CNS(N)(=O)=O)C3)[C@H](C)[C@H]12,PubChem,,73303,5.7,Train,1
AEUILRDAXLSTHQ-UHFFFAOYSA-N,O=C(NC1CC1c1ccccc1)N1CCC(c2nc(-c3ccccc3C(F)(F)F)no2)CC1,ChEMBL,CHEMBL561788,,5.69897,Train,1
RNCVBSIKEFZPOC-UHFFFAOYSA-N,Cc1cc(CC(=O)Nc2ccn(Cc3ccc(C#N)cn3)n2)ccc1OCCC(F)(F)F,PubChem,,126740618,5.68194,Train,1
VXMOONUMYLCFJD-DHLKQENFSA-N,COC(=O)C1=C(C)NC(C)=C(C(=O)O[C@H]2CCN(Cc3ccccc3)C2)[C@H]1c1cccc([N+](=O)[O-])c1,ChEMBL,CHEMBL2103761,,5.66756,Train,1
HBXXOZGTEHENQK-UHFFFAOYSA-N,O=C(Nc1ccccn1)N1N=C(c2ccc(Br)cc2)CC1c1ccc(F)cc1,PubChem,,134150323,5.66154,Train,1
HTVBTRMJTNKQJV-UHFFFAOYSA-N,Cc1ccc(C2(CCN(C)C)CC(c3ccccc3)=NN2C(=O)Nc2ccc(F)cc2)cc1,PubChem,,134139055,5.65758,Train,1
CFHXUOVTYQSVHV-UHFFFAOYSA-N,Cc1ccc2c(c1)c(CN1CCCCC1)cn2Cc1cccc(Cl)c1,PubChem,,145967863,5.65758,Train,1
XOGIZHLZCSGUAE-MRXNPFEDSA-N,NC(=O)CN[C@H](COCc1cc(C(F)(F)F)cc(C(F)(F)F)c1)c1ccccc1,ChEMBL,CHEMBL329105,,5.63827,Train,1
VGBOISIRCIDEGP-UHFFFAOYSA-N,O=C(CCCc1ccccc1)N1CCN(CCCC(c2ccc(F)cc2)c2ccc(F)cc2)CC1,PubChem,,11730467,5.62893,Validation,1
PFELFOCPWCQJBE-UHFFFAOYSA-N,CC(C)NC(=O)N1N=C(c2ccc(Br)cc2)CC1c1ccc(F)cc1,PubChem,,134140658,5.62709,Train,1
LSYANGLAZUZYFX-UHFFFAOYSA-N,N#Cc1ccc(Cn2ccc(NC(=O)Cc3ccc(C4(C(F)(F)F)CC4)cc3)n2)nc1,PubChem,,118560618,5.61798,Train,1
PVJNWPXQHNFPOR-UHFFFAOYSA-N,Cc1ccc(C(c2ccccc2)N2CCN(C(=O)CC(c3ccccc3)c3ccccc3)CC2)cc1,PubChem,,10412639,5.60206,Train,1
TWFRJVDERSSRTP-UHFFFAOYSA-N,O=C(Nc1ccc(F)cc1)N1N=C(c2ccccc2)CC1(CO)c1ccc(F)cc1,PubChem,,134147928,5.57675,Train,1
WJZQMTNKCMFTFN-NDIWIEOSSA-N,CO[C@]1(CCN(C)CCCc2nc3ccccc3[nH]2)C[C@@H]2CC[C@H]1c1ccccc12,ChEMBL,CHEMBL3609820,,5.57349,Validation,1
CZNWHUFRZNZRGS-OJDZSJEKSA-N,O=C(O)[C@@H](CC1CCC1)N1C[C@H](CN2CCC(CCCc3ccccc3)CC2)[C@@H](c2ccccc2)C1,ChEMBL,CHEMBL20896,,5.56864,Validation,1
XZJALWZAKPYVSJ-UHFFFAOYSA-N,CCOC(=O)C1=C(C)NC(C)=C(C(=O)OCc2cn(CCOCCOCCOCCOCCOCCn3cc(COC(=O)C4=C(C)NC(C)=C(C(=O)OCC)C4c4c(-c5ccc(Br)cc5)noc4C)nn3)nn2)C1c1c(-c2ccc(Br)cc2)noc1C,PubChem,,137657500,5.56767,Train,1
NEUFWHZAVWYYSZ-UHFFFAOYSA-N,O=C(OCCc1ccc(F)cc1)N1CCN(CCCC(c2ccc(F)cc2)c2ccc(F)cc2)CC1,PubChem,,11071079,5.56384,Validation,1
MXPIHVJVTXGYGQ-UHFFFAOYSA-N,CC(C)OCc1ccccc1CNC(=O)c1c2c(c(Cl)n1C)CC(C)(C)CC2,PubChem,,145978668,5.56384,Train,1
FYOBJUUYCJAYSE-UHFFFAOYSA-N,CCOC(=O)C1=C(C)NC(C)=C(C(=O)OCC)C1c1ccc(OCCN2CCCCC2)c(Br)c1,ChEMBL,CHEMBL4457747,,5.55284,Train,1
DLRCMYPWZNEWKB-UHFFFAOYSA-N,CCOC(=O)C1=C(C)NC(C)=C(C(=O)OCC)C1c1ccc(OCCN2CCCCC2)c(Cl)c1,ChEMBL,CHEMBL4541016,,5.5376,Train,1
CEXBUHRJNQKOBZ-UHFFFAOYSA-N,O=C(CN1CCN(C(c2ccccc2)c2ccc(Cl)cc2)CC1)N(c1ccccc1)c1ccccc1,ChEMBL,CHEMBL598598,,5.5376,Train,1
CBDZLOJIUYHCHO-UHFFFAOYSA-N,COc1ccc(C(c2ccc(OC)cc2)N2CCN(C(=O)CC(c3ccccc3)c3ccccc3)CC2)cc1,PubChem,,10369420,5.5376,Train,1
HRCSHGYOQCEMTF-UHFFFAOYSA-N,O=C(NC1CC1c1ccccc1)N1CCC(c2nc(-c3nccc4ccccc34)no2)CC1,ChEMBL,CHEMBL552061,,5.52288,Train,1
WOSXQVHCZORUMF-SXOBJVMXSA-N,CCOC(=O)[C@@H]1[C@H]2/C(=C(\O)OCC)C(C)=N[C@]1(C)Sc1cc([N+](=O)[O-])ccc12,ChEMBL,CHEMBL2110298,,5.52288,Validation,1
LRAFONLWYFRVHP-UHFFFAOYSA-N,Cc1ccc2c(c1)c(CN1CCCCC1)cn2Cc1ccc(Cl)cc1,ChEMBL,CHEMBL4228209,,5.52288,Train,1
GUQPBPGGTWIQHT-JTDSTZFVSA-N,CCOC(=O)C1=C(C)N[C@]2(C)Sc3cc([N+](=O)[O-])ccc3[C@H]1[C@H]2C(=O)OCC,PubChem,,70683064,5.52288,Train,1
GYBZUPQPAFWYHB-UHFFFAOYSA-N,CN(C)c1cccc(C(=O)N2CCC(N(C3CC3)S(=O)(=O)c3cccc(C(F)(F)F)c3)CC2)c1,ChEMBL,CHEMBL2180898,,5.52288,Train,1
LICNHLYXAUMODF-UHFFFAOYSA-N,CS(=O)(=O)c1ccccc1C(=O)N1CCC(N(C2CC2)S(=O)(=O)c2cccc(C(F)(F)F)c2)CC1,ChEMBL,CHEMBL2180902,,5.52288,Train,1
YVSHQGAIDXNKCO-UHFFFAOYSA-N,CS(=O)(=O)c1ccc(F)cc1C(=O)N1CCC(N(C2CC2)S(=O)(=O)c2cccc(C(F)(F)F)c2)CC1,ChEMBL,CHEMBL2180905,,5.52288,Train,1
BFCKXECYNGKRHH-UHFFFAOYSA-N,NC(=O)c1ccccc1C(=O)N1CCC(N(C2CC2)S(=O)(=O)c2cccc(C(F)(F)F)c2)CC1,ChEMBL,CHEMBL2180899,,5.52288,Train,1
XVGZUZGYIPSSIA-UHFFFAOYSA-N,O=C(c1cccc(OC(F)(F)F)c1)N1CCC(N(C2CC2)S(=O)(=O)c2cccc(C(F)(F)F)c2)CC1,ChEMBL,CHEMBL2180895,,5.52288,Train,1
VSHHDVGDRNITCO-UHFFFAOYSA-N,O=C(c1ccc(OC(F)(F)F)cc1)N1CCC(N(C2CC2)S(=O)(=O)c2cccc(C(F)(F)F)c2)CC1,ChEMBL,CHEMBL2180896,,5.52288,Train,1
IAQPONQUFBLUJV-UHFFFAOYSA-N,O=C(Nc1ccncc1)N1N=C(c2ccccc2)CC1c1ccc(F)cc1,PubChem,,134155661,5.51004,Train,1
QUDJCWKOPXBSPH-UHFFFAOYSA-N,CN1CCC(C(c2ccc(Cl)cc2)N2CCN(C(=O)CC(c3ccccc3)c3ccccc3)CC2)CC1,PubChem,,46233600,5.50864,Validation,1
MIIPDAAENRAYGU-UHFFFAOYSA-N,CCCN(C1CCN(Cc2c(OC)cccc2OC)CC1)S(=O)(=O)c1cccc(C(F)(F)F)c1,PubChem,,4099361,5.49485,Train,1
ATAZIWXKOZRZRN-UHFFFAOYSA-N,Cc1cc(CC(=O)Nc2ccn(Cc3ccc(C#N)cn3)n2)ccc1OCC(F)(F)F,PubChem,,126740626,5.48017,Train,1
ZPEIMTDSQAKGNT-UHFFFAOYSA-N,CN(C)CCCN1c2ccccc2Sc2ccc(Cl)cc21,PubChem,,2726,5.46852,Train,1
BNGDBFOWOKKBKB-UHFFFAOYSA-N,Cc1ccc2c(c1)c(CN1CCCCC1)cn2Cc1ccccc1,PubChem,,132510884,5.46852,Train,1
BSVSYRPGGGZQDF-UHFFFAOYSA-N,CCOC(=O)C1=C(C)NC(N(C)C)=NC1c1cccc([N+](=O)[O-])c1,PubChem,,118725279,5.46852,Train,1
JDORNNHHHQXMCA-NHCUHLMSSA-N,CC(C)N1C(=O)[C@H](NC(=O)[C@@H](Cc2ccccc2OC(F)(F)F)NC(=O)OC(C)(C)C)CCc2ccccc21,PubChem,,23661730,5.45593,Train,1
QZUDBNBUXVUHMW-UHFFFAOYSA-N,CN1CCN(C2=Nc3cc(Cl)ccc3Nc3ccccc32)CC1,ChEMBL,CHEMBL42,,5.4437,Train,1
IEVRQNHCANGOFM-UHFFFAOYSA-N,Cc1ccc(Cn2cc(CN3CCCCC3)c3cc(C)ccc32)cc1,ChEMBL,CHEMBL4226864,,5.4437,Train,1
JHWPILZYDOQKHY-UHFFFAOYSA-N,Cc1ccc(C2(CCN3CCN(C)CC3)CC(c3ccccc3)=NN2C(=O)Nc2ccc(F)cc2)cc1,PubChem,,134136300,5.4437,Validation,1
RARBNPQTVOKALU-UHFFFAOYSA-N,CCOC(=O)C1=C(C)NC(C)=C(C(=O)OCc2cn(CCOCCOCCOCCOCCOCCn3cc(COC(=O)C4=C(C)NC(C)=C(C(=O)OCC)C4c4c(-c5cccc(Br)c5)noc4C)nn3)nn2)C1c1c(-c2cccc(Br)c2)noc1C,ChEMBL,CHEMBL4092304,,5.42412,Train,1
RWSPYBHNSGQITH-UHFFFAOYSA-N,Cc1ccc(C(c2ccccc2)N2CCN(CC(=O)N(c3ccccc3)c3ccccc3)CC2)c(C)c1,ChEMBL,CHEMBL599625,,5.42022,Train,1
AHOUBRCZNHFOSL-YOEHRIQHSA-N,Fc1ccc([C@@H]2CCNC[C@H]2COc2ccc3c(c2)OCO3)cc1,PubChem,,43815,5.40894,Train,1
FSXQKPHYXXIDGN-UHFFFAOYSA-N,CC1CC(c2ccccc2)=NN1C(=O)Nc1ccc(F)cc1,PubChem,,134153846,5.40894,Train,1
KFRPGKKCPKUFJB-UHFFFAOYSA-N,CCOC(=O)C1=C(C)NC(C)=C(C(=O)OCC)C1c1ccc(OCCN2CCCCCC2)c(Cl)c1,ChEMBL,CHEMBL4437775,,5.39794,Train,1
HTIQEAQVCYTUBX-UHFFFAOYSA-N,CCOC(=O)C1=C(COCCN)NC(C)=C(C(=O)OC)C1c1ccccc1Cl,ChEMBL,CHEMBL1491,,5.37675,Train,1
MUAYITOFLINYIL-UHFFFAOYSA-N,O=C(CCc1ccc(F)cc1)N1CCN(CCCC(c2ccc(F)cc2)c2ccc(F)cc2)CC1,ChEMBL,CHEMBL116735,,5.36653,Train,1
JUSWPUDQOKINJO-MAUKXSAKSA-N,C[C@H]1CC[C@@H](c2nc(-c3ccc(C(=O)Nc4cc(C(F)(F)F)ccn4)cc3F)c3c(N)nccn23)CN1C(=O)C1CC1,ChEMBL,CHEMBL4103954,,5.34679,Validation,1
CPDKCWNAYYOWLG-VWLOTQADSA-N,C[C@H](NC(=O)c1c(CN2CCC(N3CCCCC3)CC2)c(-c2cccc(C(F)(F)F)c2)nc2ccccc12)c1ccccc1,PubChem,,137647980,5.34679,Train,1
WRRXVWHNKSBLTK-OWOAZTCBSA-N,CC(C)C(=O)O[C@]1(CCN(C)CCCc2nc3ccccc3[nH]2)C[C@@H]2CC[C@H]1c1nccnc12,PubChem,,122187853,5.33724,Train,1
UISARWKNNNHPGI-UHFFFAOYSA-N,CC(CC(c1ccccc1)c1ccccc1)NC(C)(C)C,ChEMBL,CHEMBL363295,,5.31876,Train,1
FKUVJZGPXYCCEB-DEOSSOPVSA-N,COc1ccc([C@]2(CCO)CC(c3cccnc3)=NN2C(=O)Nc2ccc(Br)cc2)cc1,ChEMBL,CHEMBL3928071,,5.31876,Train,1
NQKRAVOXNXTHEY-UHFFFAOYSA-N,Cc1ccc2c(c1)c(CN1CCCCC1)cn2Cc1ccc(F)cc1,PubChem,,145969210,5.31876,Train,1
QZVNQOLPLYWLHQ-GEPVFLLWSA-N,COC(=O)C1=C(C)NC(C)=C(C(=O)O[C@@H]2CCCN(Cc3ccccc3)C2)C1c1cccc([N+](=O)[O-])c1,PubChem,,60065,5.3098,Train,1
SZFUOECQXGHHAE-RAQPGAAPSA-N,CCOC(=O)[C@H]1[C@H]2/C(=C(\O)OCC)C(C)=N[C@]1(C)Sc1ccccc12,ChEMBL,CHEMBL2110170,,5.30103,Train,1
WOSXQVHCZORUMF-RAQPGAAPSA-N,CCOC(=O)[C@H]1[C@H]2/C(=C(\O)OCC)C(C)=N[C@]1(C)Sc1cc([N+](=O)[O-])ccc12,ChEMBL,CHEMBL2110167,,5.30103,Train,1
GUQPBPGGTWIQHT-GPMSIDNRSA-N,CCOC(=O)C1=C(C)N[C@]2(C)Sc3cc([N+](=O)[O-])ccc3[C@H]1[C@@H]2C(=O)OCC,PubChem,,70695682,5.30103,Train,1
JRQKDYLMCZBENZ-GPMSIDNRSA-N,CCOC(=O)C1=C(C)N[C@]2(C)Sc3ccccc3[C@H]1[C@@H]2C(=O)OCC,PubChem,,70691450,5.30103,Validation,1
UPNUIXSCZBYVBB-JVFUWBCBSA-N,C[C@H]1CN(C[C@H](Cc2ccccc2)C(=O)NCC(=O)O)CC[C@@]1(C)c1cccc(O)c1,PubChem,,5488548,5.3,Validation,1
IEYUZLGWSIHESL-WMLDXEAASA-N,CC#C[C@@H](c1ccc(Oc2ccc(C(F)(F)F)cc2OC(F)F)cc1)[C@H]1OC(=O)NC1=O,PubChem,,54584572,5.29243,Train,1
ZRZUZERPHAXYER-RUZSNYSVSA-N,CC1=C(c2ncnn2C2CCC(C(F)(F)F)CC2)[C@@H](c2ccc(Cl)c(Cl)c2)n2nc(C(F)(F)F)cc2N1,PubChem,,136240931,5.284,Validation,1
KJEBULYHNRNJTE-DHZHZOJOSA-N,COCCOC(=O)C1=C(C)NC(C)=C(C(=O)OC/C=C/c2ccccc2)C1c1cccc([N+](=O)[O-])c1,ChEMBL,CHEMBL452076,,5.27572,Validation,1
SUKMVMFONPSNRM-DCMFLLSESA-N,O=C(O)[C@@H](C1CCCCC1)N1C[C@H](CN2CCC(CCCc3ccccc3)CC2)[C@@H](c2ccccc2)C1,PubChem,,501055,5.27572,Train,1
FBOUYBDGKBSUES-VXKWHMMOSA-N,O=C(O[C@H]1CN2CCC1CC2)N1CCc2ccccc2[C@@H]1c1ccccc1,ChEMBL,CHEMBL1734,,5.27535,Train,1
RDQXNTXNNZITKD-FQEVSTJZSA-N,O=C(Nc1ccc(F)cc1)N1N=C(c2ccncc2)C[C@H]1c1ccc(F)cc1,ChEMBL,CHEMBL3962647,,5.26761,Train,1
RTHCYVBBDHJXIQ-UHFFFAOYSA-N,CNCCC(Oc1ccc(C(F)(F)F)cc1)c1ccccc1,ChEMBL,CHEMBL41,,5.26761,Validation,1
GLOKEGVIMFVYSX-UHFFFAOYSA-N,COC(=O)C(CCC(=O)N(C)CCCc1nc2ccccc2[nH]1)(c1ccc(Br)cc1)C(C)C,PubChem,,76332364,5.266,Validation,1
PEMJJXJCZVQVTB-UHFFFAOYSA-N,Cc1cc(C)cc(COCC(NCC(N)=O)C(c2ccccc2)c2ccccc2)c1,PubChem,,44299273,5.25964,Train,1
AOQSRDPSBXFFQW-JGCGQSQUSA-N,O=C(CC(c1ccccc1)c1ccccc1)N1CCN([C@H](c2ccccc2)c2ccc(Cl)cc2)CC1,ChEMBL,CHEMBL599402,,5.25181,Validation,1
JFFRVODNJCCGPV-DEOSSOPVSA-N,COc1ccc(C2=NN(C(=O)Nc3ccc(Cl)cc3)[C@](CCO)(c3cccnc3)C2)cc1,PubChem,,134150489,5.24413,Train,1
WWQJGNLZPDECOJ-UHFFFAOYSA-N,Cc1ccc(C2(CCN3CCOCC3)CC(c3ccccc3)=NN2C(=O)Nc2ccc(F)cc2)cc1,ChEMBL,CHEMBL3902564,,5.22915,Train,1
DYXWAEVVVRIZRB-UHFFFAOYSA-N,COC(=O)C(CCC(=O)N1CCN(c2ccccc2OC)CC1)(c1ccc(Br)cc1)C(C)C,PubChem,,76321521,5.22915,Train,1
FUOPUIXPFABMRT-YFMVBIDXSA-N,CCOC(=O)[C@@H]1[C@H]2/C(=C(\O)OCC)C(C)=N[C@]1(C)Sc1c2cccc1[N+](=O)[O-],ChEMBL,CHEMBL2110301,,5.22185,Validation,1
AZIYPFHVSUAJQK-ZRGWGRIASA-N,CCOC(=O)C1=C(C)N[C@]2(C)Sc3c(cccc3[N+](=O)[O-])[C@H]1[C@H]2C(=O)OCC,PubChem,,13567337,5.22185,Train,1
JCEFNPWMPAOQID-UHFFFAOYSA-N,O=C(CC(c1ccccc1)c1ccccc1)N1CCN(C(c2ccccc2)c2ccc(C(F)(F)F)cc2)CC1,PubChem,,11756714,5.21467,Train,1
IARAKTOMNMLDLY-UHFFFAOYSA-N,O=C(CC(c1ccccc1)c1ccccc1)N1CCN(C(c2ccccc2)c2cccc(Cl)c2)CC1,PubChem,,10074489,5.20761,Train,1
PWUMRLWMPRUWGH-UHFFFAOYSA-N,COCCOc1ccc(C2(CCO)CC(c3ccccc3)=NN2C(=O)Nc2ccc(F)cc2)cc1,ChEMBL,CHEMBL3969496,,5.20066,Train,1
RDQXNTXNNZITKD-UHFFFAOYSA-N,O=C(Nc1ccc(F)cc1)N1N=C(c2ccncc2)CC1c1ccc(F)cc1,PubChem,,134136380,5.19382,Validation,1
YZQWPJWDFKAQSN-UHFFFAOYSA-N,O=C(NC1CC1c1ccccc1)N1CCC(c2nc(-c3ccc4ccccc4n3)no2)CC1,PubChem,,45271618,5.16749,Train,1
AOQSRDPSBXFFQW-YTTGMZPUSA-N,O=C(CC(c1ccccc1)c1ccccc1)N1CCN([C@@H](c2ccccc2)c2ccc(Cl)cc2)CC1,PubChem,,46233253,5.16749,Train,1
JDFLEUYRGZPZQD-UHFFFAOYSA-N,O=C(CC(c1ccccc1)c1ccccc1)N1CCN(C(c2ccccc2)c2cccc(C(F)(F)F)c2)CC1,PubChem,,9984406,5.13371,Validation,1
AOQSRDPSBXFFQW-UHFFFAOYSA-N,O=C(CC(c1ccccc1)c1ccccc1)N1CCN(C(c2ccccc2)c2ccc(Cl)cc2)CC1,PubChem,,10368509,5.13077,Validation,1
GZKLJWGUPQBVJQ-UHFFFAOYSA-N,O=C1NCCN1CCN1CCC(c2cn(-c3ccc(F)cc3)c3ccc(Cl)cc23)CC1,ChEMBL,CHEMBL12713,,5.11919,Train,1
RDQXNTXNNZITKD-HXUWFJFHSA-N,O=C(Nc1ccc(F)cc1)N1N=C(c2ccncc2)C[C@@H]1c1ccc(F)cc1,PubChem,,134140414,5.10791,Validation,1
NIMFDABOPDBIHU-UHFFFAOYSA-N,O=C(CN1CCN(C(c2ccccc2)c2cccc(Cl)c2Cl)CC1)N(c1ccccc1)c1ccccc1,PubChem,,11606200,5.10237,Train,1
DDAGGHIDQSHQBU-VSGBNLITSA-N,CC(C)[C@@]1(C(=O)O)CC[C@@](C)(c2nc(-c3ccc(C(=O)Nc4cc(C(F)(F)F)ccn4)cc3)c3c(N)nccn23)C1,ChEMBL,CHEMBL4096195,,5.09691,Train,1
BDYLGPUIUMBDQP-CZTZKLFOSA-N,Nc1nc(CC(=O)Nc2ccc(C[C@@H]3CC[C@H]([C@H](O)c4ccccc4)N3)cc2)cs1,PubChem,,44472590,5.08619,Train,1
BCGWQEUPMDMJNV-UHFFFAOYSA-N,CN(C)CCCN1c2ccccc2CCc2ccccc21,ChEMBL,CHEMBL11,,5.08092,Train,1
GGKXNHJATNHIDB-UHFFFAOYSA-N,O=C(CN1CCN(C(c2ccccc2)c2ccc(Cl)cc2Cl)CC1)N(c1ccccc1)c1ccccc1,PubChem,,11548252,5.0655,Train,1
FABVFBWUQYJEHO-UHFFFAOYSA-N,Cc1ccc(C2(CCO)CC(c3ccncc3)=NN2C(=O)Nc2ccc(F)cc2)cc1,PubChem,,134132803,5.0655,Train,1
FFKCNARCPCGPQH-UHFFFAOYSA-N,CCOC(=O)c1c(C)nc2nc3c(c(N)c2c1-c1ccc(OC)c(OC)c1)CCCCC3,ChEMBL,CHEMBL252580,,5.04576,Validation,1
OGJGQVFWEPNYSB-UHFFFAOYSA-N,Clc1ccc(N2CCN(Cc3c[nH]c4ncccc34)CC2)cc1,PubChem,,5311200,5.04576,Train,1
GPLVYGAGGDNJPY-UHFFFAOYSA-N,CCOC(=O)c1c(C)nc2nc3c(c(N)c2c1-c1cccc(OC)c1)CCCCC3,PubChem,,156018529,5.04576,Validation,1
KGKFKQGQYIUQAL-UHFFFAOYSA-N,CN1CCCC(C(c2ccccc2)N2CCN(C(=O)CC(c3ccccc3)c3ccccc3)CC2)C1,PubChem,,46233599,5.03152,Train,1
PSEHTODILBVIHC-UHFFFAOYSA-N,Cc1ccc(C(c2ccccc2)N2CCN(C(=O)CC(c3ccccc3)c3ccccc3)CC2)c(C)c1,PubChem,,10051194,5.01773,Train,1
BZIQEKUXLTYGGM-UHFFFAOYSA-N,CCOC(=O)C1=C(C)NC(C)=C(C(=O)OCc2cn(CCOCCOCCOCCOCCOCCn3cc(COC(=O)C4=C(C)NC(C)=C(C(=O)OCC)C4c4c(-c5ccccc5Br)noc4C)nn3)nn2)C1c1c(-c2ccccc2Br)noc1C,ChEMBL,CHEMBL4071511,,5,Train,1
IXLAACMWTDRWNI-HUROMRQRSA-N,O=C(O)[C@@H](CC1CCC1)N1C[C@H](CN2CCC(c3cnc4ccc(C(F)(F)F)cn34)CC2)[C@@H](c2cccc(F)c2)C1,ChEMBL,CHEMBL435886,,5,Train,1
PEOZESLDPFYTRU-WYMJOSIYSA-N,O=C(O)[C@@H](CC1CCC1)N1C[C@H](CN2CCC(c3cnc4ccccn34)CC2)[C@@H](c2cccc(F)c2)C1,ChEMBL,CHEMBL2113086,,5,Train,1
OMRUHMMHFQEGRU-UHFFFAOYSA-N,Cc1cccnc1CN1CCC2(CC1)C(=O)N(c1ccc(-c3ccccc3)cc1)C(=O)N2c1cc(O)ccn1,ChEMBL,CHEMBL2043006,,5,Train,1
QIGQORKIIZXLEM-UHFFFAOYSA-N,Cc1cccnc1CN1CCC2(CC1)C(=O)N(c1ccc(-c3ccccc3)cc1)C(=O)N2c1ccc(O)nn1,ChEMBL,CHEMBL2043008,,5,Train,1
CZSFREBMALGBIV-UHFFFAOYSA-N,O=C(Nc1ccc(F)cc1)N1N=C(c2cc[n+]([O-])cc2)CC1c1ccc(F)cc1,ChEMBL,CHEMBL3893662,,5,Train,1
SPKKAJSHCXENCX-UHFFFAOYSA-N,CC1(C)CCOc2c(Cl)cc(CN3CCC4(CC3)CC(=O)N(c3ccc(C(=O)O)cc3)C4)cc21,ChEMBL,CHEMBL4284867,,5,Validation,1
OVMAUAKWDNZBTI-UHFFFAOYSA-N,CN(C)CCOc1ccc(C2(CCO)CC(c3ccccc3)=NN2C(=O)Nc2ccc(F)cc2)cc1,ChEMBL,CHEMBL3938181,,5,Train,1
VEONUVYKBNAEAW-UHFFFAOYSA-N,COCC1(c2ccc(C)cc2)CC(c2ccccc2)=NN1C(=O)Nc1ccc(F)cc1,ChEMBL,CHEMBL3941425,,5,Train,1
TZKUGIRGCXPINC-UHFFFAOYSA-N,O=C(Nc1ccc(F)cc1)N1N=C(c2ccccc2)CC1c1ccc(F)cc1,ChEMBL,CHEMBL3981633,,5,Train,1
RVUKXXPNEGFYBD-UHFFFAOYSA-N,O=C(Nc1cccc(F)c1)N1N=C(c2ccc(Br)cc2)CC1c1ccc(F)cc1,ChEMBL,CHEMBL3966141,,5,Train,1
YKFSMOUFOXUQLG-UHFFFAOYSA-N,Cc1ccc(Nc2nc(C(=O)N3CCCC(C)C3C)cs2)cc1,ChEMBL,CHEMBL2418806,,5,Validation,1
KXOBYPUBQLDKPN-UHFFFAOYSA-N,CS(=O)(=O)c1ccc(C2CC(c3ccccc3)=NN2C(=O)Nc2ccc(F)cc2)cc1,ChEMBL,CHEMBL3964030,,5,Train,1
MVYVCIKGEFGAJD-UHFFFAOYSA-N,O=C(c1ccccc1)N1N=C(c2ccc(Br)cc2)CC1c1ccc(F)cc1,ChEMBL,CHEMBL3951427,,5,Train,1
FKUVJZGPXYCCEB-UHFFFAOYSA-N,COc1ccc(C2(CCO)CC(c3cccnc3)=NN2C(=O)Nc2ccc(Br)cc2)cc1,ChEMBL,CHEMBL3898970,,5,Train,1
TVKFXIAPJNQMPV-UHFFFAOYSA-N,Fc1ccc(NC(=S)N2N=C(c3ccc(Br)cc3)CC2c2ccc(F)cc2)cc1,ChEMBL,CHEMBL3897833,,5,Validation,1
SFBZRXGHYCXLLK-UHFFFAOYSA-N,CS(=O)(=O)c1ccc(C2(CCO)CC(c3ccccc3)=NN2C(=O)Nc2ccc(F)cc2)cc1,ChEMBL,CHEMBL3937064,,5,Train,1
UNCDRASKFWAOIZ-UHFFFAOYSA-N,O=C(O)c1ccc(N2CC3(CCN(Cc4cc(C(F)(F)F)ccc4C4CC4)CC3)OC2=O)cc1,ChEMBL,CHEMBL4289325,,5,Train,1
XEBIKXNLTIXWSW-UHFFFAOYSA-N,Cc1cccnc1CN1CCC2(CC1)C(=O)N(c1ccc(-c3ccccc3)cc1)C(=O)N2c1ccnc(O)n1,ChEMBL,CHEMBL2043007,,5,Train,1
LBASGRMYSCHRIS-UHFFFAOYSA-N,O=C(Nc1ccccc1F)N1N=C(c2ccc(Br)cc2)CC1c1ccc(F)cc1,ChEMBL,CHEMBL3905702,,5,Train,1
YBYYWUUUGCNAHQ-LLVKDONJSA-N,N#Cc1cnc(Nc2cc(NC[C@H]3CNCCO3)c(C(F)(F)F)cn2)cn1,ChEMBL,CHEMBL4169078,,5,Validation,1
RTJQABCNNLMCJF-UHFFFAOYSA-N,CS(=O)(=O)c1ccc(-c2cnc(N)c(-c3ccc(C(F)(F)F)nc3)c2)cc1,ChEMBL,CHEMBL2041980,,5,Train,1
RXUODJMQFRVNSY-UHFFFAOYSA-N,CC(C)n1cc(CN2CCC3(CC2)CC(=O)N(c2ccc(C(=O)O)cc2)C3)c2c(C3CC3)cccc21,ChEMBL,CHEMBL4278328,,5,Train,1
ODUIXUGXPFKQLG-QWRGUYRKSA-N,Cc1sc(Nc2ccc(Cl)cc2F)nc1C(=O)N1CCC[C@H](C)[C@@H]1C,ChEMBL,CHEMBL2418811,,5,Train,1
HDBMKSCBAFSILW-UHFFFAOYSA-N,COc1ccc(C(c2ccc(C(F)(F)F)cc2)N2CCN(C(=O)CC(c3ccccc3)c3ccccc3)CC2)cc1,ChEMBL,CHEMBL3930176,,5,Train,1
KHPNJTJAWHKVIL-UHFFFAOYSA-N,Cc1nc2nc3c(c(N)c2c(-c2ccccc2)c1C(=O)OC(C)C)CCCC3,ChEMBL,CHEMBL252781,,5,Train,1
MLTWOMDQQFOCMD-UHFFFAOYSA-N,O=C(CC(c1ccccc1)c1ccccc1)N1CCN(C(c2ccccc2)c2ccccc2C(F)(F)F)CC1,PubChem,,10098449,5,Train,1
VRUOVISKRCYPCS-UHFFFAOYSA-N,CCOC(=O)c1c(C)nc2nc3c(c(N)c2c1-c1ccccc1)CCCCCC3,PubChem,,76318775,5,Train,1
SJUQOLPRDNYNQN-HUROMRQRSA-N,O=C(O)[C@@H](CC1CCC1)N1C[C@H](CN2CCC(c3cnc4ccc(Cl)cn34)CC2)[C@@H](c2cccc(F)c2)C1,PubChem,,44401751,5,Train,1
SGDWPIDXMHBDQC-UHFFFAOYSA-N,Cc1cccnc1CN1CCC2(CC1)C(=O)N(c1ccc(-c3ccccc3)cc1)C(=O)N2c1cc(=O)[nH]cn1,PubChem,,136069494,5,Train,1
PVTFEAGMCGMRRS-UHFFFAOYSA-N,CNc1nc(C)nc(N2CCC(C(=O)NCc3ccc(Br)cc3OC(F)(F)F)CC2)n1,PubChem,,25261456,5,Train,1
VGGHHCZNCHDRRO-VFNWGFHPSA-N,COc1cccc2c1[C@H](c1ccccc1)N(C(=O)CNC[C@@H](C)O)CC2,PubChem,,25118805,5,Validation,1
LHCKOUZHHLPSDY-UHFFFAOYSA-N,CC(C)(C)c1cc(C(c2ccccc2)N2CCN(C(=O)CC(c3ccccc3)c3ccccc3)CC2)cc(C(C)(C)C)c1O,PubChem,,10257808,5,Train,1
KVFQRBAKLYBANP-UHFFFAOYSA-N,COc1ccc(NC(=O)N2N=C(c3ccc(Br)cc3)CC2c2ccc(F)cc2)cc1,PubChem,,134139103,5,Train,1
OOFQEIIIUMVFAD-UHFFFAOYSA-N,CS(=O)(=O)c1ccc(C2CC(c3ccncc3)=NN2C(=O)Nc2ccc(F)cc2)cc1,PubChem,,134139327,5,Train,1
CJHDUQNADHUXSB-UHFFFAOYSA-N,O=C(Nc1ccc(F)cc1)N1N=C(c2ccc(Br)cc2)CC1c1ccc(F)cc1,PubChem,,134136586,5,Validation,1
IFSMGIMMUCBFTK-UHFFFAOYSA-N,CCc1ccc(NC(=O)N2N=C(c3ccc(Br)cc3)CC2c2ccc(F)cc2)cc1,PubChem,,134142247,5,Train,1
OTKTZEZTFCAULO-DEOSSOPVSA-N,O=C(O)C[C@]1(CC(F)(F)F)CCc2cc(-c3cnc(NC(=O)Nc4ccc(F)c(F)c4)cn3)ccc2C1=O,PubChem,,137628648,5,Train,1
BWOFJGLIPMRXRZ-UHFFFAOYSA-N,CCOC(=O)C1=C(C)NC(C)=C(C(=O)OCc2cn(CCOCCOCCOCCOCCOCCn3cc(COC(=O)C4=C(C)NC(C)=C(C(=O)OCC)C4c4c(-c5ccccc5)noc4C)nn3)nn2)C1c1c(-c2ccccc2)noc1C,PubChem,,137645885,5,Train,1
UWHFPKPNAAYPQP-UHFFFAOYSA-N,O=C(O)c1ccc(N2CC3(CCN(Cc4cc(Cl)c(-c5ccc(F)cc5F)c(C5CC5)c4)CC3)OC2=O)cc1,PubChem,,89583208,5,Train,1
TUADROHZTJLERW-ZWKOTPCHSA-N,N#Cc1ccc(S(=O)(=O)N2C[C@H](S(=O)(=O)c3ccc(Cl)cc3)[C@](O)(CO)C2)c(Cl)c1,PubChem,,134374895,5,Train,1
YNUAEEJQYHYLMS-UHFFFAOYSA-N,O=C1c2cc(-c3ccc(OC(F)(F)F)cc3)ccc2OCCN1Cc1ncccn1,ChEMBL,CHEMBL3707392,,5,Validation,1
NIIBPFADTOPKBI-HAQNSBGRSA-N,N#CC[C@H]1CC[C@H](n2c(=O)[nH]c3cnc(Nc4ccc[nH]c4=O)nc32)CC1,ChEMBL,CHEMBL4463007,,5,Train,1
DMXXHOVVWMOBRX-UHFFFAOYSA-N,CC(C)(C)NC(=O)Cn1c(C(=O)NC(C)(C)C)cc2cc(C(C)(C)C(=O)NC(C)(C)C)ccc21,ChEMBL,CHEMBL1643738,,5,Train,1
NEVOPLSTEBWKDY-UHFFFAOYSA-N,Cc1cc(C)cc(-c2cc3cc(C(C)(C)C(=O)NC(C)(C)C)ccc3n2CC(=O)OC(C)(C)C)c1,ChEMBL,CHEMBL1643723,,5,Train,1
PUCSOJJDYCRJOQ-UHFFFAOYSA-N,CC(C)(C)NC(=O)Cn1c(-c2ccc(F)cc2)cc2cc(C(C)(C)C(=O)NC(C)(C)C)ccc21,ChEMBL,CHEMBL1643729,,5,Train,1
CZSPPTVCJPFLSX-UHFFFAOYSA-N,CC(C)(C)NC(=O)Cn1c(-c2ccc(OC(F)(F)F)cc2)cc2cc(C(C)(C)C(=O)NC(C)(C)C)ccc21,ChEMBL,CHEMBL1643735,,5,Train,1
GEBISPTWUCDYIX-UHFFFAOYSA-N,CC(C)(C)NC(=O)Cn1c(C(C)(C)C)cc2cc(C(C)(C)C(=O)NC(C)(C)C)ccc21,ChEMBL,CHEMBL1643737,,5,Train,1
SWWXJQJSZOXVEH-UHFFFAOYSA-N,CC(C)(C)NC(=O)Cn1c(-c2cc(F)cc(C(F)(F)F)c2)cc2cc(C(C)(C)C(=O)NC(C)(C)C)ccc21,ChEMBL,CHEMBL1643731,,5,Train,1
PFOCNQRWWASAAD-UHFFFAOYSA-N,CC(C)(C)NC(=O)Cn1c(-c2ccccc2)cc2cc(C(C)(C)C(=O)NC(C)(C)C)ccc21,ChEMBL,CHEMBL1643728,,5,Train,1
UPIGINOFGWONOH-GOTSBHOMSA-N,CCc1ccc2nc(N3CCC(N[C@H]4CCCC[C@@H]4O)CC3)c(-c3nc(C)no3)cc2c1,ChEMBL,CHEMBL4576339,,5,Train,1
LNRCOYGFXLOJIM-UHFFFAOYSA-N,Cc1cc(C)cc(-c2cc3cc(C(C)(C)C(=O)NC(C)(C)C)ccc3n2CC(=O)NC(C)(C)C)c1,ChEMBL,CHEMBL1643724,,5,Train,1
SSLUYBNMMZMXPZ-NHCUHLMSSA-N,CC(C)N1C(=O)[C@H](NC(=O)[C@@H](Cc2cccc(F)c2C(F)(F)F)NC(=O)OC(C)(C)C)CCc2ccccc21,ChEMBL,CHEMBL247647,,5,Train,1
KNJQFZASBAPYRN-FGZHOGPDSA-N,CC(C)N1C(=O)[C@H](NC(=O)[C@@H](Cc2cccc(C(F)(F)F)c2)NC(=O)OC(C)(C)C)CCc2ccccc21,ChEMBL,CHEMBL245598,,5,Train,1
RKTAORFIYOHFPV-UHFFFAOYSA-N,COc1ccccc1-c1cc2cc(C(C)(C)C(=O)NC(C)(C)C)ccc2n1CC(=O)NC(C)(C)C,ChEMBL,CHEMBL1643736,,5,Train,1
DSFRUNSNUAICKP-UHFFFAOYSA-N,Cc1cc(C)cc(-c2cc3cc(C(C)(C)C(=O)N(C)C)ccc3n2CC(C)O)c1,ChEMBL,CHEMBL1643714,,5,Validation,1
NQTIGCUCDYLION-UHFFFAOYSA-N,CC(C)(C)NC(=O)Cn1c(-c2cc(C(F)(F)F)cc(C(F)(F)F)c2)cc2cc(C(C)(C)C(=O)NC(C)(C)C)ccc21,ChEMBL,CHEMBL1643730,,5,Train,1
IYFHTLITWVCFNG-UHFFFAOYSA-N,CC(C)(C)NC(=O)Cn1c(-c2cccc(OC(F)(F)F)c2)cc2cc(C(C)(C)C(=O)NC(C)(C)C)ccc21,ChEMBL,CHEMBL1643734,,5,Train,1
SOEATSBOVKRGLH-UHFFFAOYSA-N,COCCn1c(-c2cc(C)cc(C)c2)cc2cc(C(C)(C)C(=O)NC(C)(C)C)ccc21,ChEMBL,CHEMBL1643725,,5,Validation,1
QWVOWTQCAWDAIT-LVEBQJTPSA-N,COc1ccc2ncc(F)c(CC[C@@]3(O)CO[C@@H]4[C@@H](NCc5cc6c(cn5)OCCO6)CO[C@@H]43)c2n1,ChEMBL,CHEMBL4788651,,5,Validation,1
RIXMAIPAVTVMOH-UHFFFAOYSA-N,CC(C)(C)NC(=O)Cn1c(-c2ccc(F)cc2F)cc2cc(C(C)(C)C(=O)NC(C)(C)C)ccc21,ChEMBL,CHEMBL1643732,,5,Train,1
HXROZKYKRUBOCX-FGZHOGPDSA-N,CC(C)N1C(=O)[C@H](NC(=O)[C@@H](Cc2ccccc2F)NC(=O)OC(C)(C)C)CCc2ccccc21,ChEMBL,CHEMBL445940,,5,Train,1
HEMMPJBFWMJXLO-FGZHOGPDSA-N,CC(C)N1C(=O)[C@H](NC(=O)[C@@H](Cc2cc(F)ccc2F)NC(=O)OC(C)(C)C)CCc2ccccc21,ChEMBL,CHEMBL248195,,5,Train,1
JWHAUXFOSRPERK-UHFFFAOYSA-N,CCCNCC(O)COc1ccccc1C(=O)CCc1ccccc1,ChEMBL,CHEMBL631,,5,Validation,1
TYGGJSPSDQOABJ-HXUWFJFHSA-N,CCOC(=O)C(C)(C)c1ccc2c(c1)c([C@H](C)CO)c(-c1cc(C)cc(C)c1)n2C(=O)OC(C)(C)C,ChEMBL,CHEMBL1643713,,5,Validation,1
CHORXNDLHAFLCJ-ANYOXOOPSA-N,CCCN[C@@H](C)c1c(-c2cc(C)cc(C)c2)[nH]c2ccc(C(C)(C)C(=O)N3C4CCC3CC4)cc12,ChEMBL,CHEMBL1643712,,5,Train,1
QMSYRAZMYGWQJB-UHFFFAOYSA-N,NC1(Cc2nc(-c3ccc(OC(F)(F)F)cc3)c[nH]2)COC1,ChEMBL,CHEMBL4096468,,5,Train,1
JHRCZIKHMOJCKF-UHFFFAOYSA-N,Cc1ccc2nc(N3CCC(NC4CCOCC4)CC3)c(-c3nc(C)no3)cc2c1,ChEMBL,CHEMBL4440935,,5,Train,1
GCNBHLMIBIUQQO-FGZHOGPDSA-N,CC(C)N1C(=O)[C@H](NC(=O)[C@@H](Cc2c(F)cccc2C(F)(F)F)NC(=O)OC(C)(C)C)CCc2ccccc21,ChEMBL,CHEMBL247648,,5,Validation,1
MOZIKIPMNMVIHR-UHFFFAOYSA-N,COC(=O)C(C)(C)c1ccc2c(c1)cc(-c1cc(C)cc(C)c1)n2CC(C)O,ChEMBL,CHEMBL1643716,,5,Train,1
GBRPQCXRDNPKAA-UHFFFAOYSA-N,CC(C)(C)NC(=O)Cn1c(-c2ccccc2OC(F)(F)F)cc2cc(C(C)(C)C(=O)NC(C)(C)C)ccc21,ChEMBL,CHEMBL1643733,,5,Validation,1
YALMTJOCIGQSJL-FGZHOGPDSA-N,CC(C)N1C(=O)[C@H](NC(=O)[C@@H](Cc2c(F)cccc2F)NC(=O)OC(C)(C)C)CCc2ccccc21,ChEMBL,CHEMBL248196,,5,Train,1
IENLGMOXAQMNEH-CYBMUJFWSA-N,COc1cc(Nc2cnc(C#N)c(O[C@H](C)CN(C)C)n2)ncc1-c1cnn(C)c1,ChEMBL,CHEMBL2203843,,5,Train,1
OKJKIOJUDZFVDL-UHFFFAOYSA-N,O=C(NC1CCN(Cc2ccc3ccc(=O)oc3c2)CC1)c1cc(=O)c2ccc(F)cc2o1,ChEMBL,CHEMBL386281,,5,Train,1
UIKROCXWUNQSPJ-VIFPVBQESA-N,CN1C(=O)CC[C@H]1c1cccnc1,ChEMBL,CHEMBL578211,,5,Train,1
LLUSLQOHYIRJHX-UHFFFAOYSA-N,O=C1Cc2cc(S(=O)(=O)NNc3ccc(Br)cc3)ccc2N1,ChEMBL,CHEMBL3763166,,5,Train,1
KGMCVOGBZQPRMQ-QOCHGBHMSA-N,Nc1ccc(C/N=C2/C3C4CC5C6C4C2C6C2(OCCO2)C53)cc1,ChEMBL,CHEMBL4474332,,5,Validation,1
ATSZNBUNXOVIFL-UHFFFAOYSA-N,CCOC(=O)C1=C(C)NC(C)=C(C(=O)OCC)C1c1ccc(OCCN2CCCCC2)cc1,ChEMBL,CHEMBL4465625,,5,Validation,1
BWKFISMPBGBLSK-UHFFFAOYSA-N,CCOC(=O)C1=C(C)NC(C)=C(C(=O)OCC)C1c1ccc(OCCCN2CCCC2)cc1,ChEMBL,CHEMBL4455698,,5,Train,1
GGOLMVMHJCDTKF-UHFFFAOYSA-N,CCOC(=O)C1=C(C)NC(C)=C(C(=O)OCC)C1c1ccc(OCCCCN2CCCCC2)cc1,ChEMBL,CHEMBL4470234,,5,Train,1
KQDKFJMCRKUNIS-RWEWTDSWSA-N,C#CCNCc1ccc(C/N=C2/C3C4CC5C6C4C2C6C2(OCCO2)C53)cc1,ChEMBL,CHEMBL4530974,,5,Train,1
ZDOBSAPHUUUOHX-OSYLJGHBSA-N,O=C(NC[C@H]1[C@@H]2CN(C(=O)OCc3cc(C(F)(F)F)cc(C(F)(F)F)c3)C[C@H]12)c1ccc2[nH]nnc2c1,ChEMBL,CHEMBL4165749,,5,Train,1
AVESFRBKERIICX-UHFFFAOYSA-N,c1ccc(CNC23OC4C5C6CC(C7C6C4C72)C53)cc1,ChEMBL,CHEMBL391409,,5,Train,1
QCDMXSAWAIIPTD-UHFFFAOYSA-N,NCc1ccc(CNC2C3C4CC5C6C4C2C6C2(OCCO2)C53)cc1,ChEMBL,CHEMBL4543582,,5,Train,1
FHDWQUBIYNEMID-UHFFFAOYSA-N,Nc1ccc(CNC23OC4C5C6CC(C7C6C4C72)C53)cc1,ChEMBL,CHEMBL4561709,,5,Train,1
YVJIXGWXYCUNTA-UHFFFAOYSA-N,CCOC(=O)C1=C(C)NC(C)=C(C(=O)OCC)C1c1ccc(OCCCN2CCCC2)c(OC)c1,ChEMBL,CHEMBL4434809,,5,Train,1
VDQPBLXOUSKZEE-KDJHSEOYSA-N,c1cc(C/N=C2\C3C4CC5C6C4C2C6C2(OCCO2)C53)ccc1C/N=C1/C2C3CC4C5C3C1C5C1(OCCO1)C42,ChEMBL,CHEMBL4436402,,5,Train,1
PNPIPQKWOXPTBU-ATJXCDBQSA-N,NCc1ccc(C/N=C2/C3C4CC5C6C4C2C6C2(OCCO2)C53)cc1,ChEMBL,CHEMBL4530916,,5,Train,1
UKQUTKATMQCYJX-UHFFFAOYSA-N,NCc1ccc(CN2C3C4C5CC6C7C5C3C7C2(O)C64)cc1,ChEMBL,CHEMBL4447070,,5,Train,1
SFSLHKNGLMRBTO-ZETCQYMHSA-N,C[C@H](NC(=O)c1cc(C(F)(F)F)nn1C)c1nc(-c2ccnc(C(F)(F)F)c2)no1,ChEMBL,CHEMBL4741793,,4.97062,Train,0
GTSIUFNWVXFHJS-UHFFFAOYSA-N,CN1CCC(C(c2ccc(F)cc2)N2CCN(C(=O)CC(c3ccccc3)c3ccccc3)CC2)CC1,ChEMBL,CHEMBL597783,,4.95861,Train,0
RQDRWTLKQRNDSG-UHFFFAOYSA-N,Cn1cc(C2CCN(C(=O)NC3CC3c3ccccc3)CC2)nn1,PubChem,,45271593,4.95861,Train,0
JCCNYMKQOSZNPW-UHFFFAOYSA-N,CCOC(=O)N1CCC(=C2c3ccc(Cl)cc3CCc3cccnc32)CC1,ChEMBL,CHEMBL998,,4.9431,Train,0
KRMDCWKBEZIMAB-UHFFFAOYSA-N,CN(C)CCC=C1c2ccccc2CCc2ccccc21,ChEMBL,CHEMBL629,,4.93554,Train,0
DCSUBABJRXZOMT-UHFFFAOYSA-N,COc1cc(N)c(Cl)cc1C(=O)NC1CCN(CCCOc2ccc(F)cc2)CC1OC,PubChem,,2769,4.92812,Train,0
SJIHFYQHTFWHTM-UHFFFAOYSA-N,O=C(NC1CC1c1ccccc1)N1CCC(c2nc3ccccc3o2)CC1,ChEMBL,CHEMBL552402,,4.92082,Train,0
VCPMZDWBEWTGNW-UHFFFAOYSA-N,O=C(CC(c1ccccc1)c1ccccc1)N1CCN(C(c2ccccc2)c2ccccc2)CC1,ChEMBL,CHEMBL604710,,4.91364,Train,0
KRJOUGOTSWPYDG-UHFFFAOYSA-N,Cc1cc(-c2cc(OC(F)(F)F)ccc2Cl)cc(C)c1OCCCC(=O)O,ChEMBL,CHEMBL3909872,,4.89143,Train,0
TUABCARNQAPXIP-SXOMAYOGSA-N,C[C@]1(C(=O)O)CCC[C@@](C)(c2nc(-c3ccc(C(=O)Nc4cc(C(F)(F)F)ccn4)cc3)c3c(N)nccn23)C1,ChEMBL,CHEMBL4074833,,4.88606,Train,0
RJTCPQUWULEEAK-GEWUYGHSSA-N,O=C(Cn1cnc2ccccc2c1=O)Nc1ccc(C[C@@H]2CC[C@H]([C@H](O)c3ccccc3)N2)cc1,ChEMBL,CHEMBL3764774,,4.88606,Train,0
JTQKDWBEVOKNEB-UHFFFAOYSA-N,CCOC(=O)c1c(C)nc2nc3c(c(N)c2c1-c1ccc([N+](=O)[O-])cc1)CCCCC3,PubChem,,156012588,4.88606,Train,0
HQZBFDAIHIKVRO-CXAGYDPISA-N,CC(C)(C)CCN1CC[C@H](CNC(=O)c2cc(Cl)cc(Cl)c2)[C@H](F)C1,ChEMBL,CHEMBL493677,,4.82681,Train,0
FOJGGWIJRFOXIF-UHFFFAOYSA-N,O=C(Nc1ccc(C(F)(F)F)cc1)N1CCC(c2nc(-c3ccccn3)no2)CC1,ChEMBL,CHEMBL555347,,4.82391,Train,0
KTQAEYIAPRUAEC-MKPDMIMOSA-N,C[C@]1(C(=O)O)CC[C@@](C)(c2nc(-c3ccc(C(=O)Nc4cc(C(F)(F)F)ccn4)cc3)c3c(N)nccn32)CC1,ChEMBL,CHEMBL4079697,,4.82391,Train,0
VFUWYNPQDXMVOJ-UHFFFAOYSA-N,CCOc1cc(CN2CCC3(CC2)CC(=O)N(c2ccc(C(=O)O)cc2)C3)cc(OCC)c1-c1ccc(F)cc1.O=C(O)C(F)(F)F,ChEMBL,CHEMBL4282052,,4.82391,Validation,0
PQXUGFFGKUMGFF-UHFFFAOYSA-N,CCOC(=O)c1c(C)nc2nc3c(c(N)c2c1-c1cccc(OC)c1)CCCC3,ChEMBL,CHEMBL399040,,4.82391,Train,0
KTQAEYIAPRUAEC-UHFFFAOYSA-N,CC1(C(=O)O)CCC(C)(c2nc(-c3ccc(C(=O)Nc4cc(C(F)(F)F)ccn4)cc3)c3c(N)nccn23)CC1,PubChem,,121454982,4.82391,Train,0
LQQCSYOAQDXWAD-UHFFFAOYSA-N,CCOc1cc(C(=O)Nc2cc(C(F)(F)F)ccn2)ccc1-c1nc(C23CCC(C(=O)O)(CC2)CC3)n2ccnc(N)c12,PubChem,,121455794,4.82391,Train,0
FMYWPHYXKMHHNZ-UHFFFAOYSA-N,CCOC(=O)C1=C(C)NC(C)=C(C(=O)OCC)C1c1ccc(OCCCCCN2CCCC2)cc1,PubChem,,155544914,4.82391,Validation,0
HTIVRXDQROURHF-UHFFFAOYSA-N,O=C(O)CCc1cc2cc(-c3cc(OC(F)(F)F)ccc3F)ccc2o1,PubChem,,134134229,4.82131,Train,0
KOHIRBRYDXPAMZ-UHFFFAOYSA-N,OC(CNCC(O)C1CCc2cc(F)ccc2O1)C1CCc2cc(F)ccc2O1,ChEMBL,CHEMBL434394,,4.8,Train,0
FQUAFMNPXPXOJE-UHFFFAOYSA-N,COc1ccc(S(=O)(=O)Nc2c(C)cc(C)cc2C)cc1,ChEMBL,CHEMBL3311308,,4.8,Train,0
LKLNMXOBAGRYCK-UHFFFAOYSA-N,CCOC(=O)C1=C(C)NC(C)=C(C(=O)OCC)C1c1ccc(OCCCN2CCCC2)c(OCC)c1,ChEMBL,CHEMBL4473509,,4.79588,Train,0
NDVDBJIRXMBDOD-VGOFMYFVSA-N,CCOC(=O)N1CC/C(=C\C#Cc2cccc(C)n2)C1,PubChem,,155555556,4.78968,Train,0
HNAVIKSKUJRFAB-UHFFFAOYSA-N,CCOC(=O)c1c(C)nc2nc3c(c(N)c2c1-c1ccccc1OC)CCCCC3,ChEMBL,CHEMBL2234539,,4.76955,Train,0
FAGLJGFRSMDZBW-UHFFFAOYSA-N,CCOC(=O)c1c(C)nc2nc3c(c(N)c2c1-c1ccc(F)cc1)CCCCC3,ChEMBL,CHEMBL252578,,4.76955,Train,0
YLJREFDVOIBQDA-UHFFFAOYSA-N,Nc1c2c(nc3ccccc13)CCCC2,PubChem,,1935,4.76955,Train,0
MTACWCHMAADIEZ-UHFFFAOYSA-N,O=C(NC(c1ccccc1)c1ccccc1)N1CCN(C(c2ccccc2)c2cccc(Cl)c2)CC1,ChEMBL,CHEMBL597756,,4.74715,Train,0
GSURGAWEPTXPFX-UHFFFAOYSA-N,CNC(=O)c1c(-c2ccc(F)cc2)oc2cc(N(C)S(C)(=O)=O)c(-c3ccc4ccn5c6cccc(F)c6cc5c4n3)cc12,ChEMBL,CHEMBL3901713,,4.74473,Train,0
MURUVADFDBVLDP-UHFFFAOYSA-N,CNC(=O)c1c(-c2ccc(F)cc2)oc2cc(N(C)S(C)(=O)=O)c(-c3ccc4c(n3)-c3cc5c(F)cccc5n3CC4)cc12,PubChem,,77845572,4.74473,Train,0
YCHHFZRJBHOKQX-UHFFFAOYSA-N,CCOC(=O)c1c(C)nc2nc3c(c(N)c2c1-c1cccc([N+](=O)[O-])c1)CCCC3,PubChem,,44445180,4.74473,Train,0
SXVSUPYHNNTUMY-FTJBHMTQSA-N,C[C@]1(C(=O)O)CC[C@@](C)(c2nc(-c3ccc(C(=O)Nc4cc(C(F)(F)F)ccn4)cc3)c3c(N)nccn23)C1,ChEMBL,CHEMBL4068919,,4.72125,Train,0
VJCACPMAAVZCPB-UHFFFAOYSA-N,O=C(NC1CC1c1ccccc1)N1CCC(c2nc(-c3cccnc3)no2)CC1,PubChem,,45272510,4.72125,Train,0
LOUPRKONTZGTKE-LHHVKLHASA-N,C=C[C@H]1CN2CC[C@H]1C[C@@H]2[C@@H](O)c1ccnc2ccc(OC)cc12,ChEMBL,CHEMBL1294,,4.7029,Train,0
IPBYCCUTXNVVAE-CJLVFECKSA-N,CCc1c2c(n(C)c1CC)CCC/C2=N\OC(=O)Nc1ccccc1,ChEMBL,CHEMBL216281,,4.69897,Train,0
YEMQCJMGXORROI-UHFFFAOYSA-N,Cc1cc(C(=O)O)ccc1-c1ccc(N2C(=O)N(c3cnccn3)C3(CCN(Cc4ncccc4C)CC3)C2=O)cc1,ChEMBL,CHEMBL2041190,,4.69897,Train,0
NZZBOICLIUBLLK-MJGOQNOKSA-N,O=C(N[C@H]1C[C@@H]1c1ccccc1)N1CCC2(CCc3ncccc3O2)CC1,ChEMBL,CHEMBL522211,,4.69897,Validation,0
NVWQTSFYXZCHPE-UHFFFAOYSA-N,Cc1cccc(Nc2ccc(-c3ccc(N4CCNCC4)nc3)cc2)n1,ChEMBL,CHEMBL1770752,,4.69897,Train,0
UNCWLZOGXZCOJG-UHFFFAOYSA-N,CCOC(=O)c1c(C)nc2nc3c(c(N)c2c1-c1ccccc1)CCCC3,ChEMBL,CHEMBL253386,,4.69897,Train,0
OYHDYZJZSSLBOR-UHFFFAOYSA-N,CCOC(=O)c1c(C)nc2nc3c(c(N)c2c1-c1ccc(OC)cc1)CCCCCC3,PubChem,,76333292,4.69897,Train,0
PHOCCMVBRLGOKP-UHFFFAOYSA-N,Cc1cc(C(=O)O)ccc1-c1ccc(N2C(=O)N(c3ccncn3)C3(CCN(Cc4ncccc4C)CC3)C2=O)cc1,PubChem,,49847377,4.69897,Train,0
IDKKNSOZWQOAAS-KYJUHHDHSA-N,C[C@@]1(c2cc(F)cc(F)c2)CNC2(CCCC2)C(=O)N1CC(=O)Nc1cnc2c(c1)C[C@@]1(C2)C(=O)Nc2ncccc21,PubChem,,56944164,4.69897,Train,0
LEFLUEYSKFGASD-UHFFFAOYSA-N,CCOC(=O)C1=C(C)NC(C)=C(C(=O)OCC)C1c1ccc(OCCCCCN2CCCCC2)cc1,ChEMBL,CHEMBL4573309,,4.67778,Train,0
AQHHHDLHHXJYJD-UHFFFAOYSA-N,CC(C)NCC(O)COc1cccc2ccccc12,ChEMBL,CHEMBL27,,4.67778,Train,0
XSIJYOFJNDFHGL-UHFFFAOYSA-N,Cc1nccn1-c1ccc(-c2cn(CC(=O)Nc3cccc(Cl)c3Cl)nn2)cc1,PubChem,,134135453,4.67778,Train,0
CXOFVDLJLONNDW-UHFFFAOYSA-N,O=C1NC(=O)C(c2ccccc2)(c2ccccc2)N1,PubChem,,1775,4.65956,Train,0
QUQQSAYJYFXNAN-UHFFFAOYSA-N,CNC(=O)c1c(-c2ccc(F)cc2)oc2cc(N(C)S(C)(=O)=O)c(-c3ccc4ncn5c6cccc(F)c6cc5c4n3)cc12,PubChem,,78318214,4.65758,Train,0
KKZJGLLVHKMTCM-UHFFFAOYSA-N,O=C1c2c(O)ccc(O)c2C(=O)c2c(NCCNCCO)ccc(NCCNCCO)c21,PubChem,,4212,4.64782,Validation,0
BTIHMVBBUGXLCJ-OAHLLOKOSA-N,CC[C@H](CO)Nc1nc(NCc2ccccc2)c2ncn(C(C)C)c2n1,PubChem,,160355,4.63078,Train,0
XYZQDRSCZKMDED-UHFFFAOYSA-N,CCOC(=O)C1=C(C)NC(C)=C(C(=O)OCC)C1c1ccc(OCCCN2CCCCC2)c(OCC)c1,ChEMBL,CHEMBL4518949,,4.61979,Train,0
UCSBKUKETUKSSX-UHFFFAOYSA-N,CCOC(=O)c1c(C)nc2nc3c(c(N)c2c1-c1ccc(C)cc1)CCCCC3,ChEMBL,CHEMBL2234538,,4.61979,Train,0
ZBBHBTPTTSWHBA-UHFFFAOYSA-N,COC(=O)C1=C(C)NC(C)=C(C(=O)OCCN(C)Cc2ccccc2)C1c1cccc([N+](=O)[O-])c1,PubChem,,4474,4.61798,Train,0
SGTNSNPWRIOYBX-UHFFFAOYSA-N,COc1ccc(CCN(C)CCCC(C#N)(c2ccc(OC)c(OC)c2)C(C)C)cc1OC,ChEMBL,CHEMBL6966,,4.60424,Train,0
HOJABKNZHBVDFH-UHFFFAOYSA-N,CCOC(=O)C1=C(C)NC(C)=C(C(=O)OCC)C1c1ccc(OCCCCN2CCCC2)cc1,ChEMBL,CHEMBL4443523,,4.60206,Train,0
ZEUITGRIYCTCEM-KRWDZBQOSA-N,CNCC[C@H](Oc1cccc2ccccc12)c1cccs1,ChEMBL,CHEMBL1175,,4.6,Validation,0
OOGJQPCLVADCPB-HXUWFJFHSA-N,Cc1ccc(O)c([C@H](CCN(C(C)C)C(C)C)c2ccccc2)c1,PubChem,,443879,4.6,Validation,0
KAYILIDZNSBIOB-UHFFFAOYSA-N,CC#CC(CC(=O)O)c1ccc(Oc2ccc(C(F)(F)F)cc2OC(F)F)cc1F,PubChem,,53248847,4.59176,Train,0
SVKVYOGDWRHZIJ-UHFFFAOYSA-N,CCOC(=O)C1=C(C)NC(C)=C(C(=O)OCC)C1c1ccc(OCCN2CCCCC2)c(OC)c1,ChEMBL,CHEMBL4459907,,4.58503,Train,0
RHJMBQWXWMOCDA-IRLDBZIGSA-N,Cn1nccc1Nc1ccc2c(c1)C(=O)CC1(CCN(C(=O)N[C@H]3C[C@@H]3c3ccccc3)CC1)O2,ChEMBL,CHEMBL495793,,4.58503,Train,0
QBNTZYZRSZBWJU-UHFFFAOYSA-N,CCOC(=O)c1c(C)nc2nc3c(c(N)c2c1-c1ccc(OC)c(OC)c1)CCCC3,PubChem,,44445177,4.58503,Train,0
GNYQUGTUGTVWGT-UHFFFAOYSA-N,CCOC(=O)c1c(C)nc2nc3c(c(N)c2c1-c1ccc(Cl)cc1)CCCCC3,ChEMBL,CHEMBL2234540,,4.56864,Validation,0
DJBNUMBKLMJRSA-UHFFFAOYSA-N,O=C(NCC1CCCCN1)c1cc(OCC(F)(F)F)ccc1OCC(F)(F)F,ChEMBL,CHEMBL652,,4.56703,Train,0
PGPQNVUVHSSUSY-BZUAXINKSA-N,CO[C@H]1C[C@H](Oc2cc(F)c(F)c(-c3ccc4c(c3)CC[C@H](CCC(=O)O)O4)n2)C1,ChEMBL,CHEMBL3980898,,4.55284,Validation,0
KVNUPZLQKXFWBS-IRLDBZIGSA-N,Cn1nccc1-c1ccc2c(c1)C(=O)CC1(CCN(C(=O)N[C@H]3C[C@@H]3c3ccccc3)CC1)O2,PubChem,,44583349,4.55284,Train,0
PGPQNVUVHSSUSY-QQFBHYJXSA-N,COC1CC(Oc2cc(F)c(F)c(-c3ccc4c(c3)CC[C@H](CCC(=O)O)O4)n2)C1,PubChem,,134156727,4.55284,Train,0
ODLRLBPCVCWBFC-LTGZKZEYSA-N,CCc1c(C)[nH]c2c1/C(=N/NC(=O)Nc1ccccc1)CCC2,ChEMBL,CHEMBL217133,,4.52288,Train,0
WYAROEYZBMXNIZ-ULAWRXDQSA-N,CCNC1=N[C@@H]2C[C@H](O)[C@@H](CO)O[C@@H]2S1,ChEMBL,CHEMBL4107048,,4.52288,Validation,0
JRZSXVZVOPYSIU-JGKVKWKGSA-N,CCNC1=N[C@H]2[C@H](O[C@H](CO)[C@@H](O)[C@@H]2OC)S1,ChEMBL,CHEMBL4519186,,4.52288,Train,0
BLVRDPUKIXDEBG-UHFFFAOYSA-N,O=C(NC1CC1c1ccccc1)N1CCC(c2nc(-c3ccncc3)no2)CC1,ChEMBL,CHEMBL556487,,4.52288,Train,0
DIBROLGRIJOMRQ-UHFFFAOYSA-N,O=C(NC1CC1c1ccccc1)N1CCC(n2ccnn2)CC1,ChEMBL,CHEMBL564975,,4.52288,Train,0
OORIVESIQGRNJV-SJORKVTESA-N,O=C1CC2(CCN(C(=O)N[C@H]3C[C@@H]3c3ccccc3)CC2)Oc2cccnc21,ChEMBL,CHEMBL495993,,4.52288,Train,0
AVBFRSQZSIUFPO-JGKVKWKGSA-N,CCNC1=N[C@H]2[C@H](O[C@H](COC)[C@@H](O)[C@@H]2O)S1,ChEMBL,CHEMBL4570378,,4.52288,Validation,0
NLXXAPYWQLPUAG-QZNHQXDQSA-N,O=C(Cn1cccnc1=O)Nc1ccc(C[C@@H]2CC[C@H]([C@H](O)c3ccccc3)N2)cc1,ChEMBL,CHEMBL3763594,,4.52288,Train,0
FEYQJDCJMVTWIG-UHFFFAOYSA-N,Cc1nccn1-c1ccc(-c2cn(CC(=O)Nc3cccc(Cl)c3Cl)nn2)cn1,ChEMBL,CHEMBL3965469,,4.52288,Train,0
JXGJTODYQBRZDL-RTIVMORXSA-N,CS(=O)(=O)c1ccc2c(c1)CCC1(CCCN(C(=O)N[C@H]3C[C@@H]3c3ccccc3)CC1)O2,ChEMBL,CHEMBL482637,,4.52288,Validation,0
RETOYYSEVCBIRN-JIPXPUAJSA-N,CCn1cc([C@@]2(c3nn(C)c(=O)o3)N[C@@H](c3nc(-c4ccc(F)cn4)c[nH]3)Cc3c2[nH]c2ccccc32)cn1,ChEMBL,CHEMBL3582336,,4.52288,Train,0
IIPPFWIHUHXQNA-UHFFFAOYSA-N,O=C(NC1CC1c1ccccc1)N1CCC(c2nc(-c3ccccn3)no2)CC1,ChEMBL,CHEMBL552382,,4.52288,Train,0
FGXVJHYCASUBMZ-UHFFFAOYSA-N,O=C(O)CCCOc1ccc(-c2cc(OC(F)(F)F)ccc2Cl)cc1,ChEMBL,CHEMBL3968947,,4.52288,Train,0
URLFNGRPGJRFPI-YZUZCNPQSA-N,O=C(Cn1ncccc1=O)Nc1ccc(C[C@@H]2CC[C@H]([C@H](O)c3ccccc3)N2)cc1,ChEMBL,CHEMBL3764088,,4.52288,Train,0
YYXYTTPRFNUTKT-DEOSSOPVSA-N,CCn1c(-c2cnc(C)nc2)nc2c(-c3cnc4c(c3)[C@](C)(NCC(C)(C)F)C(=O)N4)ncnc21,ChEMBL,CHEMBL4750385,,4.52288,Validation,0
BYFSZZCFOSXKJG-UHFFFAOYSA-N,O=C(NC1CCc2ccccc2C1)N1CCC(c2nc(-c3ccccn3)no2)CC1,ChEMBL,CHEMBL550242,,4.52288,Validation,0
GXEXIUKEWXZCEF-UMVBOHGHSA-N,C[C@@H]1C[C@H]1C(=O)N1CCN(c2cnc(C#N)c(-c3cnn(C)c3)n2)C[C@H]1C,ChEMBL,CHEMBL4634634,,4.52288,Train,0
QYMLHNYPNZUQCL-UHFFFAOYSA-N,O=C(NC1CC1c1ccccc1)N1CCC(c2nnco2)CC1,ChEMBL,CHEMBL561379,,4.52288,Validation,0
XTXMTBWPTJUGRV-UHFFFAOYSA-N,CC#CC(CC(=O)O)c1ccc(Oc2ccc(C(F)(F)F)cc2OC(F)F)cc1,ChEMBL,CHEMBL1777861,,4.52288,Train,0
GEYDMBNDOVPFJL-CYBMUJFWSA-N,C[C@@H](NC(=O)Cc1ccc(C2CC2)cc1)c1ccc(OCC(F)(F)F)cn1,ChEMBL,CHEMBL1684954,,4.52288,Train,0
OKIOQHRDFOXEBF-DZCCDHAISA-N,Nc1nc2c(s1)CC[C@H]2C(=O)Nc1ccc(C[C@@H]2CC[C@H]([C@H](O)c3ccccc3)N2)cc1,ChEMBL,CHEMBL3128194,,4.52288,Train,0
OCKGFTQIICXDQW-ZEQRLZLVSA-N,Cc1c([C@@H](O)CN2CCN(C[C@H](O)c3ccc4c(c3C)COC4=O)CC2)ccc2c1COC2=O,ChEMBL,CHEMBL3696475,,4.52288,Train,0
ZDESNDWWUUVJLG-UHFFFAOYSA-N,Cc1cc(Nc2nccc(-c3sc(C4CCNCC4)nc3-c3ccc(F)cc3)n2)ccn1,ChEMBL,CHEMBL4591417,,4.52288,Train,0
HSUZTUCBYOJAHK-SGIRGMQISA-N,O=C(Cn1ccccc1=O)Nc1ccc(C[C@@H]2CC[C@H]([C@H](O)c3ccccc3)N2)cc1,ChEMBL,CHEMBL3764592,,4.52288,Train,0
JFUBTJMMAHQVJI-DIOULYMOSA-N,N[C@H]1C[C@@H](N2Cc3cn[nH]c3C2)CO[C@@H]1c1cc(F)ccc1F,ChEMBL,CHEMBL2425070,,4.52288,Train,0
YTLROJLEAFXNIK-GOSISDBHSA-N,Cc1nnc2n1-c1ccc(-c3cncc([C@@](C)(O)C(F)(F)F)c3)cc1CC2,ChEMBL,CHEMBL3622446,,4.52288,Train,0
MHEWWXGARXQJFP-MHZLTWQESA-N,Cc1ncc(-c2nc3c(-c4ccc5c(c4)[C@@]4(CCCN4C(=O)C4CC4)C(=O)N5C)ncnc3n2C)cn1,ChEMBL,CHEMBL4776201,,4.52288,Validation,0
VXXIYUBYYXZZOE-FCJDFRRUSA-N,O=C(Nc1ccc(C[C@@H]2CC[C@H]([C@H](O)c3cccnc3)N2)cc1)[C@@H]1CCc2ccnn21,ChEMBL,CHEMBL3128188,,4.52288,Train,0
DJXRIQMCROIRCZ-XOEOCAAJSA-N,O=C(Nc1ccc(C[C@@H]2CC[C@H]([C@H](O)c3ccccc3)N2)cc1)[C@@H]1CCc2nccc(=O)n21,ChEMBL,CHEMBL2107826,,4.52288,Train,0
SNLUJUXVFVOODX-UHFFFAOYSA-N,CN1CCC(CN2CCN(C(=O)CC(c3ccccc3)c3ccccc3)CC2)CC1,ChEMBL,CHEMBL608740,,4.52288,Validation,0
HRXSTBZYYQOBSY-UHFFFAOYSA-N,O=C(NC1CCc2ccccc2CC1)N1CCC(c2nc(-c3ccccn3)no2)CC1,PubChem,,44236321,4.52288,Train,0
IPOBOOXFSRWSHL-UHFFFAOYSA-N,c1ccc(C2(c3ccccc3)CC2C2=NCCN2)cc1,PubChem,,2747,4.52288,Train,0
NATLTWZVCBHRJN-LTGZKZEYSA-N,CCc1c(C)[nH]c2c1/C(=N/OC(=O)Nc1ccccc1)CCC2,PubChem,,135401985,4.52288,Train,0
VWTOOZUTLQWOPP-UHFFFAOYSA-N,O=C(NC1CC1c1ccccc1)N1CCC(c2ncon2)CC1,PubChem,,45267348,4.52288,Train,0
IIPPFWIHUHXQNA-PKOBYXMFSA-N,O=C(N[C@@H]1C[C@H]1c1ccccc1)N1CCC(c2nc(-c3ccccn3)no2)CC1,PubChem,,44235863,4.52288,Train,0
ACXQPBJHXILGLA-UHFFFAOYSA-N,O=C(O)c1ccc(-c2noc(C3CCN(C(=O)NC4CC4c4ccccc4)CC3)n2)cc1,PubChem,,45268206,4.52288,Train,0
GQPZWGHDZGLONB-UHFFFAOYSA-N,Cc1c(C2CCN(C(=O)NC3CC3c3ccccc3)CC2)o[nH]c1=O,PubChem,,45269948,4.52288,Validation,0
PGDZKICIZRFRTP-UHFFFAOYSA-N,O=C(NC1CC1c1ccccc1)N1CCC(n2cccn2)CC1,PubChem,,45273373,4.52288,Train,0
DIYUAKHOKKCOEE-UHFFFAOYSA-N,O=C(NC1CC1c1ccccc1)N1CCC(c2nc(-c3ncccn3)no2)CC1,PubChem,,45271610,4.52288,Train,0
RUMNCJSUPKAMTM-UHFFFAOYSA-N,O=C(NC1CC1c1ccccc1)N1CCC(c2nc(-c3cnccn3)no2)CC1,PubChem,,45272511,4.52288,Train,0
AGJNHDXJGSWJRI-UHFFFAOYSA-N,O=C(NC1CC1c1ccccc1)N1CCC(n2cncn2)CC1,PubChem,,45269947,4.52288,Train,0
PPZAIZWNHZKGPM-UHFFFAOYSA-N,CS(=O)(=O)c1ccc(-c2noc(C3CCN(C(=O)NC4CC4c4ccccc4)CC3)n2)cc1,PubChem,,45270778,4.52288,Validation,0
QTDLNCWVZXZPRJ-UHFFFAOYSA-N,Cc1noc(C2CCN(C(=O)NC3CC3c3ccccc3)CC2)n1,PubChem,,45271599,4.52288,Train,0
PMWSGFIJYUECNG-UHFFFAOYSA-N,Cn1cnnc1C1CCN(C(=O)NC2CC2c2ccccc2)CC1,PubChem,,45270771,4.52288,Train,0
GFFIHDXPUGXVGG-IBGZPJMESA-N,COc1ccc(CCN2C(=O)N(NS(C)(=O)=O)C[C@H]2c2ccc(OC)cc2)cc1,PubChem,,25019282,4.52288,Train,0
JZXHVNKYCRZJGN-NOZRDPDXSA-N,COCCCn1cc(CN(C(=O)[C@H]2CNCC[C@@H]2c2ccn(C)c(=O)c2)C2CC2)c2ccccc21,PubChem,,44481065,4.52288,Train,0
OCDCTMROVJZCQS-FBHSLPMESA-N,Cc1nc2c(s1)CC[C@H]2C(=O)Nc1ccc(C[C@@H]2CC[C@H]([C@H](O)c3cccnc3)N2)cc1,PubChem,,76322044,4.52288,Train,0
HXNOCBIFNWVJLT-CYBMUJFWSA-N,C[C@@H]1CN(c2nc(C(F)(F)F)no2)CCN1c1ncc(OCc2ccc(CS(C)(=O)=O)cc2F)cn1,PubChem,,71722055,4.52288,Validation,0
ZCWSKWSPXNSPLS-UHFFFAOYSA-N,Fc1cncc(-c2nc3cc(F)c(F)cc3n2C2CC2)c1,PubChem,,56645570,4.52288,Train,0
OYURTPRHVJSKRC-DZCCDHAISA-N,O=C(Nc1ccc(C[C@@H]2CC[C@H]([C@H](O)c3cccnc3)N2)cc1)[C@@H]1CCc2scnc21,PubChem,,76322043,4.52288,Train,0
OZXUSBILVIKYQB-GEMTWJNPSA-N,O=C(Nc1ccc(C[C@@H]2CC[C@H]([C@H](O)c3ccccc3)N2)cc1)[C@@H]1CCc2cccc(=O)n21,PubChem,,44472633,4.52288,Validation,0
PBXGYXYBIGMVQD-KBABAZTHSA-N,C[C@@H](C(=O)Nc1ccc(C[C@@H]2CC[C@H]([C@H](O)c3ccccc3)N2)cc1)n1ncccc1=O,PubChem,,127037832,4.52288,Train,0
URTFFBLBZSMIET-YZUZCNPQSA-N,O=C(Cn1cnccc1=O)Nc1ccc(C[C@@H]2CC[C@H]([C@H](O)c3ccccc3)N2)cc1,PubChem,,44472592,4.52288,Train,0
KJQNVVRQSWUQHQ-WWTKIRLPSA-N,C[C@@H](C(=O)Nc1ccc(C[C@@H]2CC[C@H]([C@H](O)c3cccnc3)N2)cc1)n1ncccc1=O,PubChem,,127026491,4.52288,Train,0
GEWSELRSYBADTB-RPVQJOFSSA-N,CCS(=O)(=O)n1cc2c(n1)CN([C@H]1CO[C@H](c3cc(F)ccc3F)[C@@H](N)C1)C2,PubChem,,127035240,4.52288,Validation,0
MKMPWKUAHLTIBJ-ISTRZQFTSA-N,CS(=O)(=O)n1cc2c(n1)CN([C@H]1CO[C@H](c3cc(F)ccc3F)[C@@H](N)C1)C2,PubChem,,46209133,4.52288,Train,0
MOXGYTJGIKCZID-XVGQJIODSA-N,N[C@H]1C[C@@H](N2Cc3cn(S(=O)(=O)C4CC4)nc3C2)CO[C@@H]1c1cc(F)ccc1F,PubChem,,46209134,4.52288,Train,0
XHSSYBXTQWHQSD-AVRDEDQJSA-N,Cc1c([C@@H]2CN3CCN(C(=O)Cc4ccc(-n5cnnn5)cn4)C[C@H]3CO2)ccc(F)c1C#N,PubChem,,71603917,4.52288,Train,0
PRSMZNFUKBHAIS-UHFFFAOYSA-N,Cc1cn(-c2ccc(-c3cn(CC(=O)Nc4cccc(Cl)c4Cl)nn3)cc2F)cn1,PubChem,,134135307,4.52288,Train,0
AEQJLXICIKRMCT-IBGZPJMESA-N,Cc1c([C@@H](O)CN2CCC3(CC2)CCN(c2ccc(=O)n(C)n2)C3=O)ccc2c1COC2=O,PubChem,,121313969,4.52288,Train,0
HARRKNSQXBRBGZ-GVKWWOCJSA-N,C[C@]12CC[C@@H]3[C@H]4CC[C@@](C)(O)C[C@H]4CC[C@H]3[C@@H]1CC[C@@H]2C(=O)Cn1cc(C#N)cn1,PubChem,,86294073,4.52288,Train,0
RXTBDWMAPHSRCE-SJORKVTESA-N,Nc1nccn2c([C@@H]3CCC[C@H](C(=O)O)C3)nc(-c3ccc(C(=O)Nc4cc(C(F)(F)F)ccn4)cc3)c12,PubChem,,121454909,4.52288,Train,0
MGKCTMFWUSMCJX-UHFFFAOYSA-N,CNC(=O)c1c(-c2ccc(F)cc2)oc2cc(N(C)S(C)(=O)=O)c(-c3ccc4c(n3)-c3cc5c(F)cccc5n3CN4)cc12,PubChem,,78318815,4.52288,Train,0
YAXLMMDYZWFFAQ-UHFFFAOYSA-N,O=C(O)CNC(=O)c1c(O)c2c(n(Cc3ccc(C(F)(F)F)cc3)c1=O)COC2,PubChem,,54746913,4.52288,Train,0
APWZIFIAVVFPNT-PELKAZGASA-N,C[C@@H](C(N)=O)[C@H](N)c1nc2ccc(C(C)(C)C)cc2[nH]1,PubChem,,71666749,4.52288,Validation,0
NVPHCPSHUAUQSI-FMDGEEDCSA-N,CCN=C1N[C@H]2[C@H](O[C@H](C)[C@@H](O)[C@@H]2O)S1,PubChem,,136416815,4.52288,Validation,0
ICJGJSLPQBWFGV-FMDGEEDCSA-N,CCNC1=N[C@H]2[C@H](O[C@H](CO)[C@@H](O)[C@@H]2F)S1,PubChem,,57520842,4.52288,Validation,0
JFKXPYCYZANQTG-JGKVKWKGSA-N,CCN(C)C1=N[C@H]2[C@H](O[C@H](CO)[C@@H](O)[C@@H]2O)S1,PubChem,,59153288,4.52288,Train,0
XIBRBQOZJDMOOG-RULNZFCNSA-N,CCNC1=N[C@@H]2[C@@H](O)C[C@@H](CO)O[C@@H]2S1,PubChem,,155542416,4.52288,Validation,0
KVPVVYPYFJXXOJ-FMDGEEDCSA-N,CCNC1=N[C@H]2[C@H](O[C@H](CF)[C@@H](O)[C@@H]2O)S1,PubChem,,57520942,4.52288,Train,0
PMUWLFAMOSIEGD-RYXNKOGWSA-N,CCNC1=N[C@H]2[C@H](O[C@H](CO)C(F)[C@@H]2O)S1,PubChem,,155556441,4.52288,Train,0
UDQTXCHQKHIQMH-KYGLGHNPSA-N,CCNC1=N[C@H]2[C@H](O[C@H](C(F)F)[C@@H](O)[C@@H]2O)S1,ChEMBL,CHEMBL4111094,,4.52288,Train,0
UEMQPCYDWCSVCU-UHFFFAOYSA-N,COc1cc(C#N)ccc1S(=O)(=O)Nc1ccc2c(c1)cc(C)c(=O)n2C,ChEMBL,CHEMBL3752151,,4.52288,Train,0
RAZOFRCGTLUGNK-UHFFFAOYSA-N,CC(C)(C)NC(=O)NCCN1CCC(CO)(CNC(=O)c2cc(Cl)cc(Cl)c2)CC1,ChEMBL,CHEMBL2337981,,4.50031,Validation,0
ARIVZVAHCXZRND-TUACAJSNSA-N,CCCN(CCC)[C@H](c1ccccn1)[C@@H](c1ccccn1)N(CCC)C[C@H](O)CO,ChEMBL,CHEMBL4475999,,4.48149,Train,0
FWKHYTJUMWATOO-UHFFFAOYSA-N,CC(CC(=O)O)c1cccc(-n2c(C(N)=O)cc3ccc(OC(F)(F)F)cc32)n1,PubChem,,145973261,4.48149,Train,0
UHEGDWIZAOPGIY-UHFFFAOYSA-N,NC(=O)c1ccc(Cc2ccccc2)cc1-c1cccc(CCC(=O)O)c1,PubChem,,121596332,4.47756,Train,0
OVFJYZWCAVHGMW-UHFFFAOYSA-N,CCOC(=O)c1c(C)nc2nc3c(c(N)c2c1-c1ccc(Cl)cc1)CCCC3,PubChem,,44445179,4.46852,Validation,0
RAPZEAPATHNIPO-UHFFFAOYSA-N,Cc1nc2n(c(=O)c1CCN1CCC(c3noc4cc(F)ccc34)CC1)CCCC2,ChEMBL,CHEMBL85,,4.46597,Train,0
ADEBPBSSDYVVLD-UHFFFAOYSA-N,COc1cc2c(cc1OC)C(=O)C(CC1CCN(Cc3ccccc3)CC1)C2,ChEMBL,CHEMBL502,,4.46471,Train,0
DMNOVGJWPASQDL-OAQYLSRUSA-N,COc1ccsc1CNCC[C@@]1(c2ccccn2)CCOC2(CCCC2)C1,PubChem,,66553195,4.4437,Validation,0
FEXKPNPFAQYTIZ-UHFFFAOYSA-N,CSC1=NC(c2cccc([N+](=O)[O-])c2)C2=C(O)OCC2=N1,ChEMBL,CHEMBL23720,,4.43297,Train,0
HTMAPZFSDVTDEX-UHFFFAOYSA-N,CSC1=NC(c2cccc([N+](=O)[O-])c2)C2=C(COC2=O)N1,PubChem,,10335244,4.43297,Train,0
HYQGWLLAKFRPTI-UHFFFAOYSA-N,Cl.O=C(O)C1CN(C(c2ccccc2)c2ccccc2)CCN1C(=O)CC(c1ccccc1)c1ccccc1,ChEMBL,CHEMBL3982680,,4.43016,Validation,0
USSIQXCVUWKGNF-UHFFFAOYSA-N,CCC(=O)C(CC(C)N(C)C)(c1ccccc1)c1ccccc1,PubChem,,4095,4.42713,Train,0
DFIMEOJDEVLTMM-UHFFFAOYSA-N,CCOC(=O)c1c(C)nc2nc3c(c(N)c2c1-c1ccc(F)cc1)CCCC3,PubChem,,10091114,4.42022,Train,0
QPCVHQBVMYCJOM-UHFFFAOYSA-N,CCCOC(C(=O)OC1CCN(C)CC1)(c1ccccc1)c1ccccc1,ChEMBL,CHEMBL1078261,,4.37986,Train,0
ONVJXUVWINSWQU-UHFFFAOYSA-N,CSC1=NC(c2ccccc2SC)C2=C(O)OCC2=N1,ChEMBL,CHEMBL22704,,4.34486,Validation,0
KVPJGGZFOPUJBF-UHFFFAOYSA-N,CSC1=NC(c2ccccc2SC)C2=C(COC2=O)N1,PubChem,,10357820,4.34486,Train,0
AQPSJZHJFAQTGQ-UHFFFAOYSA-N,CCCCSc1ccccc1C1N=C(SC)N=C2COC(O)=C21,ChEMBL,CHEMBL23642,,4.30103,Train,0
YAPORRBQZPTYKQ-UHFFFAOYSA-N,CSC1=NC(c2cc([N+](=O)[O-])ccc2SC)C2=C(O)OCC2=N1,ChEMBL,CHEMBL24491,,4.30103,Train,0
ITSPUHWYLWMBTM-UHFFFAOYSA-N,CSC1=NC(c2cc([N+](=O)[O-])ccc2SC)C2=C(COC2=O)N1,PubChem,,10043541,4.30103,Validation,0
LGUGOUYDFQGNKY-UHFFFAOYSA-N,CCCCSc1ccccc1C1N=C(SC)NC2=C1C(=O)OC2,PubChem,,10066365,4.30103,Train,0
VPPJLAIAVCUEMN-GFCCVEGCSA-N,COC[C@@H](NC(C)=O)C(=O)NCc1ccccc1,PubChem,,219078,4.3,Train,0
WINHZLLDWRZWRT-ATVHPVEESA-N,CCN(CC)CCNC(=O)c1c(C)[nH]c(/C=C2\C(=O)Nc3ccc(F)cc32)c1C,ChEMBL,CHEMBL535,,4.2486,Validation,0
ALOBUEHUHMBRLE-UHFFFAOYSA-N,CCCCCCCN(CC)CCCC(O)c1ccc(NS(C)(=O)=O)cc1,ChEMBL,CHEMBL533,,4.20412,Validation,0
CJDRUOGAGYHKKD-FUIWMBJSSA-N,CCC1C2CC3C4N(C)c5ccccc5C45CC(C2[C@H]5O)N3C1O,PubChem,,70691408,4.14874,Train,0
HVYXYPWZDRWKCC-OFNKIYASSA-N,CN(C[C@H]1Cc2c(cccc2N2CCNCC2)CN1)[C@H]1CCCc2cccnc21,PubChem,,145950976,4.09691,Train,0
HNKLUXSZXIDIAN-NWDGAFQWSA-N,C[C@H]1[C@@H](C)OC(C)(C)C(=O)N1c1cc(-c2cc(C(F)(F)F)c3c(N)ncnn23)ccc1C#N,PubChem,,137653443,4.09691,Train,0
DZZWHBIBMUVIIW-DTORHVGOSA-N,C[C@H]1CN(c2c(F)c(N)c3c(=O)c(C(=O)O)cn(C4CC4)c3c2F)C[C@@H](C)N1,ChEMBL,CHEMBL850,,4.05159,Train,0
VQECILSOQQFMKP-UHFFFAOYSA-N,COc1ccc2ncc(=O)n(CCN3CCC(NCc4ccc5c(n4)NC(=O)CO5)CC3)c2c1,PubChem,,15982534,4.03621,Validation,0
LOCSNCVSEDLFDP-GXSJLCMTSA-N,Cc1nc2c(=O)n(C3CC3)c3c(Cl)c(N4CC[C@@H]([C@H](C)N)C4)c(F)cc3c2o1,ChEMBL,CHEMBL4786331,,4.02872,Train,0
LKLRNYYBQWYHND-UHFFFAOYSA-N,O=C1OCc2cc(CCN3CCN(C(=O)Cc4ccc(-n5cnnn5)cc4)CC3)ccc21,ChEMBL,CHEMBL2441437,,4,Train,0
KGQXWNGARPKIIX-UHFFFAOYSA-N,CN1CCC(C(c2ccccc2)N2CCN(C(=O)CC(c3ccccc3)c3ccccc3)CC2)CC1,PubChem,,46233598,4,Train,0
PJLIHYXPEOMIMJ-HXUWFJFHSA-N,c1ccc([C@]2(CCNCc3cccs3)CCOC3(CCCC3)C2)nc1,PubChem,,72712370,4,Train,0
BNRNXUUZRGQAQC-UHFFFAOYSA-N,CCCc1nn(C)c2c(=O)[nH]c(-c3cc(S(=O)(=O)N4CCN(C)CC4)ccc3OCC)nc12,PubChem,,135398744,4,Train,0
VLPIATFUUWWMKC-UHFFFAOYSA-N,Cc1cccc(C)c1OCC(C)N,PubChem,,4178,4,Train,0
RBAHIIPVJVMACF-UHFFFAOYSA-N,Cc1cc(Oc2cncnc2)cc(C(=O)Nc2ccc(F)cn2)n1,PubChem,,60168069,4,Train,0
RJTJRVASUFIDQM-UHFFFAOYSA-N,N#CC1(c2ccccn2)CCN(Cc2cc(C(=O)O)c(=O)n3ccccc23)CC1,ChEMBL,CHEMBL1800285,,4,Train,0
CSJYMAFXYMYNCK-UHFFFAOYSA-N,NS(=O)(=O)c1cc(NC(=O)Cc2ccccc2)ccc1Oc1cccc(Cl)c1,ChEMBL,CHEMBL4521594,,4,Validation,0
IVVSBEQDCAZLFY-SFHVURJKSA-N,CN1C(=O)[C@@H](N2CCc3cn(CC4CCS(=O)(=O)CC4)nc3C2=O)COc2ccccc21,ChEMBL,CHEMBL4097778,,4,Train,0
PZGSYNNVPNLHQG-SANMLTNESA-N,O=C(NCc1ncc(C(F)(F)F)cc1Cl)c1ccc2c(c1)C1(CCS(=O)(=O)CC1)[C@H](C1CC1)N2S(=O)(=O)c1ccc(F)cc1,ChEMBL,CHEMBL4537788,,4,Train,0
MAHFVAHPQSLLJF-IBGZPJMESA-N,CN1C(=O)[C@@H](N2CCc3cn(Cc4ccccc4)nc3C2=O)COc2ccccc21,ChEMBL,CHEMBL4088216,,4,Validation,0
UQEYHZANEBZUSS-UHFFFAOYSA-N,O=C(CC(c1ccccc1)c1ccccc1)N1CCN(C(c2ccccc2)c2cccc(Cl)c2Cl)CC1,ChEMBL,CHEMBL599832,,4,Validation,0
SZXAWCKROBFQPN-UHFFFAOYSA-N,O=C(CN(c1ccccc1)c1ccccc1)N1CCN(C(c2ccccc2)c2ccc(Cl)cc2Cl)CC1,ChEMBL,CHEMBL599822,,4,Train,0
SMXYGIYCXXQYLV-UHFFFAOYSA-N,O=C(CC(c1ccccc1)c1ccccc1)N1CCN(CC2CCNCC2)CC1,ChEMBL,CHEMBL599425,,4,Train,0
FMJSSIYEDJFGBC-UHFFFAOYSA-N,O=C(CN(c1ccccc1)c1ccccc1)N1CCN(C(c2ccccc2)c2cccc(Cl)c2Cl)CC1,ChEMBL,CHEMBL599821,,4,Train,0
DKVOGZPCCPBBPU-UHFFFAOYSA-N,Cc1ccc(C(c2ccccc2)N2CCN(C(=O)CN(c3ccccc3)c3ccccc3)CC2)c(C)c1,ChEMBL,CHEMBL599205,,4,Train,0
POPQMMOUZVBXFY-UHFFFAOYSA-N,O=C(CC(c1ccccc1)c1ccccc1)N1CCN(C(c2ccccc2)c2cc(Cl)cc(Cl)c2)CC1,ChEMBL,CHEMBL598806,,4,Validation,0
DOVZOQYQXHNCCN-UHFFFAOYSA-N,O=C(NC(c1ccccc1)c1ccccc1)N1CCN(C(c2ccccc2)c2ccc(Cl)cc2)CC1,ChEMBL,CHEMBL597757,,4,Train,0
YYMGRGSETHUACY-UHFFFAOYSA-N,O=C(CC(c1ccccc1)c1ccccc1)N1CCN(C(c2ccccc2)c2c(Cl)cccc2Cl)CC1,ChEMBL,CHEMBL604298,,4,Train,0
YZBMBXSAQFTDCP-UHFFFAOYSA-N,O=C(CN(c1ccccc1)c1ccccc1)N1CCN(C(c2ccccc2)c2cccc(Cl)c2)CC1,ChEMBL,CHEMBL598793,,4,Train,0
DPOJHTYMAOYZKG-UHFFFAOYSA-N,O=C(CN(c1ccccc1)c1ccccc1)N1CCN(C(c2ccccc2)c2ccccc2)CC1,ChEMBL,CHEMBL597148,,4,Validation,0
RLEMIIBGFDBVBD-UHFFFAOYSA-N,O=C(CN(c1ccccc1)c1ccccc1)N1CCN(C(c2ccccc2)c2ccc(Cl)cc2)CC1,ChEMBL,CHEMBL605780,,4,Train,0
UAEWMWAZJFGSNI-UHFFFAOYSA-N,O=C(CC(c1ccccc1)c1ccccc1)N1CCN(C(c2ccccc2)c2ccc(Cl)cc2Cl)CC1,ChEMBL,CHEMBL599833,,4,Train,0
BYYRFINHECQVAV-UHFFFAOYSA-N,O=C(CC(c1ccccc1)c1ccccc1)N1CCN(C(c2ccccc2)c2ccc(Cl)c(Cl)c2)CC1,ChEMBL,CHEMBL599014,,4,Train,0
JJWWPFHYFYVBMO-UHFFFAOYSA-N,O=C(NC(c1ccccc1)c1ccccc1)N1CCN(C(c2ccccc2)c2cccc(Cl)c2Cl)CC1,ChEMBL,CHEMBL597957,,4,Train,0
APFIMMRBLUEEJX-UHFFFAOYSA-N,O=C(CN(c1ccccc1)c1ccccc1)N1CCN(C(c2ccccc2)c2ccccc2Cl)CC1,ChEMBL,CHEMBL598792,,4,Train,0
LKGGXBUIGWBDKS-UHFFFAOYSA-N,C#CCn1cc(CN2CCCCC2)c2cc(Cl)ccc21,ChEMBL,CHEMBL4283920,,4,Train,0
DXTOEIHJCKFGCJ-UHFFFAOYSA-N,CCCCn1cc(CN(C)C)c2cc(Cl)ccc21,ChEMBL,CHEMBL4282739,,4,Train,0
VHRMKESCLZZSJL-UHFFFAOYSA-N,COc1cnc2c(c1)c(CN(C)C)cn2Cc1ccccc1,ChEMBL,CHEMBL4291094,,4,Train,0
NOKMZWPVHUMXAB-UHFFFAOYSA-N,C#CCn1cc(CN(C)C)c2cc(Cl)ccc21,ChEMBL,CHEMBL4288058,,4,Train,0
MJQQHUDXURQOBW-UHFFFAOYSA-N,CCCCn1cc(CN2CCCCC2)c2ccccc21,ChEMBL,CHEMBL4281667,,4,Train,0
WXQQUVXSGPCXRV-UHFFFAOYSA-N,CN(C)Cc1cn(Cc2ccccc2)c2ncc(Br)cc12,ChEMBL,CHEMBL4294500,,4,Train,0
ILHVTXWGCPHMGG-UHFFFAOYSA-N,Clc1ccc2c(c1)c(CN1CCCCC1)cn2Cc1ccccc1,ChEMBL,CHEMBL4293349,,4,Validation,0
LXNBYSGDVOCNCF-UHFFFAOYSA-N,CN(C)Cc1cn(CCCCN2CCCCC2)c2ccc(Br)cc12,ChEMBL,CHEMBL4578824,,4,Train,0
FZKVVUQUJNYIPS-UHFFFAOYSA-N,C#CCn1cc(CN2CCCCC2)c2cc(C)ccc21,ChEMBL,CHEMBL4585087,,4,Train,0
QQXQSDWOLBGZJI-UHFFFAOYSA-N,Brc1ccc2c(c1)c(CN1CCCCC1)cn2CCCCN1CCCCC1,ChEMBL,CHEMBL4560105,,4,Train,0
ZMOBUVZTSCWHID-UHFFFAOYSA-N,Cc1ccc2c(c1)c(CN(C)C)cn2Cc1ccccc1,ChEMBL,CHEMBL4516383,,4,Train,0
KHHGWOOIUNVDOZ-UHFFFAOYSA-N,CN(C)Cc1cn(Cc2ccccc2)c2ccc(Cl)cc12,ChEMBL,CHEMBL4286119,,4,Train,0
NWCZIGRXFMNFER-UHFFFAOYSA-N,Brc1cnc2c(c1)c(CN1CCCCC1)cn2Cc1ccccc1,ChEMBL,CHEMBL4287276,,4,Train,0
DBRHSMZHSWEION-UHFFFAOYSA-N,C#CCn1cc(CN(C)C)c2cc(Br)ccc21,ChEMBL,CHEMBL4591052,,4,Train,0
BKSYURVADAFBIB-UHFFFAOYSA-N,C#CCn1cc(CN2CCCCC2)c2cc(Br)ccc21,ChEMBL,CHEMBL4565304,,4,Train,0
UXBKVSUNSKZCBH-UHFFFAOYSA-N,Cc1ccc2c(c1)c(CN(C)C)cn2CCCCN1CCCCC1,ChEMBL,CHEMBL4551655,,4,Train,0
QRAWZHRXCWVDNZ-UHFFFAOYSA-N,CCCCn1cc(CN(C)C)c2cc(Br)ccc21,ChEMBL,CHEMBL4522567,,4,Train,0
CQFIMMBLQGFWDQ-UHFFFAOYSA-N,ClCCCCn1cc(CN2CCCCC2)c2cc(Br)ccc21,ChEMBL,CHEMBL4536075,,4,Train,0
RPRFSYJRPDXQFI-UHFFFAOYSA-N,CCCCn1cc(CN2CCCCC2)c2cc(C)ccc21,ChEMBL,CHEMBL4578380,,4,Train,0
FUCSLKWLLSEMDQ-MKYGIPPKSA-N,O[C@]12C=C(c3nccc4c3[nH]c3ccccc34)[C@@H]3CCN(CCCC/C=C\CC1)C[C@@]31C[C@@H]3/C=C\CCCCN3[C@@H]21,ChEMBL,CHEMBL403233,,4,Train,0
WALOOTYFCHTOHH-UHFFFAOYSA-N,Cc1ccc2c(c1)c(CN1CCCCC1)cn2CCCCCl,ChEMBL,CHEMBL4585850,,4,Train,0
AMSNINGPDSUBHZ-FEPATLFLSA-N,Oc1cccc2c1[nH]c1c(C3=C[C@@]4(O)CC/C=C\CCCCN5CC[C@@H]3[C@]3(CC6/C=C\CCCCN6[C@@H]43)C5)nccc12,ChEMBL,CHEMBL612054,,4,Train,0
LMLKRBJWELRCEI-UHFFFAOYSA-N,COc1cnc2c(c1)c(CN1CCCCC1)cn2Cc1ccccc1,ChEMBL,CHEMBL4278950,,4,Train,0
YWPKCEQIFAGRBH-UHFFFAOYSA-N,CCCCn1cc(CN2CCCCC2)c2cc(Cl)ccc21,ChEMBL,CHEMBL4280153,,4,Train,0
NGXDEUPDHNTODL-UHFFFAOYSA-N,Brc1ccc2c(c1)c(CN1CCCCC1)cn2Cc1ccccc1,ChEMBL,CHEMBL4520312,,4,Train,0
MNDUZCSWXWDMGB-UHFFFAOYSA-N,CCCCn1cc(CN2CCCCC2)c2cc(Br)ccc21,ChEMBL,CHEMBL4578159,,4,Train,0
APDDPVJPYYQHKK-UHFFFAOYSA-N,C#CCn1cc(CN(C)C)c2cc(C)ccc21,ChEMBL,CHEMBL4524776,,4,Train,0
HQGXTZKYVCVNDU-UHFFFAOYSA-N,CN(C)Cc1cn(Cc2ccccc2)c2ccccc12,ChEMBL,CHEMBL4284776,,4,Train,0
DHUHBNOOKNHICC-UHFFFAOYSA-N,c1ccc(Cn2cc(CN3CCCCC3)c3ccccc32)cc1,ChEMBL,CHEMBL4285098,,4,Train,0
OTLNXWZADBQJMI-UHFFFAOYSA-N,CN(C)Cc1cn(Cc2ccccc2)c2ccc(Br)cc12,ChEMBL,CHEMBL4553858,,4,Train,0
CNGAYQLORBGMNE-UHFFFAOYSA-N,CCOC(=O)CCCn1cc(CN2CCCCC2)c2cc(Br)ccc21,ChEMBL,CHEMBL4583861,,4,Train,0
NPAFSQURVIFYKN-UHFFFAOYSA-N,Cc1ccc2c(c1)c(CN1CCCCC1)cn2CCCCN1CCCCC1,ChEMBL,CHEMBL4561530,,4,Validation,0
FVFURMJFTAJXRH-UHFFFAOYSA-N,O=C(NC1CCN(Cc2ccc3c(c2)OCO3)CC1)c1cc(=O)c2ccc(F)cc2o1,ChEMBL,CHEMBL214021,,4,Validation,0
UUCJCPQSKNHJQB-UHFFFAOYSA-N,Nc1ccc(CN2C3C4C5CC6C7C5C3C7C2(O)C64)cc1,ChEMBL,CHEMBL4453923,,4,Train,0
GUMLISHTDGQOBT-UHFFFAOYSA-N,ClCc1ccc(CNC23OC4C5C6CC(C7C6C4C72)C53)cc1,ChEMBL,CHEMBL4441047,,4,Train,0
KSAKMNJFOKNIAA-UHFFFAOYSA-N,CC(=O)N1CCN(c2cccc(-c3cc(-c4ccnn4CC(F)(F)F)c4c(N)ncnn34)c2)C(=O)C1(C)C,ChEMBL,CHEMBL4059848,,4,Validation,0
YPJRDGRZUYIHEH-UHFFFAOYSA-N,CCOC(=O)C1=C(C)Nc2nc3c(c(N)c2C1c1ccccc1C(F)(F)F)CCCC3,ChEMBL,CHEMBL491561,,4,Validation,0
ZNRGREFWBCWZAU-UHFFFAOYSA-N,CCOC(=O)C1=C(C)Nc2nc3c(c(N)c2C1c1ccc(OC)cc1)CCCC3,ChEMBL,CHEMBL374184,,4,Train,0
IPKZCLGGYKRDES-ZDUSSCGKSA-N,O=C(N[C@H]1CN2CCC1CC2)c1cc2ccoc2cn1,ChEMBL,CHEMBL214268,,4,Train,0
JLBSWRFHFNJKNH-UHFFFAOYSA-N,C=CCOC(=O)C1=C(C)NC(C)=C(C(=O)OCC=C)C1c1ccc(I)cc1,ChEMBL,CHEMBL2063957,,4,Validation,0
DPYDZKLTMBIXPH-UHFFFAOYSA-N,CCOC(=O)C1=C(C)NC(C)=C(C(=O)OCC)C1c1ccc2c(c1)OCO2,ChEMBL,CHEMBL2063951,,4,Train,0
HEUVRFNVTLGKMZ-SANMLTNESA-N,Cn1cncc1[C@](O)(COc1ccc(C#N)cc1-c1ccc(OC(F)(F)F)cc1)c1ccc(C#N)cc1,ChEMBL,CHEMBL4586794,,4,Train,0
BATCTBJIJJEPHM-UHFFFAOYSA-N,O=C(Nc1cccnn1)N1CCC(=Cc2cccc(Oc3ccc(C(F)(F)F)cn3)c2)CC1,ChEMBL,CHEMBL1651534,,4,Validation,0
FRPJGTNLZNXQEX-UHFFFAOYSA-N,c1ccc(N2CCN(Cc3nc4ccccc4[nH]3)CC2)nc1,ChEMBL,CHEMBL440687,,4,Train,0
TYZROVQLWOKYKF-ZDUSSCGKSA-N,CC(=O)NC[C@H]1CN(c2ccc(N3CCOCC3)c(F)c2)C(=O)O1,ChEMBL,CHEMBL126,,3.97716,Train,0
JWHAZXDKSGAIEK-UHFFFAOYSA-N,O=C(CC(c1ccccc1)c1ccccc1)N1CCN(C(c2ccccc2)c2ccccc2Cl)CC1,ChEMBL,CHEMBL598592,,3.97469,Train,0
YZINWUALFFCGMT-UHFFFAOYSA-N,Cl.O=C(CC(c1ccccc1)c1ccccc1)N1CCN(C(c2ccccc2)c2ccc(Cl)cc2)CC1,PubChem,,134147626,3.87615,Train,0
MFFMDFFZMYYVKS-SECBINFHSA-N,N[C@@H](CC(=O)N1CCn2c(nnc2C(F)(F)F)C1)Cc1cc(F)c(F)cc1F,ChEMBL,CHEMBL1422,,3.83239,Validation,0
IXTMWRCNAAVVAI-UHFFFAOYSA-N,CN(CCOc1ccc(NS(C)(=O)=O)cc1)CCc1ccc(NS(C)(=O)=O)cc1,ChEMBL,CHEMBL473,,3.8,Train,0
FABPRXSRWADJSP-MEDUHNTESA-N,COc1c(N2C[C@@H]3CCCN[C@@H]3C2)c(F)cc2c(=O)c(C(=O)O)cn(C3CC3)c12,ChEMBL,CHEMBL32,,3.76713,Train,0
ZBMZVLHSJCTVON-UHFFFAOYSA-N,CC(C)NCC(O)c1ccc(NS(C)(=O)=O)cc1,ChEMBL,CHEMBL471,,3.71377,Train,0
WNMJYKCGWZFFKR-UHFFFAOYSA-N,COc1cc2nc(N(C)CCCNC(=O)C3CCCO3)nc(N)c2cc1OC,ChEMBL,CHEMBL709,,3.7,Validation,0
KKZWTCQQRNGVOY-UHFFFAOYSA-N,CCOC(=O)C1CN(C(c2ccccc2)c2ccccc2)CCN1C(=O)CC(c1ccccc1)c1ccccc1,PubChem,,10324784,3.67778,Train,0
CZFFBEXEKNGXKS-UHFFFAOYSA-N,Cc1nnc(C(=O)NC(C)(C)c2nc(C(=O)NCc3ccc(F)cc3)c(O)c(=O)n2C)o1,ChEMBL,CHEMBL254316,,3.60783,Train,0
SECKRCOLJRRGGV-UHFFFAOYSA-N,CCCc1nc(C)c2c(=O)nc(-c3cc(S(=O)(=O)N4CCN(CC)CC4)ccc3OCC)[nH]n12,ChEMBL,CHEMBL1520,,3.6,Validation,0
WEXRUCMBJFQVBZ-UHFFFAOYSA-N,CCCC(C)C1(CC)C(=O)NC(=O)NC1=O,PubChem,,4737,3.52433,Train,0
XKLMZUWKNUAPSZ-UHFFFAOYSA-N,COc1ccccc1OCC(O)CN1CCN(CC(=O)Nc2c(C)cccc2C)CC1,ChEMBL,CHEMBL1404,,3.50724,Train,0
ZBNZXTGUTAYRHI-UHFFFAOYSA-N,Cc1nc(Nc2ncc(C(=O)Nc3c(C)cccc3Cl)s2)cc(N2CCN(CCO)CC2)n1,ChEMBL,CHEMBL1421,,3.48859,Train,0
HXCSDXBLCTUKEB-BXWFABGCSA-N,COc1cnc2ccc(=O)n(C[C@H](N)[C@H]3CC[C@H](NCc4ccc5c(n4)NC(=O)CO5)CC3)c2c1,ChEMBL,CHEMBL3355575,,3.47756,Train,0
PIVJTBXDGKAQQI-BPUTZDHNSA-N,N[C@@H](Cn1c(=O)cnc2ccc(F)cc21)[C@H]1CC[C@H](NCc2ncc3c(n2)NC(=O)CO3)CC1,ChEMBL,CHEMBL3355573,,3.47756,Train,0
HXCSDXBLCTUKEB-RJYAGPCLSA-N,COc1cnc2ccc(=O)n(C[C@H](N)C3CCC(NCc4ccc5c(n4)NC(=O)CO5)CC3)c2c1,PubChem,,46205341,3.47756,Train,0
PIVJTBXDGKAQQI-BCLQGDPASA-N,N[C@@H](Cn1c(=O)cnc2ccc(F)cc21)C1CCC(NCc2ncc3c(n2)NC(=O)CO3)CC1,PubChem,,46206000,3.47756,Validation,0
REQCZEXYDRLIBE-UHFFFAOYSA-N,CCN(CC)CCNC(=O)c1ccc(N)cc1,PubChem,,4913,3.40949,Train,0
CPZBLNMUGSZIPR-NVXWUHKLSA-N,O=C1c2cccc3c2[C@H](CCC3)CN1[C@@H]1CN2CCC1CC2,ChEMBL,CHEMBL1189679,,3.4,Train,0
WOXKDUGGOYFFRN-IIBYNOLFSA-N,CN1CC(=O)N2[C@H](Cc3c([nH]c4ccccc34)[C@H]2c2ccc3c(c2)OCO3)C1=O,ChEMBL,CHEMBL779,,3.4,Validation,0
PMXMIIMHBWHSKN-UHFFFAOYSA-N,Cc1nc2n(c(=O)c1CCN1CCC(c3noc4cc(F)ccc34)CC1)CCCC2O,ChEMBL,CHEMBL1621,,3.4,Train,0
BCEHBSKCWLPMDN-MGPLVRAMSA-N,C[C@@H](c1ncncc1F)[C@](O)(Cn1cncn1)c1ccc(F)cc1F,ChEMBL,CHEMBL638,,3.38279,Train,0
QTGIAADRBBLJGA-UHFFFAOYSA-N,CCCNC(C)C(=O)Nc1c(C)csc1C(=O)OC,PubChem,,32170,3.32698,Train,0
IQFYYKKMVGJFEH-CSMHCCOUSA-N,Cc1cn([C@@H]2C[C@@H](O)[C@H](CO)O2)c(=O)[nH]c1=O,PubChem,,159269,3.14636,Validation,0
PNCPYILNMDWPEY-QGZVFWFLSA-N,C[C@H](Cc1cc2c(c(C(N)=O)c1)N(CCCO)CC2)NCCOc1ccccc1OCC(F)(F)F,ChEMBL,CHEMBL24778,,3.1,Train,0
BOFQWVMAQOTZIW-UHFFFAOYSA-N,O=C(O)c1ccc(-n2nc(-c3ccccc3O)nc2-c2ccccc2O)cc1,ChEMBL,CHEMBL550348,,3,Validation,0
UVTNFZQICZKOEM-UHFFFAOYSA-N,CC(C)N(CCC(C(N)=O)(c1ccccc1)c1ccccn1)C(C)C,ChEMBL,CHEMBL517,,2.98435,Train,0
PYZRQGJRPPTADH-UHFFFAOYSA-N,Nc1nnc(-c2cccc(Cl)c2Cl)c(N)n1,ChEMBL,CHEMBL741,,2.84713,Train,0
CJBJHOAVZSMMDJ-HEXNFIEUSA-N,CC(C)CN(C[C@@H](O)[C@H](Cc1ccccc1)NC(=O)O[C@H]1CO[C@H]2OCC[C@@H]12)S(=O)(=O)c1ccc(N)cc1,ChEMBL,CHEMBL1323,,2.8,Validation,0
HXGBXQDTNZMWGS-RUZDIDTESA-N,NC(=O)C(c1ccccc1)(c1ccccc1)[C@@H]1CCN(CCc2ccc3c(c2)CCO3)C1,ChEMBL,CHEMBL1346,,2.8,Train,0
OUJTZYPIHDYQMC-LJQANCHMSA-N,COC(c1ccccc1)(c1ccccc1)[C@H](Oc1nc(C)cc(C)n1)C(=O)O,ChEMBL,CHEMBL1111,,2.6,Validation,0
HHZIURLSWUIHRB-UHFFFAOYSA-N,Cc1cn(-c2cc(NC(=O)c3ccc(C)c(Nc4nccc(-c5cccnc5)n4)c3)cc(C(F)(F)F)c2)cn1,ChEMBL,CHEMBL255863,,2.5,Train,0
BCFGMOOMADDAQU-UHFFFAOYSA-N,CS(=O)(=O)CCNCc1ccc(-c2ccc3ncnc(Nc4ccc(OCc5cccc(F)c5)c(Cl)c4)c3c2)o1,ChEMBL,CHEMBL554,,1.8,Train,0
