smiles,label
OCCc1c(C)[n+](Cc2c(N)nc(C)nc2)cs1,0
O=C(N=C1NOC(C)=C1)C=1N(C)S(=O)(=O)c2c(C=1O)cccc2,0
O=C(CO)[C@]1(O)[C@]2(C)[C@H]([C@H]3[C@H]([C@@H](O)C2)[C@]2(C)C([C@@H](C)C3)=CC(=O)C=C2)CC1,1
Clc1c(CO)n(Cc2ccc(-c3c(-c4n[nH]nn4)cccc3)cc2)c(CCCC)n1,0
ClC(Cl)(P(=O)(O)O)P(=O)(O)O,1
Clc1cc2C(c3c(F)cccc3)=NCc3n(c(C)nc3)-c2cc1,0
[SH0](=O)(C)c1ccc(/C=C\2/C(C)=C(CC(=O)O)c3c/2ccc(F)c3)cc1,1
OC1CCCCC1,0
O=C(N[C@H](C(=O)N1[C@H](CO)CCC1)C(C)C)[C@@H](CC(=O)NO)CCCCC,0
Fc1c(NC)ccc(-c2sc3c(n2)ccc(O)c3)c1,0
O=C(N[C@H](C(=O)O)CC(=O)O)N,0
CN1CCN(C2=Nc3c(Nc4sc(C)cc24)cccc3)CC1,1
O=C(O[C@]([C@@H](CN(C)C)C)(Cc1ccccc1)c1ccccc1)CC,0
O(/N=C\1/[C@H](NC(=O)CCC)[C@@H](O)[C@H](O)[C@@H](CO)O/1)C(=O)Nc1ccccc1,0
O(C)c1c(OC)cc(N(C[C@@H]2CC=3C(N)=N[C@H](N)NC=3CC2)C)cc1OC,0
Brc1ccc(C(=O)c2ccc(-c3ccc(CN(CC=C)C)cc3)cc2)cc1,0
Fc1ccc(CNc2nc(N)c(NC(=O)OCC)cc2)cc1,0
Brc1ccc([C@H]2N(C(=O)N3CCN(CCO)CC3)C(c3c(OCC)cc(OC)cc3)=N[C@@H]2c2ccc(Br)cc2)cc1,0
n1cc2c(cc1)cccc2,0
Clc1c(NC(O)=NC2CC2)ccc(Oc2c3c(ncc2)cc(OC)c(C(O)=N)c3)c1,0
ClC(Cl)(Cl)C(O)O.ClC(Cl)(Cl)C(O)O.O=C1N(N(C)C(C)=C1)c1ccccc1,0
O=C(O)[C@@H](N)CCN(C[C@@H]1[C@@H](O)[C@@H](O)[C@H](n2c3ncnc(N)c3nc2)O1)C,0
O([C@H]1[C@H](O)[C@@H](O)[C@@H]2O[C@H](C)OC[C@H]2O1)[C@H]1[C@@H]2[C@@H]([C@H](c3cc(OC)c(O)c(OC)c3)c3c1cc1OCOc1c3)C(=O)OC2,1
Cc1cc2[nH]cnc2cc1,0
S(CC1=C(C(=O)O)N2C(=O)[C@@H](NC(=O)Cn3nnnc3)[C@H]2SC1)c1sc(C)nn1,0
O=C(OCCOCCOCCOCCOCCOCCOCCOCCOCCOC)c1ccc(NCCCC)cc1,0
O=C(O)[C@@H](NCCCC[C@H](N)C(=O)O)CCC(=O)O,0
Fc1c(N2CCN(C)CC2)c2OC[C@H](C)N3c2c(C(=O)C(C(=O)O)=C3)c1,1
P(=O)(Oc1ccc(C[C@H](N)C(=O)O)cc1)(O)O,0
Clc1c(Cl)cccc1N1CCN(CCCCOc2cc3NC(=O)CCc3cc2)CC1,1
O=C(N)C(CCN(C(C)C)C(C)C)(c1ncccc1)c1ccccc1,1
Clc1c(C2=NN(C(=O)C)[C@H](c3cc(O)ccc3)C2)cccc1,0
P(=O)(O)(O)CP(=O)(O)O.[Tc],0
Oc1c2c(ccc1)CC(N(CCC)CCc1sccc1)CC2,1
Fc1c(N2CCOCC2)ccc(N2C(=O)O[C@@H](CNC(=O)C)C2)c1,1
Clc1cc2C(c3ccccc3)=NCc3n(c(C)nn3)-c2cc1,0
Clc1c(S(=O)(=O)N)cc2S(=O)(=O)N=CNc2c1,0
Fc1ccc(C(=O)c2ccncc2)cc1,0
[P@@](=O)(Oc1ccc([N+](=O)[O-])cc1)(O)C,0
Fc1ccc(Oc2ccc(OC3(CCOCC)C(=O)NC(=O)NC3=O)cc2)cc1,0
O=C(O)C=C(C=CC=C(C=CC=1C(C)(C)CCCC=1C)C)C,1
O=C(OCC(OCn1c2NC(N)=NC(=O)c2nc1)CO)[C@@H](N)C(C)C,0
O=C(OCc1ccccc1)N[C@H](C(=O)N[C@H](C(=O)N[C@H](CO)Cc1ccccc1)C(C)C)C,0
O=C(N(O)CCCCCNC(=O)CCC(=O)N(O)CCCCCN)CCC(=O)NCCCCCN(O)C(=O)C,0
O=C(NCc1ccc(OCCN(C)C)cc1)c1cc(OC)c(OC)cc1,0
S(=O)(=O)(N)c1sc2c(n1)ccc(O)c2,0
Clc1cc2C(c3ccccc3)=NC(C(=O)O)C(=O)Nc2cc1,0
O=[N+]([O-])c1c(C2C(C(=O)OC)=C(C)NC(C)=C2C(=O)OC)cccc1,1
N(C)(C)c1cc2c([n+](C)c(/C=C/c3c(C)n(c(C)c3)-c3ccccc3)cc2)cc1,0
O(C(C)C)CCOCc1ccc(OCC(O)CNC(C)C)cc1,1
O=C(NCC[C@H]1c2c3c(OCC3)ccc2CC1)CC,0
O=C(OCCCCCC)N=C(N)c1ccc(NCc2n(C)c3c(n2)cc(C(=O)N(CCC(=O)OCC)c2ncccc2)cc3)cc1,1
O=C(Nc1ccc(O)cc1)C,0
N(CCC=C1c2c(cccc2)C=Cc2c1cccc2)(C)C,0
S(C[C@H](N)C(=O)O)Cc1ccccc1,0
O(CCc1ccc(OCC(O)CNC(C)C)cc1)CC1CC1,1
P(=O)(O)(O)c1c(OCC(=O)O)ccc(C[C@H](NC(=O)C)C(=O)N[C@H]2C(=O)N(Cc3ccc(-c4ccccc4)cc3)CCCC2)c1,0
O=C(O)Cc1c(O)c2C(=O)c3c(O)cccc3C(=O)c2cc1,0
[O-][n+]1c(N)nc(N2CCCCC2)cc1N,1
ClC=1C=2[C@](C)([C@@H]3[C@H](C(=O)C=2)C3)[C@@H]2[C@H]([C@H]3[C@@](C)([C@@](OC(=O)C)(C(=O)C)CC3)CC2)C=1,1
S(c1ccccc1)C=1N(COCCO)C(=O)NC(=O)C=1C,0
O=C1[C@@H]2Oc3c(O)ccc4c3[C@@]32[C@H]([C@H](N(C)CC3)C4)CC1,1
O[C@H]([C@@H](O)CCCC)CO,0
O=C(OC)[C@@H]([C@H](NC(=O)c1ccc(-c2cc(CN)ccc2)cc1)C)Cc1cc(C(=N)N)ccc1,0
O=C(OC1CC2[N+]3(C(C1)CC2)CCCC3)C(O)(c1ccccc1)c1ccccc1,0
Oc1c(O)ccc(CCNC(CCc2ccc(O)cc2)C)c1,1
NC(Cc1ccccc1)C,0
O=[N+]([O-])c1c(NCCCN)ccc(C)c1,0
Fc1c(N2CC(C)NCC2)c(OC)c2N(C3CC3)C=C(C(=O)O)C(=O)c2c1,0
O=C(O)C[C@H](O)CCCCCCCCC,0
[I-].[K+],0
O=C(CO)[C@@]1(O)C[C@H](O[C@@H]2O[C@@H](C)[C@H](O)[C@@H](N)C2)c2c(O)c3C(=O)c4c(OC)cccc4C(=O)c3c(O)c2C1,1
O=C(O[C@H]1[C@](O)(C(=O)OC)[C@@H]2N(C=O)c3c(cc(c(OC)c3)[C@]3(C(=O)OC)c4[nH]c5c(c4CCN4C[C@](O)(CC)C[C@H](C3)C4)cccc5)[C@@]32[C@@H]2[C@@]1(CC)C=CCN2CC3)C,0
O=C(O)C1NC(=O)CC1,0
S(=O)(=O)(Nc1cc2c([nH]c(C(=O)N3CCN(c4c(NC(C)C)cccn4)CC3)c2)cc1)C,1
CN1CC2N(c3ncccc3Cc3c2cccc3)CC1,1
O[C@@H](CNC)c1cc(O)c(O)cc1,1
ClC(=C(c1ccc(OCCN(CC)CC)cc1)c1ccccc1)c1ccccc1,0
O=[N+]([O-])c1c(O)c(O)cc(C(=O)c2ccc(C)cc2)c1,1
O=C(N)N1c2c(cccc2)C=Cc2c1cccc2,1
Clc1c(OCc2cc(F)ccc2)ccc(Nc2ncnc3c2cc(-c2oc(CNCCS(=O)(=O)C)cc2)cc3)c1,1
O=C(N[C@@H]1C(=O)N2C(C(=O)O)=C(COC(=O)C)CS[C@H]12)CC#N,0
O(CC(O)CNC(C)C)c1c2c([nH]cc2)ccc1,1
O([C@H]1[C@H](O)[C@@H](O)[C@@H](O)O[C@@H]1CO)[C@@H]1[C@H](O)[C@@H](O)[C@H](O[C@@H]2[C@H](O)[C@@H](O)[C@H](N[C@@H]3[C@H](O)[C@@H](O)[C@H](O[C@@H]4[C@H](O)[C@@H](O)[C@H](O[C@@H]5[C@H](O)[C@@H](O)[C@H](O)[C@@H](CO)O5)[C@@H](CO)O4)C(CO)=C3)[C@@H](C)O2)[C@@H](CO)O1,0
O=C(N[C@@H]1C(=O)N2[C@@H](C(=O)O)C(C)(C)S[C@H]12)[C@H](N)c1ccccc1,0
O=CCN1C(=O)/C(=C/c2c3c([nH]c2)cccc3)/N=C1[C@H](N)[C@@H](O)C,0
[P@@](=O)(O)([C@@H](N)C)C[C@H](C(=O)N[C@H](C(=O)O)C)Cc1ccc(-c2ccccc2)cc1,0
O(Cc1n2N=C(c3ccccc3)C=Cc2nn1)c1c2c(ncc1)cc(OC)cc2,0
O=C(NCC(=O)O)[C@H](CN1C[C@H](C)[C@](C)(c2cc(O)ccc2)CC1)Cc1ccccc1,0
Clc1c(-c2ccc(C(N)(C)C)cc2)nc(Nc2ccc(CCN3CCOCC3)cc2)nc1,0
O(C)c1cc([C@H](C#Cc2c(N)nc(N)nc2C)C)cc(-c2ccc(C)cc2)c1,0
S(=O)(=O)(O)CCCNC(=O)C,1
P(=O)(OCOC(=O)C(C)(C)C)(OCOC(=O)C(C)(C)C)COCCn1c2ncnc(N)c2nc1,0
P(=O)(OC[C@H]1O[C@@H](N2C(=O)NC(=O)C(C)=C2)CC1)(O)O,0
FC(F)(F)c1cc(N2CCN(CCOC(=O)c3c(Nc4c5c(ncc4)cc(C(F)(F)F)cc5)cccc3)CC2)ccc1,0
N(CC#C)[C@H]1c2c(cccc2)CC1,1
O=C(O)C(C)c1sc(C(=O)c2ccccc2)cc1,0
O=C1N([C@@H]2O[C@H](CO)CC2)C=CC(N)=N1,1
O([C@H]1[C@H](O)[C@@H](O)[C@H](O[C@H]2[C@H](O)[C@@H](O)C(O)(O)O[C@H]2CO)O[C@H]1CO)[C@H]1[C@H](O)[C@@H](O)[C@H](O[C@H]2[C@@H](O)[C@H](O)[C@@H](O)[C@H](CO)O2)[C@H](CO)O1,0
O=C(O)[C@@H](N)Cc1c2c([nH]c1)ccc(O)c2,0
Clc1c2c(c(S(=O)(=O)NCCCCCCN)ccc2)ccc1,0
[SeH0](=O)(CC[C@@H](N)C(=O)O)C,0
O=C(N(C)C)Cc1c(-c2ccc(C)cc2)nc2n1C=C(C)C=C2,0
O=C([O-])[C@H]([N-]C(=O)CCN)Cc1[nH]cnc1.[Zn+2],0
O=C(O)CC[C@@H](C)[C@@H]1[C@]2(C)[C@H]([C@@H]3[C@@H](O)C[C@H]4[C@@](C)([C@H]3CC2)CC[C@@H](O)C4)CC1,1
O=C1C(O)=C(C)N(C)C=C1,1
O(CC(O)CNC(C)C)c1c2c(ccc1)cccc2,1
S(=O)(=O)(N)c1c(Oc2ccccc2)c(NCCCC)cc(C(=O)O)c1,0
N(CCC=C1c2c(cccc2)CCc2c1cccc2)C,0
Ic1c(O)c(I)cc(C[C@@H](NC(=O)C)C(=O)N[C@H]([C@H](O)C)C(=O)O)c1,0
O=C(O)[C@H]1NC(C)(C)SC1,0
S(C)c1nc(NC(C)(C)C)nc(NCC)n1,0
S(c1n(C)cnn1)c1nc(C(=O)Nc2scc(C)n2)c(Sc2ccc(F)cc2)cc1,0
NC12CC3(C)CC(C)(C1)CC(C2)C3,1
O=C(O)CCCN,0
O=C(N(c1ccccc1)[C@]1(C(=O)OC)[C@H](C)CN(CCc2ccccc2)CC1)CC,0
O=C(O)[C@@H](NC(=O)c1ccc(NC[C@@H]2N(C=O)C=3C(=O)N=C(N)NC=3NC2)cc1)CCC(=O)O,1
O=C1C(C(CCC)C)(CC)C(=O)NC(=O)N1,1
O=C(OC)Nc1[nH]c2c(n1)ccc(C(=O)c1sccc1)c2,0
Clc1c(F)cc(OC[C@](O)(C(=O)Nc2cc(C(F)(F)F)c(C#N)cc2)C)cc1,0
O=C(Oc1cc(OC(=O)N(C)C)cc(C(O)CNC(C)(C)C)c1)N(C)C,1
N(c1[nH]nc(C2CC2)c1)c1nc(Nc2cc3nc[nH]c3cc2)ncc1,0
O=C1C(O)=C2C([C@@H]3[C@H]([C@H]4[C@@](C)([C@@H](O)CC4)CC3)CC2)CC1,0
Clc1c(Nc2nc(Nc3cc(NS(=O)(=O)C)ccc3)ncc2)c2OCOc2cc1,0
Brc1cc(F)c(Nc2ncnc3c2cc(OC)c(OCC2CCN(C)CC2)c3)cc1,1
O=C(N)c1c(O)ccc(C(O)CNC(CCc2ccccc2)C)c1,1
Clc1cc2C(c3c(F)cccc3)=NCC(=O)N(CCN(CC)CC)c2cc1,0
OC([C@H](/C=C/[C@@H](C)[C@@H]1[C@]2(C)[C@H](/C(=C/C=C3C[C@@H](O)C[C@H](O)C3)/CCC2)CC1)C)(C)C,0
O=C(OCC)C1(c2ccccc2)CCN(C)CC1,0
O=C1N=CN=C2NNC=C12,1
ClCC1OC1.NCC=C,0
O=C(N(c1ccccc1)C1(COC)CCN(CCc2ccccc2)CC1)CC,0
S(=O)(=O)(O)Cn1c(SCC2=C(C(=O)O)N3C(=O)[C@@H](NC(=O)[C@H](O)c4ccccc4)[C@H]3SC2)nnn1,0
S(CO)CC(NC(=O)CCC(N)C(=O)O)C(=O)NCC(=O)O,0
O=C(N(CC)CC)c1c(NC(=O)c2sccc2)sc2c1CCCC2,0
Clc1c(OC(C(=O)NC2[C@H]3CC4(S(=O)(=O)C)C[C@@H]2CC(C4)C3)(C)C)ccc(F)c1,0
O=C(O)Cc1c(C)n(Cc2ccccc2)c2c1cc(OC)cc2,0
O=C(Nc1cc(Nc2nc(-c3cnccc3)ccn2)c(C)cc1)c1ccc(CN2CCN(C)CC2)cc1,1
Clc1c(C(n2cncc2)(c2ccccc2)c2ccccc2)cccc1,0
O=[N+]([O-])c1c(C2C(C(=O)OCC(C)C)=C(C)NC(C)=C2C(=O)OC)cccc1,1
O=C(N[C@H](C=O)[C@H]1SCC(C)=C(C(=O)O)N1)Cc1sccc1,0
O=C(OC)CCc1c(C)[cH0]=2[nH][cH0]1=CC=1C(CCC(=O)O)=C(C)C(N=1)=Cc1c(C=C)c(C)c([nH]1)C=C1N=C([C@]3(C)[C@H](C(=O)OC)C(C(=O)OC)=CC=C13)C=2,0
S(=O)(=O)(NC(=O)Nc1ccc(S(=O)(=O)N)cc1)c1ccc(C)cc1,0
O=C(O)[C@H](N)CCCC[N+](C)(C)C,0
Clc1c(CC(=O)NC(=N)N)c(Cl)ccc1,1
O=C(CCc1cc2c(cc(OC)cc2)cc1)C,0
Clc1c(CCC(=O)Nc2c(O)cc(OC)c(O)c2)c(C(=O)OC)c(O)cc1O,0
C(C1c2c(Sc3c1cccc3)cccc2)C1CN(C)CCC1,0
O=C(O)C(CCCOc1c(C)ccc(C)c1)(C)C,0
Clc1cc2S(=O)(=O)N=C(C)Nc2cc1,1
P(=O)(OC[C@@H]1[C@@H](O)[C@H](O)[C@H](n2c3nc(F)nc(N)c3nc2)O1)(O)O,1
O=C(O)c1[nH]c(O)c2c1c1c([nH]c3c1cccc3)c1[nH]c3c(c21)cccc3,0
P(=O)(O)(O)C(P(=O)(O)O)(O)Cn1cncc1,0
O=C([O-])CN(CC(=O)NC)CCN(CC(=O)[O-])CCN(CC(=O)[O-])CC(=O)NC.[Gd+3].O,0
S(=O)(=O)(Nc1ccc(OCCN(CCc2ccc(NS(=O)(=O)C)cc2)C)cc1)C,1
Fc1ccc(C(CCCN2CCN(C(=O)NCC)CC2)c2ccc(F)cc2)cc1,0
Fc1c(N2CCN(C)CC2)c2OCC(C)N3c2c(C(=O)C(C(=O)O)=C3)c1,1
O=C(O)NCCCC[C@H](N)C(=O)O,0
O=C(O)CCc1c2c(c(C)c3c1cccc3)cccc2,0
O=C(Nc1c(C)cccc1C)CN(CC)CC,1
N(C)(C)c1ccc(-c2c(N)ncnc2C#Cc2cnc(N3CCOCC3)cc2)cc1,0
O=C(NC1CC2N(C)C(C1)CCC2)c1nn(C)c2c1cccc2,0
O(C(c1ccccc1)c1ccccc1)CCN(C)C,0
FC(F)(F)c1cc(OC[C@H](O)/C=C/[C@@H]2[C@@H](C/C=C\CCCC(=O)OC(C)C)[C@@H](O)C[C@H]2O)ccc1,0
[Cu+2],0
[P@](=O)(O[P@@](=O)(OC[C@H]1[C@H](O)[C@@H](O)[C@H](N2C(=O)N=C(N)C=C2)O1)O)(OP(=O)(O)O)O,0
SCCNC(=O)c1sc2n(C)nc(C(F)(F)F)c2c1,0
O=C1Nc2c(cccc2)C=C1,0
S(=O)(=O)(N(C)c1nc2cc(c1)COC(=O)[C@@](N)(C)Cc1cc(ccc1)CC[C@@H](C)CC2)C,0
S(=O)(=O)(NC(=O)NC(C)C)c1c(Nc2cc(C)ccc2)ccnc1,0
IC1=C(Oc2cc(C)cc(C)c2)C(CSCc2occc2)=C(C)NC1=O,0
P(=O)(O[P@](=O)(O)C[P@](=O)(OC[C@H]1[C@H](O)[C@@H](O)[C@H](n2c3ncnc(N)c3nc2)O1)O)(O)O,0
O=C(OC)[C@@H]1[C@@H](OC)[C@H](OC(=O)c2cc(OC)c(OC)c(OC)c2)C[C@H]2[C@@H]1C[C@H]1N(C2)CCc2c3c([nH]c12)cccc3,0
S(=O)(=O)(N)c1c(C)ccc(Nc2nc(N(C)c3cc4nn(C)c(C)c4cc3)ccn2)c1,1
S(=O)(=O)(NC(=N)N)c1ccc(N/C=C/2\C(=O)Nc3c\2cccc3)cc1,0
Fc1ccc([C@H]2[C@H](COc3cc4OCOc4cc3)CNCC2)cc1,1
Clc1cc(C=2c3c(N(C)C(=O)C=2)ccc([C@@](N)(c2n(C)cnc2)c2ccc(Cl)cc2)c3)ccc1,0
O=[N+]([O-])C[C@H](C(=O)O)Cc1ccccc1,0
S(=O)(=O)(NC(=O)NC1CCCCC1)c1ccc(CCN2C(=O)C(C)(C)c3c(C2=O)cc(OC)cc3)cc1,0
[Au-](S[C@H]1[C@H](OC(=O)C)[C@@H](OC(=O)C)[C@H](OC(=O)C)[C@@H](COC(=O)C)O1)[P+](CC)(CC)CC,0
O=C(O)Cc1c2c(n-3c1NC(=O)c1c-3cccc1)cccc2,0
S(=O)(=O)(NC[C@H]1NC[C@@H](SC=2[C@H](C)[C@@H]3[C@@H]([C@H](O)C)C(=O)N3C=2C(=O)O)C1)N,0
O(C)c1cc(Cc2n(CCCC)c3ncnc(N)c3n2)ccc1,0
ClCCN(C(=O)Oc1cc2c([C@@H]3[C@H]([C@H]4[C@@](C)([C@@H](O)CC4)CC3)CC2)cc1)CCCl,1
O=C1N(C)C(=O)NC(=O)C1(C)C1=CCCCC1,0
Fc1ccc(-c2c(/C=C/[C@@H](O)C[C@@H](O)CC(=O)O)c(C3CC3)nc3c2cccc3)cc1,0
Clc1cc(C(=O)NCCc2ccc(S(=O)(=O)NC(=O)NC3CCCCC3)cc2)c(OC)cc1,0
Brc1c(Cl)c2c(O[C@@H]3[C@@H](O)[C@@H](O)[C@H](O)[C@@H](CO)O3)c[nH]c2cc1,0
O=C(CNC1CCCC1)N1[C@H](C(=O)NCc2ccc(C(=N)N)cc2)CCC1,0
ClCC[C@@H](O)c1ccccc1,0
FC(F)(F)c1nc2c(C(F)(F)F)cccc2c(C(O)C2NCCCC2)c1,0
Clc1c(CN2Cc3c(scc3)CC2)cccc1,0
O=C(O[C@H]1[C@](O)(C(=O)OC)[C@@H]2N(C)c3c(cc(c(OC)c3)[C@]3(C(=O)OC)c4[nH]c5c(c4CCN4C[C@](O)(CC)C[C@H](C3)C4)cccc5)[C@@]32[C@@H]2[C@@]1(CC)C=CCN2CC3)C,1
O=C1N(CCCCN2CCN(c3ncccn3)CC2)C(=O)CC2(C1)CCCC2,1
Clc1c(-c2cc(C(=O)O)c(O)cc2)ccc(Cl)c1,0
Clc1cc2c([nH]c(C(=O)N[C@H]3[C@H](NC(=O)c4sc5c(n4)CCN(C)C5)CCCC3)c2)cc1,0
S(=O)(=O)(OC(=O)[C@@H](N)C(=O)O)O,0
O=C(C(N)Cc1ccccc1)C,0
[Zn-][O+],0
S([C@H]1C[C@@H](C(=O)Nc2cc(C(=O)O)ccc2)NC1)C=1[C@H](C)[C@@H]2[C@@H]([C@H](O)C)C(=O)N2C=1C(=O)O,1
N(CCCC1(c2ccccc2)OC(C)(C)c2c1cccc2)C,0
S(=O)(=O)(OC[C@H]1[C@H](O)[C@@H](O)[C@H](n2c3ncnc(N)c3nc2)O1)NC(=O)[C@@H](N)Cc1ccc(O)cc1,0
O=C(O)CCC/C=C\1/C[C@@H]2[C@@H](/C=C/[C@@H](O)C(CC#CC)C)[C@H](O)C[C@@H]2C/1,1
I[Na],0
[Hg]c1c(N)ccc(S(=O)(=O)N)c1,0
S(C(=N)N)CCCCN(C)C,0
O=C(O)CCc1c(C)c2n3[Zn@]45[N+]6=C(C(C)=C(CCC(=O)O)C6=Cc13)C=[cH0]1c(C=C)c(C)[cH0](n41)=CC=1C(C=C)=C(C)C([N+]5=1)=C2,0
O(CC1(C)Oc2c(C)c(C)c(O)c(C)c2CC1)c1ccc(CC2C(=O)NC(=O)S2)cc1,1
O=C([O-])C.O=C([O-])C.[Ca+2],0
O=C(O)[C@@H](NC(=O)c1ccc(NCc2nc3c(N)nc(N)nc3nc2)cc1)CCC(=O)O,0
O=C(OCC[N+](CC)(CC)C)C1c2c(Oc3c1cccc3)cccc2,0
O=C(OC(C)(C)C)N[C@H]([C@@H](O)C(=O)O[C@@H]1C(C)=C2[C@@H](OC)C(=O)[C@]3(C)[C@@H](OC)C[C@@H]4[C@](OC(=O)C)([C@H]3[C@H](OC(=O)c3ccccc3)[C@@](O)(C2(C)C)C1)CO4)c1ccccc1,1
Clc1c(C(=O)OC(C)C)cc(NC(=S)OC(C)C)cc1,0
O=C([C@@H](NC(=O)[C@@H]1[C@@H](C(=O)NCCC)O1)[C@H](CC)C)N1[C@H](C(=O)OC)CCC1,0
O=C(N(C(=O)[C@H]1CN(CC=C)[C@H]2[C@@H](c3c4c([nH]cc4C2)ccc3)C1)CCCN(C)C)NCC,1
C(n1cc(-c2sccc2)nc1)c1ccc(C)cc1,0
[P@](=O)(OP(=O)(OC[C@@H]1[C@@H](O)[C@H](O)[C@@H]([n+]2cc(C(=O)N)ccc2)C1)[O-])(OC[C@H]1[C@H](O)[C@@H](O)[C@H](n2c3ncnc(N)c3nc2)O1)O,0
O=C(OC)c1cc(OC)c(O)c(OC)c1,0
N(c1nc(-c2c3n(nc2)N=CC=C3)ccn1)C1CC1,0
O=C(O)c1c(O)cccc1,0
O=C1C(N)=CC(c2ccncc2)=CN1,0
[SH0](=O)(C)C,0
O=C(Oc1cc2c([C@@H]3[C@H]([C@H]4[C@@](C)(C(=O)CC4)CC3)CC2)cc1)CCCCCCC/C=C\CCCCCCCC,0
O=C(O)[C@@H]1[N+](C)(C)CCC1,0
Brc1[nH]c2c3c(ccc2)C=2[C@H](N(C)C[C@H](C(=O)N[C@@]4(C(C)C)C(=O)N5[C@@H](CC(C)C)C(=O)N6[C@H]([C@]5(O)O4)CCC6)C=2)Cc13,1
O(CCCCCOc1ccc(C(=N)N)cc1)c1ccc(C(=N)N)cc1,0
S(=O)(=O)(O[C@@H]1[C@@H](O)[C@H](NC(=O)C)[C@H](O[C@@H]2[C@H](CO)[N+][C@@H](C(=O)NCCS(=O)(=O)O)C2)O[C@@H]1CO)O,0
O=C(O)CN(CC(=O)[O-])CCN(CC(=O)[O-])CCN(CC(=O)O)CC(=O)[O-].O[C@@H]([C@H](O)[C@@H](O)CNC)[C@H](O)CO.O[C@@H]([C@H](O)[C@@H](O)CNC)[C@H](O)CO.[Gd+3],0
S(=O)(=O)(N[C@@H](P(=O)(O)O)C(C)C)c1ccc(-c2ccc(OC)cc2)cc1,0
N(c1nc(-c2ccccc2)nc2c1cccc2)c1n[nH]c(C)c1,0
O=C(O[C@H]1[C@@H]([N+]2(C)CCCCC2)C[C@@H]2[C@]1(C)CC[C@@H]1[C@]3(C)[C@H](C[C@H](OC(=O)C)[C@@H](N4CCCCC4)C3)CC[C@@H]21)C,0
O=C(Nc1c(N(CCN(C)C)C)cc(OC)c(Nc2nc(-c3c4c(n(C)c3)cccc4)ccn2)c1)C=C,0
Clc1ccc(C(N2CCN(CCOCC(=O)O)CC2)c2ccccc2)cc1,1
O(CC(N)C)c1c(C)cccc1C,1
Cl[C@@H]1SC2=NC(C(=O)N[C@@H]3C(=O)N(CC(=O)N)c4c(cccc4)C3)=CC2=C1,0
Clc1c(-c2oc(C(=O)O)cc2)cccc1,0
Clc1cc2S(=O)(=O)N(C)c3c(C(NCCCCCCC(=O)O)c2cc1)cccc3,0
Oc1cc(-c2nn(C(C)(C)C)c3ncnc(N)c23)ccc1,0
Brc1sc2-n3c(C)nnc3CN=C(c3c(Cl)cccc3)c2c1,0
Clc1c(C2C(C(=O)OCC)=C(COCCN)NC(C)=C2C(=O)OC)cccc1,1
[P@@](=O)(O)([C@H](NC(=O)OCc1ccccc1)Cc1ccccc1)C[C@@H](C(=O)N[C@@H](C(=O)N)Cc1c2c([nH]c1)cccc2)CCCc1ccccc1,0
O=C(NCCCOc1cc(CN2CCCCC2)ccc1)COC(=O)C,0
O(C)c1cc2c(cc1)C[C@@H]1N(C)CC[C@]32[C@@H]1CCCC3,0
Clc1c([C@]2(Cn3ncnc3)O[C@@H](COc3ccc(N4CCN(c5ccc(N6C(=O)N(C(CC)C)N=C6)cc5)CC4)cc3)CO2)ccc(Cl)c1,1
FC(F)(F)COc1c(OCCN[C@@H](Cc2cc(C(=O)N)c3N(CCCO)CCc3c2)C)cccc1,0
O=[N+]([O-])c1ccc(OCCCO)cc1,0
Fc1ccc(C2(CCCN(C)C)OCc3c2ccc(C#N)c3)cc1,1
ClC(Cl)C(=O)OC1(C(=O)OCC)[C@]2(C)[C@H]([C@H]3[C@H]([C@@H](O)C2)[C@]2(C)C(=CC(=O)C=C2)CC3)CC1,0
Oc1c(C)c(C)c2O[C@@](CCC[C@@H](CCC[C@@H](CCCC(C)C)C)C)(C)CCc2c1C,1
O=C(Nc1cc2c(N)cc(C)nc2cc1)Nc1cc2c(N)cc(C)nc2cc1,0
P(=O)(OC[C@@H](O)[C@H](O)[C@@H](O)NO)(O)O,0
Clc1sc2C(=O)/C(=C(\O)/Nc3ncccc3)/N(C)S(=O)(=O)c2c1,0
OC[C@@H]1[C@@H](O)[C@H](O)CNC1,0
S(=O)(=O)(NC[C@@H](O)[C@@H](N)Cc1ccccc1)c1cc2c(cc1)cccc2,0
O=C(O)CCCCCN,0
O(CCNCC(O)COc1c2c([nH]c3c2cccc3)ccc1)c1c(OC)cccc1,1
S(=O)(=O)(NCc1sccc1)c1sc(S(=O)(=O)N)cc1,0
O=C(O)[C@@H](C)c1cc2c(cc(OC)cc2)cc1,1
Clc1c(Cl)ccc2N=C3N(CC(=O)N3)Cc12,1
Clc1c(Nc2c(C(=O)O)cccc2)c(Cl)ccc1C,0
NC=1N2c3c(cccc3)Cc3c(cccc3)C2CN=1,0
O=C(N)c1nn(-c2ccc(OC)cc2)c2C(=O)N(c3ccc(N4C(=O)CCCC4)cc3)CCc12,0
O[C@@H]1[C@]2(C)[C@H]([C@H]3[C@@H](c4c(cc(O)c(O)c4)CC3)CC2)CC1,0
O=C(N)c1nccnc1,0
O=C(O)C(CC(=O)O[C@@H]1C(C)(C)[C@H]2[C@@](C)([C@@H]3[C@](C)([C@@]4(C)[C@@H]([C@H]5[C@H](C(=C)C)CC[C@]5(C(=O)O)CC4)CC3)CC2)CC1)(C)C,0
O(CCCCc1n(C2CCCCC2)nnn1)c1cc2c(NC(=O)CC2)cc1,1
O=C(OC(C)(C)C)N[C@H]([C@@H](O)C(=O)O[C@@H]1C(C)=C2[C@@H](O)C(=O)[C@]3(C)[C@@H](O)C[C@@H]4[C@](OC(=O)C)([C@H]3[C@H](OC(=O)c3ccccc3)[C@@](O)(C2(C)C)C1)CO4)c1ccccc1,1
O=C(OCC(COC(=O)N)(CCC)C)NC(C)C,0
O(CCN(C)C)c1ccc(/C(=C(/CC)\c2ccccc2)/c2ccccc2)cc1,1
O=C(C(C)C)C12C(=O)C(CC=C(C)C)(C(=O)C(CC=C(C)C)=C1O)CC(CC=C(C)C)C2(CCC=C(C)C)C,0
ClCC(=O)NC(=O)O[C@H]1[C@@H](OC)[C@H]([C@]2(C)[C@@H](CC=C(C)C)O2)[C@]2(OC2)CC1,0
Clc1c(S(=O)(=O)N)cc(C(=O)NN2C(C)Cc3c2cccc3)cc1,0
Clc1ccc(CN(S(=O)(=O)c2ccc(S(=O)(=O)N)cc2)C)cc1,0
[SH0](=O)(Cc1c(C)c(OCC(F)(F)F)ccn1)c1[nH]c2c(n1)cccc2,0
O=C(C(CC(N(C)C)C)(c1ccccc1)c1ccccc1)CC,1
Oc1c(O)ccc2c1-c1c3[C@H](N(C)CCc3ccc1)C2,1
O[C@H]1[C@H](O)c2c(c3c4c(ccc3cc2)cccc4)C[C@H]1O,0
ClC(C(NC(=O)[C@H]1N(C)C[C@H](CCC)C1)[C@@H]1[C@H](O)[C@H](O)[C@@H](O)[C@@H](SC)O1)C,1
Clc1c2c(CCC(=O)O)c(C(=O)O)[nH]c2cc(Cl)c1,0
O=C1N(C)c2c(cccc2)C=C1,0
O=C(N1CCN(c2nc(N)c3c(n2)cc(OC)c(OC)c3)CC1)C1Oc2c(OC1)cccc2,1
BrC(Br)Br,0
O=C(O)CCCCCCCCCCCO,0
O=C1N(Cc2ccc(-c3c(-c4n[nH]nn4)cccc3)cc2)C(CCCC)=NC21CCCC2,1
O=C(N)c1c(N)nc2nc(C(C)(C)C)nc(NCCc3nc[nH]c3)c2c1,0
P(=O)(O)(O)/C=C/[C@@H](O)[C@@H](O)[C@H](O)CCO,0
O(C)c1c2O[C@@H]3[C@]4(c2c(cc1)CN(C)CC4)C=C[C@H](O)C3,1
P(=O)(Oc1c(C)cc(OP(=O)([O-])[O-])c2c1cccc2)([O-])[O-].[Na+].[Na+].[Na+].[Na+],0
Clc1c(Cc2ccc(O[C@@H]3COCC3)cc2)cc([C@H]2[C@H](O)[C@@H](O)[C@H](O)[C@@H](CO)O2)cc1,0
Clc1ccc(C2(O)CCN(CCC(C(=O)N(C)C)(c3ccccc3)c3ccccc3)CC2)cc1,0
S(=O)(=O)(NCCC(F)(F)F)c1cc2c(cc1)C[C@H](CF)NC2,0
O=C(O)[C@@H](N)CCCCNCNC(=O)C=1C(=O)[C@@]2(O)C(O)=C3C(=O)c4c(O)cccc4[C@](O)(C)[C@H]3C[C@H]2[C@H](N(C)C)C=1O,0
O=C([O-])C,0
O=C(N[C@@H](CC(C)C)B(O)O)[C@@H](NC(=O)c1nccnc1)Cc1ccccc1,1
O=C(OCC1=C(C(=O)O)N2C(=O)[C@@H](NC(=O)/C(=N\OC)/c3occc3)[C@H]2SC1)N,1
Fc1c([C@](O)([C@@H](C)c2c(F)cncn2)Cn2ncnc2)ccc(F)c1,1
FC(F)(F)c1c(CN2CCN(C)CC2)ccc(NC(=O)c2cc(C#Cc3n4N=CC=Cc4nc3)c(C)cc2)c1,1
N(c1nc(-c2nc(C)ccc2)nc2c1cccc2)c1ccncc1,0
O=[N+]([O-])c1cc(C2C(C(=O)OC3CN(C(c4ccccc4)c4ccccc4)C3)=C(N)NC(C)=C2C(=O)OC(C)C)ccc1,0
Clc1cc(N2CCN(CCCN3C(=O)N(CCOc4ccccc4)C(CC)=N3)CC2)ccc1,1
Fc1ccc([C@@H](O)CC[C@@H]2[C@H](N(c3ccc(F)cc3)C2=O)c2ccc(O)cc2)cc1,0
O([C@H]1[C@@H](CO)O[C@H](O)C[C@@H]1O)[C@@H]1[C@@H](O)[C@H](O)[C@@H](O)[C@H](CO)O1,0
O=C(O[C@H]1[C@]2(C)[C@H]([C@H]3[C@@H]([C@@H]4C(=CC(=O)CC4)CC3)CC2)CC1)CCC(=O)O,0
O=[N+]([O-])c1cc(C2C(C(=O)OCC)=C(C)NC(C)=C2C(=O)OC)ccc1,0
N(C(Cc1ccccc1)C)(CC#C)C,1
Clc1ccc(C(N2CCN(CCOCCO)CC2)c2ccccc2)cc1,0
O=C1[C@@H]2Oc3c(O)ccc4c3[C@@]32[C@](O)([C@H]([N+](CC2CC2)(C)CC3)C4)CC1,1
[Zn],1
O=[N+](O[C@H]1[C@H]2OC[C@H](O[N+](=O)[O-])[C@H]2OC1)[O-],1
[P@@](=O)(Oc1ccccc1)(N[C@H](C(=O)OC(C)C)C)CO[C@@H](Cn1c2ncnc(N)c2nc1)C,0
O(OC(=O)c1ccccc1)C(=O)c1ccccc1,0
O([C@@H]1[C@@H](C)O[C@@H](O[C@@H]2c3c(O)c4C(=O)c5c(O)cccc5C(=O)c4cc3[C@H](O)[C@@](O)(CC)C2)C[C@H]1N(C)C)[C@@H]1O[C@H](C)[C@H](O[C@@H]2O[C@@H](C)C(=O)CC2)[C@H](O)C1,0
O=C([C@@H](N)C12CC3(O)CC(C1)CC(C3)C2)N1[C@H](C#N)C[C@H]2[C@@H]1C2,0
O=[N+]([O-])c1cc(C2C(C(=O)OC(C)C)=C(C)NC(C)=C2C(=O)OCCOC)ccc1,1
O(C)c1c(OC)cc2c(c3c([n+]c2)-c2c(cc4OCOc4c2)C3)c1,0
O=C(O[C@H]/1[C@H](OC)/C=C\C=C(\C)/C(=O)NC=2C(=O)C(=C(NCCN(C)C)C(=O)C=2)C[C@H](C)C[C@@H](OC)[C@H](O)[C@H](C)/C=C\1/C)N,0
O=C(O)[C@H](N[C@@H](C(=O)N[C@@H](C(=O)Nc1ccccc1)CCCNC(=[N+])N)CCc1ccccc1)C,0
O(Cc1ncccc1)c1c(OC)ccc(C)c1,0
ClC(F)C(F)(F)OC(F)F,1
O=Cc1c(O)c(C)ncc1CO,0
S(=O)(=O)(CCCS)c1ccc(OCC#CC)cc1,0
O=C(Oc1c(C(=O)O)cccc1)c1c(O)cccc1,0
[P@](=O)(OP(=O)(O)O)(OCC[C@@H](CO)C)O,0
F[C@@H](C[C@H](N)C(=O)O)CCNC(=N)C,0
O=C(O)[C@H]1[C@@](Cn2nncc2)(C)S(=O)(=O)[C@H]2N1C(=O)C2,0
O=C(O)CCc1oc(c(-c2ccccc2)n1)-c1ccccc1,1
S(=O)(=O)(N)c1c(Oc2ccccc2)c(N2CCCC2)cc(C(=O)O)c1,0
O([C@@H](CCNC)c1sccc1)c1c2c(ccc1)cccc2,1
O=C(OCC[N+](C)(C)C)C,1
OC(CCN1CCCC1)(c1ccccc1)C1CCCCC1,0
OC[C@H]1[C@H](O)[C@@H](O)C[C@@H](O)O1,0
O=CNc1c(O)ccc(C(O)CNC(Cc2ccc(OC)cc2)C)c1,1
Brc1cc2C(c3ncccc3)=NCC(=O)Nc2cc1,1
Ic1c(O)c(I)cc(C[C@H](NC(=O)C)C(=O)NCC(=O)O)c1,0
OC(CNC(C)C)c1cc(O)c(O)cc1,1
S(=O)(=O)(O)CCCN1CCOCC1,0
[Pt](Cl)(Cl)(N)N,1
Fc1cc2/C(=C/c3c(C)c(C(=O)NCCN(CC)CC)c(C)[nH]3)/C(=O)Nc2cc1,1
[SH](=O)(=O)C[C@H](N)C(=O)O,0
NCc1ccccc1,0
O=C1C2(C(=O)O[Pt]O1)CCC2.N.N,1
O=C(O)CCCCCCCC(=O)O,0
O=C(O)COc1c2c(ccc1)C[C@@H]1[C@@H](CC[C@@H](O)CCCCC)[C@H](O)C[C@@H]1C2,1
ICC(=O)Nc1cc(B(O)O)ccc1,0
O=C(OC1C[C@@H]2N(C)[C@H](C1)CC2)C(CO)c1ccccc1,1
O=C(O)[C@@](N)(Cc1cc(O)c(O)cc1)C,1
FC(F)(F)C(OCF)C(F)(F)F,0
O(C)c1c(CC#Cc2c(N)nc(N)nc2CC)cc(OC)cc1,0
O=C(O)[C@H](CN(O)C=O)CCCC,0
O=C(O[C@H]1[C@@](O)(C(=O)OC)[C@@H]2N(C)c3c(cc(c(OC)c3)[C@]3(C(=O)OC)c4[nH]c5c(c4CN4CC(CC)=C[C@@H](C3)C4)cccc5)[C@@]32[C@@H]2[C@@]1(CC)C=CCN2CC3)C,1
S([P@@](=O)(OP(=O)(O)O)O)C/C=C(\CCC=C(C)C)/C,0
O=C([C@H](N)Cc1ccccc1)N1[C@H](C(=O)NCc2ccccc2)CCC1,0
S(=O)(=O)(OC[C@@H]1[C@H](O)[C@H](O)[C@@H](NC(=O)C)[C@H](O)O1)O,0
OCC,1
OCC(N)(CO)CO,0
Clc1cc2nccc(NC(CCCN(CC)CC)C)c2cc1,1
Fc1c(N2C[C@H]3NCCC[C@H]3C2)c(OC)c2N(C3CC3)C=C(C(=O)O)C(=O)c2c1,1
FC(F)(F)c1cc(NC(=O)c2cc(Nc3cc(C(=O)N)cnc3)c(C)cc2)ccc1,0
Ic1[nH]c2NC(=N)N=C(O)c2n1,0
P(=O)(OC[C@H]1[C@H](O)[C@@H](O)[C@H](CP(=O)(O)O)O1)(O)O,0
Cc1c(C)cc2nc[nH]c2c1,0
S(C[C@@H](NC(=O)CC[C@H](N)C(=O)O)C(=O)NCC(=O)O)Cc1c2c(ccc1)cccc2,0
O=C(OC)[C@@H](NC(=O)[C@@H](NC(=O)CC[C@H](O)[C@@H](NC(=O)[C@H](NC(=O)[C@@H](N)C)C)Cc1ccccc1)C(C)C)C(C)C,0
O(CCc1ncc(CC)cc1)c1ccc(CC2C(=O)NC(=O)S2)cc1,1
Fc1ccc(C(=O)CCCN2CC3c4c5N(C3CC2)CCN(C)c5ccc4)cc1,0
O=C(OCCN1CCCCC1)c1c2OC(c3ccccc3)=C(C)C(=O)c2ccc1,0
O[C@@H]1[C@@H](O)[C@H](O)[C@@H]2N([C@H]1O)/C(=N/CCCCCCCC)/OC2,0
Oc1c(C(C)C)cccc1C(C)C,1
S(=O)(=O)(C)c1ccc(C2=C(c3ccccc3)C(=O)OC2)cc1,1
SCCCNC(=O)[C@H]1NCCN(Cc2ccc(F)cc2)C1,0
O=C(O)[C@@H](N(C(=O)CCCC)Cc1ccc(-c2c(-c3n[nH]nn3)cccc2)cc1)C(C)C,1
P(=O)(O)(O)C(=O)O,1
N[C@@H](CC(C)C)C,0
NC12CC3CC(C1)CC(C2)C3,1
Clc1c(OC)cc(OC)c2C(=O)[C@@]3([C@H](C)CC(=O)C=C3OC)Oc12,0
Clc1c(Cc2oc(C(=O)O)cc2)cccc1,0
Ic1c(N(C(=O)CO)CCO)c(I)c(C(=O)NCC(O)CO)c(I)c1C(=O)NCC(O)CO,1
N#Cc1ccc(C(n2ncnc2)c2ccc(C#N)cc2)cc1,1
Nc1nc2c(c3n(CC(C)C)cnc13)cccc2,1
O(C(CO)CO)Cn1c2N=C(N)NC(=O)c2nc1,0
O=C(Nc1c(C)ccc(C(=O)NC)c1)c1sc(N[C@@H](CC)C)nc1,0
O[C@]1(C#C)[C@]2(CC)[C@H]([C@H]3[C@H](C(=C)C2)[C@@H]2C(=CCCC2)CC3)CC1,0
O=C(N)c1c(N)n([C@H]2[C@H](O)[C@H](O)[C@@H](CO)O2)cn1,0
O=C([O-])CN(CC(=O)NCCOC)CCN(CC(=O)[O-])CCN(CC(=O)[O-])CC(=O)NCCOC.[Gd+3],0
O(CCO)Cn1c2NC(N)=NC(=O)c2nc1,0
O(C)c1cc2c([C@H](O)[C@@H]3N4C[C@H](C=C)[C@H](C3)CC4)ccnc2cc1,1
O=C(O)C(C)(C)c1ccc(C(O)CCCN2CCC(C(O)(c3ccccc3)c3ccccc3)CC2)cc1,1
O=C(CCc1ccccc1)c1c(OCC(O)CNCCC)cccc1,1
O=C(O)[C@H]1NCCC1,0
O=C([O-])CN1CCN([C@@H]([C@H](O)CO)CO)CCN(CC(=O)[O-])CCN(CC(=O)[O-])CC1.[Gd+3],0
O=C([C@@H](O)[C@H](O)C)[C@@H](OC)[C@H]1CC(=O)c2c(O)c3c(O)c([C@@H](CC)C)ccc3cc2C1,0
S([C@H]1C[C@@H](C(=O)N(C)C)NC1)C=1[C@H](C)[C@@H]2[C@@H]([C@H](O)C)C(=O)N2C=1C(=O)O,1
OC(C(C)N1CCC(Cc2ccccc2)CC1)c1ccc(O)cc1,0
O=C(O)[C@H](NC(=O)c1ccc(NC[C@H]2N(CO)C=3C(=O)N=C(N)NC=3N=C2)cc1)CCC(=O)O,0
O(CC(O)CNC(C)(C)C)c1c(N2CCOCC2)nsn1,1
Fc1ccc(C(=O)CCCN2CCC(C(=O)N)(N3CCCCC3)CC2)cc1,0
FC(F)(F)c1c(/N=N/C=2C(=N)N=NC=2N)cccc1,0
S(=O)(=O)(Nc1ccc(C(=O)O)cc1)C,0
Brc1c(O)c(Br)cc(C2=C(C)C(=O)c3c(O2)ccc(O)c3)c1,0
O=C(O[C@H]1[C@H](C)O[C@@H](O[C@H]2[C@H](N(C)C)[C@@H](O)[C@H](O[C@@H]3[C@@H](OC)[C@H](O)CC(=O)O[C@H](C)C/C=C/C=C/[C@H](O)[C@H](C)C[C@@H]3CC=O)O[C@@H]2C)C[C@]1(O)C)CC(C)C,0
Fc1ccc(C(CCCN2CCC(N3C(=O)Nc4c3cccc4)CC2)c2ccc(F)cc2)cc1,0
O=C(O)CCCCCCC/C=C/CCCCCCCC,0
F[C@@H]1C=2[C@@](C)([C@H]3[C@@H](O)C[C@]4(C)[C@@H](C(=O)CO)[C@H](C)C[C@H]4[C@@H]3C1)C=CC(=O)C=2,0
O(C)c1n(-c2nc(OC)cc(C)n2)nc(C)c1,0
OC(CCC[C@@H](C)[C@@H]1[C@]2(C)[C@H]([C@H]3[C@@H]([C@]4(C)C(=CC3)C[C@@H](O)CC4)CC2)CC1)(C)C,0
O=C(O)CN(CCO)CCO,0
[K]OS(=O)(=O)[C@@H](P(O[K])(O[K])=O)CCCc1ccc(-c2ccccc2)cc1,0
Clc1cc2nc(/C=C/c3cc([C@H](SCC4(CC(=O)O)CC4)CCc4c(C(O)(C)C)cccc4)ccc3)ccc2cc1,0
Ic1c(Oc2cc(I)c(O)c(I)c2)c(I)cc(C[C@H](N)C(=O)O)c1,1
O([C@H]1[C@H](O)[C@@H](O)[C@H](O[C@H]2[C@@H](O)[C@H](O)[C@@H](N[C@H]3[C@H](O)[C@@H](O)[C@H](O[C@H]4[C@H](O)[C@@H](O)[C@H](O)O[C@H]4CO)O[C@@H]3C)C=C2CO)O[C@@H]1CO)[C@@H]1[C@@H](O)[C@H](O)[C@@H](O)[C@H](CO)O1,0
O=C(NO)N,0
O=C/C=C/C,0
O=C(O[C@H]1[C@H](OC)[C@@H](C(=O)OC)[C@@H]2[C@H](C1)CN1[C@@H](c3[nH]c4c(c3CC1)ccc(OC)c4)C2)C=Cc1cc(OC)c(OC)c(OC)c1,0
O=C(CO)[C@]1(O)[C@]2(C)[C@H]([C@H]3[C@H]([C@@H](O)C2)[C@]2(C)C(=CC(=O)CC2)CC3)CC1,1
O=C(O[C@H]1C[C@@](O)(C)C(=C=C/C(=C/C=C/C=C/C=C(/C=C/2\OC(=O)C(/C=C/[C@@]34C(C)(C)C[C@@H](O)C[C@]3(C)O4)=C\2)\C)/C)C(C)(C)C1)C,0
S(=O)(=O)(Oc1cc2OC(=O)C3=C(c2cc1)CCCCC3)N,0
[Hg]c1ccc(C(=O)O)cc1,0
OCC[N+](C)(C)C.[Cl-],0
O(CC1OC(=O)NC1)c1cc(C)cc(C)c1,0
ClC(Cl)C1NS(=O)(=O)c2c(N1)cc(Cl)c(S(=O)(=O)N)c2,0
FC(F)(F)c1c([N+](=O)[O-])ccc(NC(=O)C(C)C)c1,0
[P@@](=O)(OC[C@@H](OC(=O)CCCCCCC[C@H]1[C@H](CCCCCC)C1)COC(=O)CCCCCCCCCCCCCCC)(OC[C@@H](O)CO)O,0
S(=O)(=O)(O)CCC[N+](CCCCCCCCCCCC)(C)C,0
O=[N+]([O-])c1ccc(NC(=O)CNC(=O)[C@@H](NC(=O)[C@@H](C(=O)NO)Cc2ccccc2)C)cc1,0
O=C(CNC)c1oc(C(C)(C)C)nn1,0
Clc1cc2N=C(N3CCN(C)CC3)c3c(Nc2cc1)cccc3,1
ClC1C(Cl)C(Cl)C(Cl)C(Cl)C1Cl,1
O(CCCCCCNCC(O)c1cc(CO)c(O)cc1)CCCCc1ccccc1,0
BrC(Cl)C(F)(F)F,1
Clc1cc2N(CCCN3CCN(C)CC3)c3c(Sc2cc1)cccc3,0
S(=O)(=O)(N(CCC)CCC)c1ccc(C(=O)O)cc1,0
Brc1cc2NC(=O)/C(=C\3/C(=N/O)/c4c(N/3)cccc4)/c2cc1,0
ClCCN(N=O)C(=O)NC1CCCCC1,1
FC1(F)[C@H](O)[C@@H](CO)O[C@H]1N1C(=O)N=C(N)C=C1,1
O=C(OCCN1CCOCC1)CC/C(=C/Cc1c(OC)c(C)c2c(c1O)C(=O)OC2)/C,1
P(=O)(OC[C@@H]1[C@@H](O)C[C@H](n2c3c(cc([N+](=O)[O-])cc3)cc2)O1)(O)O,0
O=C(Nc1cc(C(=O)NCCCC)ccc1)CCCCCNc1ncnc2[nH]cnc12,0
Clc1c(NS(=O)(=O)c2c(C(=O)Cc3c(C)cc4OCOc4c3)scc2)onc1C,1
S(=O)(=O)(Oc1cc(C(=O)N([C@@H](C(=O)O)CC(=O)O)C)c(NS(=O)(=O)c2cc3c(cc2)cccc3)cc1)c1cc2c(cc1)cccc2,0
O=C1N(C)CC(=O)N2[C@H](c3cc4OCOc4cc3)c3[nH]c4c(c3C[C@H]12)cccc4,0
O=C1Nc2c(c(CCN(CCC)CCC)ccc2)C1,1
Clc1c(F)ccc(Nc2ncnc3c2cc(OCCCN2CCOCC2)c(OC)c3)c1,0
Brc1c(Br)c(Br)c2nc(N(C)C)[nH]c2c1Br,0
Clc1cc2C(c3ccccc3)=NCC(=O)N(CC(F)(F)F)c2cc1,0
O(CCOc1c(OCCOC)cc2ncnc(Nc3cc(C#C)ccc3)c2c1)C,0
[As+](c1cc(O)c(O)cc1)(c1ccccc1)(c1ccccc1)c1ccccc1,0
S(CC[C@@H](NC(=O)CCC(=O)O)C(=O)O)C,0
P(=O)(Oc1ccc([C@@H]2[C@@H](C(=O)O)[C@@H]2C(=O)NC)cc1)(O)O,0
FC(F)(F)c1cc(NC(=O)c2cc(Nc3nc(-c4cnccc4)ccn3)c(C)cc2)cc(-n2cc(C)nc2)c1,1
S(=O)(=O)(O)CCNc1ccccc1,0
P(=O)(O[C@]1(C)[C@H](O)[C@@H](O)[C@H](O)[C@@H](CO)O1)(O)O,0
OC(CNC(C)(C)C)c1cc(CO)c(O)cc1,1
O=C(OCC(COC(=O)N)c1ccccc1)N,1
O=C1N(C)C(=O)c2[nH]cnc2N1C,0
O(C(C)(c1ncccc1)c1ccccc1)CCN(C)C,0
O=[N+]([O-])c1ccc(-c2oc(C=NN3C(=O)NC(=O)C3)cc2)cc1,1
O([C@H]1[C@H](O)[C@@H](O)[C@H](O[C@@H]2[C@H](O)[C@H](O)/C(=N/O)/N[C@@H]2CO)O[C@@H]1CO)[C@@H]1[C@@H](O)[C@H](O)[C@@H](O)[C@H](CO)O1,0
Clc1c(OC)c(C(=O)NC2C3CN(CC2)CCC3)ccc1N,0
S(=O)(=O)(O)c1c2c(c(N(C)C)ccc2)ccc1,0
P(=O)(O)(O)C(F)(F)c1cc2c(cc(C(=O)N[C@H](C(=O)N)CCC(=O)O)cc2)cc1,0
O=C(O)C(OC=1[C@H](O)[C@@H](C(=O)O)C=CC=1)=C,0
N(CCC=C1c2c(OCc3c1cccc3)cccc2)(C)C,1
Ic1c(NC(=O)C)c(I)c(C(=O)O)c(I)c1NC(=O)C,0
Clc1cc2C(c3ccccc3)=NCC(=O)N(C)c2cc1,1
O=C(OCC[N+](C)(C)C)N.[Cl-],1
FC=1C(N)=NC(=O)N([C@H]2O[C@@H](CO)SC2)C=1,0
Clc1ccc(C(=O)NCCc2ccc(OC(C(=O)O)(C)C)cc2)cc1,0
O=C1C(CC)(c2ccccc2)C(=O)NCN1,0
O=C(N1CCN(c2nc(N)c3c(n2)cc(OC)c(OC)c3)CC1)c1occc1,0
O=C(N(C[C@H](O)[C@@H](NC(=O)c1cc(OC)c(OCc2ccccc2)c(OC)c1)Cc1ccccc1)CC[C@@H]1C[C@@H]2OCO[C@@H]2CC1)CCN1C(=O)c2c(C1=O)cccc2,0
O=C(NCCN(CC)CC)c1ccc(N)cc1,1
O=C(Nc1ncccc1)C=1N(C)S(=O)(=O)c2c(C=1O)cccc2,1
Clc1c(C(OCc2ccc(Cl)cc2)Cn2cncc2)ccc(Cl)c1,0
O=C(OC[C@@H]1[C@@H](OC(=O)C)[C@@H](OC(=O)C)[C@H](N2C(=O)NC(=O)C=C2)O1)C,0
S(=O)(=O)(N)Cc1noc2c1cccc2,1
S=C[C@H]1[C@H](O)[C@@H](O)[C@H](O)[C@@H](OC)O1,0
O=C(O)c1c(-c2ccc(Cn3c(CCC)nc4c(C)cc(-c5n(C)c6c(n5)cccc6)cc34)cc2)cccc1,1
O=C(O[C@H]1[C@@H](NC(=O)c2ccc(O)cc2)CNCCC1)c1cc(O)c(C(=O)c2c(O)cccc2C(=O)O)c(O)c1,0
O=C(O)CCc1c(C)[cH0]=2n3[Co]45n6[cH0](c(CCC(=O)O)c(C)[cH0]6=Cc6c(CCC(=O)O)c(C)c(n46)C=[cH0]13)=Cc1c(C)c(CCC(=O)O)c(n51)C=2,0
P(=O)(O)(O)C(P(=O)(O)O)(O)CCCCCC,0
Clc1c(N2C(=O)NCc3c(-c4c(F)cc(F)cc4)cc(N4CCNCC4)cc23)c(Cl)ccc1,0
Clc1c(Cl)cccc1C1=Nc2n(C(NCc3ccncc3)=C1)ncc2,0
O=C(O)[C@@H](O)[C@@H](C(=O)O)C(C)C,0
S(=O)(=O)(N1C[C@@H](S)CC1)c1ccc(OCC#CC)cc1,0
P(=O)(O)(O)CCC(C=O)=C,0
Clc1ccc(C[C@@H](NC(=O)C)[B-](O)(O)O)cc1,0
O=C(O)[C@@H](N)[C@@H](CC)C,0
S(=O)(=O)(N)c1ccc(NC(=O)c2n[nH]c3c2cccc3)cc1,0
O[C@@H]([C@H](O)[C@H](O)CO)[C@H](O)CO,1
O=C(OC)CCc1ccc(OCC(O)CNC(C)C)cc1,1
O=C(N1c2c(cc(C=3[C@@H](C)SC(=O)NN=3)cc2)CCC1)c1cc(OC)c(OC)cc1,0
Clc1nc(N)c2ncn([C@@H]3O[C@H](CO)[C@@H](O)C3)c2n1,1
S(C(=N)N)CCc1cc(CCSC(=N)N)ccc1,0
O=C(O)[C@@H](NC(=O)C)CCC(=O)N,0
F[C@@H]1[C@@H](COC(c2ccccc2)(c2ccccc2)c2ccccc2)O[C@@H](N2C(=O)NC(=O)C=C2)C1,0
O=C(OCCN(C)C)C(c1ccccc1)C1(O)CCCC1,0
Oc1cc2c(N(Cc3nc4c(N)nc(N)nc4nc3)[C@@H]3C(C=C2)=CCC=C3)cc1,0
ClC(Cl)C(=O)N[C@@H]([C@H](O)c1ccc([N+](=O)[O-])cc1)COC(=O)CCC(=O)O,0
O=C(c1n2c(C(C(=O)O)CC2)cc1)c1ccccc1,1
O=C(NC(C)C)c1ccc(CNNC)cc1,1
O=C(O)[C@@H](NC(=O)C)CCCNC(=N)N,0
O=C(CCC)N1[C@H](C(=O)NCc2ccc(C(=N)N)cc2)CCC1,0
O=C(O)C(C)c1ccc(CC2C(=O)CCC2)cc1,0
O=C1c2c(O)cccc2C(=O)C=2[C@H]3OC(=O)C[C@@H]3O[C@@H](C)C1=2,0
O=C(NC)[C@@H](NC(=O)[C@@H](CC(=O)NO)CC(C)C)Cc1ccccc1,0
Clc1c(Nc2c(CC(=O)O)cccc2)c(Cl)ccc1,1
O=C(O)CC1(CC)OCCc2c3c(c(CC)ccc3)[nH]c12,1
FC(F)(F)c1cc(C(=O)Nc2cc(Nc3c(-c4ncncc4)cccn3)c(C)cc2)ccc1,0
O=C1N([C@H]2[C@@H](O)[C@H](O)[C@@H](CO)O2)C=CC(N)=N1,1
S(=O)(=O)(c1ccc(N)cc1)c1ccc(N)cc1,0
O=C(CO)N1CCN(c2ccc(Nc3nc(-c4n(C(C)C)c(C)nc4)ccn3)cc2)CC1,0
Clc1c(NC2=NCCN2)c2nsnc2cc1,1
O=C(Nc1cc(O[C@H]2[C@H](O)[C@@H](O)[C@H](O)[C@@H](CO)O2)cc(C(=O)NCCCN2CCN(CCCN)CC2)c1)Cc1sccc1,0
O=C1NC(=O)CN([C@H](CN2CC(=O)NC(=O)C2)C)C1,1
F[B-]1(F)[N+]2=C(CCCCC(=O)O)C=CC2=Cc2n1c(CCCCCCCC)cc2,0
F[C@]12[C@@H](O)C[C@]3(C)[C@@](O)(C(=O)CO)[C@@H](C)C[C@H]3[C@@H]1CCC=1[C@]2(C)C=CC(=O)C=1,1
O=C(Nc1cc(C(=O)C)c(OCC(O)CNC(C)C)cc1)CCC,1
Clc1c(Cl)ccc([C@]2(CCCN3CCC(N(C(=O)C)C)(c4ccccc4)CC3)CN(C(=O)c3ccccc3)CCC2)c1,0
OC(CCN1CCCCC1)(c1ccccc1)C1C2C=CC(C1)C2,0
Clc1c(Cl)cccc1-c1c(N)nc(N)nn1,1
P(=O)(O[P@](=O)(O)N[P@](=O)(OC[C@H]1[C@H](O)C[C@H](N2C(=O)NC(=O)C=C2)O1)O)(O)O,0
Clc1c(C(=O)NC(=O)Nc2c(N3CCC(C(=O)O)CC3)ccc(F)c2)cc(F)c(F)c1,0
O[C@H](CO)C,0
Nc1c2c(nc3c1CCCC3)cccc2,1
O=C(NCCN1C(=O)C(C)(C)Oc2c1cc(-c1c(N)nc(N)nc1CC)cc2)C,0
O=C(NC1C=2C(c3c(OC)c(OC)c(OC)cc3CC1)=CC=C(OC)C(=O)C=2)C,0
O(CC(O)CNC(C)C)c1c2c(ccc1)CC=C2,0
FC(F)(F)c1ccc(NC(=O)c2c(C)onc2)cc1,0
O=C(Nc1c(O)c2C(=O)C3=C(O)[C@]4(O)C(=O)C(C(=O)N)=C(O)[C@@H](N(C)C)[C@@H]4C[C@@H]3Cc2c(N(C)C)c1)CNC(C)(C)C,1
FC=1C(=O)NC(=O)NC=1,1
FC1(F)CCC(C(=O)N[C@@H](CCN2[C@H]3CC(n4c(C(C)C)nnc4C)C[C@@H]2CC3)c2ccccc2)CC1,1
O=C(Nc1sc(C)cn1)C=1N(C)S(=O)(=O)c2c(C=1O)cccc2,1
O=C(O)c1cc2c(cc(C(=O)c3cc4C(C)(C)CCC(C)(C)c4cc3)cc2)cc1,0
O(C[C@@H](N)CC1=C2[C@H](N=C1)C=CC=C2)c1cc(-c2cc3c([nH]nc3)cc2)cnc1,0
FC(F)(F)Oc1cc2sc(N)nc2cc1,1
Fc1c([C@]2(Cn3ncnc3)OCC(COc3ccc(N4CCN(c5ccc(N6C(=O)N([C@H]([C@@H](O)C)CC)N=C6)cc5)CC4)cc3)C2)ccc(F)c1,1
S(CCN/C(=N/C)/NC#N)Cc1c(C)[nH]cn1,0
O=C1C(O)=C(c2cc(O)c(O)c(O)c2)Oc2c1c(O)cc(O)c2,0
Brc1ccc(NC(=S)OCCN2C(=O)c3c(C2=O)cccc3)cc1,0
S(=O)(=O)(NC(=O)NC1CCCCC1)c1ccc(CCNC(=O)c2ncc(C)nc2)cc1,0
O=C(O)[C@@H](Oc1nc(C)cc(C)n1)C(OC)(c1ccccc1)c1ccccc1,1
N(CCCN1c2c(cccc2)CCc2c1cccc2)C,1
O(C[C@H]1N=C(N)c2sccc2OC1)c1cc2c(cc1)CCNC2,0
FC(F)(CNc1c(F)c(CC(=O)NCCONC(=N)N)c(C#N)cc1)c1ncccc1,0
[As](=O)(O)(C)C,0
O(C)c1ccc(C(CN(C)C)C2(O)CCCCC2)cc1,1
O=C(O)[C@@H](N)CCCC=O,0
P(=O)(OCc1c(C=O)c(O)c(C)nc1)(O)O,0
O=C(Oc1ccc(C(c2ncccc2)c2ccc(OC(=O)C)cc2)cc1)C,0
O(C)c1c(OC)cc(Cc2c(N)nc(N)nc2)cc1OC,0
BrC(=C)CCO,0
S(=O)(=O)(Nc1c(Oc2ccccc2)cc([N+](=O)[O-])cc1)C,0
O=C(CCCCN1C(=O)N(C)c2ncn(C)c2C1=O)C,0
ClCCNP1(=O)N(CCCl)CCCO1,1
[P@@](=O)(O[C@H](C(=O)O)Cc1ccccc1)(O)[C@@H](NC(=O)[C@@H](NC(=O)OCc1ccccc1)C)C,0
O=C1NC2=C(C34NCCCC3C(C=C(C)C4)C2)C=C1,0
S(=O)(=O)(N)c1sc2S(=O)(=O)[C@@H](C)C[C@H](NCC)c2c1,1
Fc1c(N2CCNCC2)cc2N(CC)C=C(C(=O)O)C(=O)c2c1,0
O=C(OCC(=O)[C@]1(O)[C@]2(C)[C@H]([C@H]3C([C@]4(C)C(=CC(=O)CC4)CC3)=CC2)CC1)C,0
O(C)c1c(OC2CCCC2)cc([C@H]2CC(=O)NC2)cc1,0
S(=O)(=O)(O)CCO.S(=O)(=O)(O)CCO.O=C1/C(=C\C=C2C=CC(=C(N)N)C=C2)/C=CC(C(=N)N)=C1,0
O=C1C(CC)(c2ccccc2)C(=O)NC(=O)N1,1
[SH0](=O)(Cc1c(OC)c(OC)ccn1)c1[nH]c2c(n1)ccc(OC(F)F)c2,1
Clc1cc2C(c3c(F)cccc3)=NCC(=S)N(CC(F)(F)F)c2cc1,0
O=C(OC)Cc1c([C@H](O)C[C@@H](O)CC)c(O)c2C(=O)c3c(O)cccc3C(=O)c2c1,0
Brc1c(O)cc(O)c(-c2noc3c2ccc(O)c3)c1,0
[Cu+](O)(O)(n1cncc1)(n1cncc1)(n1cncc1)n1cncc1,0
S(C(=O)CCCCCCCCCCCCC)CCNC(=O)CCNC(=O)[C@@H](O)C(CO[P@](=O)(O[P@@](=O)(OC[C@H]1[C@H](OP(=O)(O)O)[C@@H](O)[C@H](n2c3ncnc(N)c3nc2)O1)O)O)(C)C,0
ClC[C@@H]([N+])C(=O)[O-],0
Brc1c(O)c(Br)cc(-c2ccccc2)c1,0
O=C(OC)CCN1CCC(N(C(=O)CC)c2ccccc2)(C(=O)OC)CC1,0
N(N)c1nncc2c1cccc2,1
O=[P@]1(O)O[C@@H]2[C@H](O)[C@@H](n3c4N=C(N)NC(=O)c4nc3)O[C@@H]2CO1,1
N(CCc1c2c([nH]c1)ccc(Cn1ncnc1)c2)(C)C,0
Brc1c(NC2=NCCN2)ccc2nccnc12,0
OC[C@H]1[C@H](O)[C@@H](O)[C@@H](O)O1,0
O=C(O)C[C@@H](CN)CC(C)C,1
Clc1ccc(C(=O)n2c(C)c(CC(=O)O)c3c2ccc(OC)c3)cc1,1
O=C(O[C@@H]1C2CC[N+](CCCOc3ccccc3)(C1)CC2)C(O)(c1sccc1)c1sccc1,0
Clc1cc(c(-c2cnc(C)cc2)nc1)-c1ccc(S(=O)(=O)C)cc1,1
N1(C2(c3sccc3)CCCCC2)CCCCC1,0
Brc1c(Oc2ccc(/C=C(\NC(=O)c3ccccc3)/C(=O)O)cc2)cccc1,0
O=C(OCC)[C@@H](N[C@H](C(=O)N1[C@H](C(=O)O)CC2(SCCS2)C1)C)CCc1ccccc1,0
[Li+],1
Clc1c(C2=NCC(=O)Nc3c2cc([N+](=O)[O-])cc3)cccc1,1
Oc1ccc(C(=C(CC)c2ccc(O)cc2)CC)cc1,1
[O-][N+]#N,0
O=C(O)C(C)c1cc(C(=O)c2ccccc2)ccc1,1
O=C(NN1CCN(C)CC1)Nc1c2C(=O)c3c(-c4c(C)nc(C)s4)[nH]nc3-c2ccc1,0
O(CCCn1cncc1)c1c(Nc2nc(C#N)nc3n(C4CCCC4)cnc23)cccc1,0
Clc1c(C2(Cn3cncc3)OC(COc3ccc(N4CCN(C(=O)C)CC4)cc3)CO2)ccc(Cl)c1,0
O=C(Oc1cc([C@@H](N(C)C)C)ccc1)N(CC)C,1
Clc1cc2C(c3ccccc3)=NCc3n(c(CN(C)C)nn3)-c2cc1,0
O=C(C)[C@@]1(O)C[C@H](O[C@@H]2O[C@@H](C)[C@@H](O)[C@@H](N)C2)c2c(O)c3C(=O)c4c(OC)cccc4C(=O)c3c(O)c2C1,1
[As](SC[C@@H](N)C(=O)O)(=O)(C)C,0
O=[N+](O[C@H]1[C@H]2OC[C@H](O)[C@H]2OC1)[O-],1
P(=O)(O[C@@H]1[C@H](O)[C@@H](O)[C@@H](O)[C@@H](CO)O1)(O)O,0
Clc1ccc(C(OCCN(C)C)c2ncccc2)cc1,0
[Se](CC[C@H](N)C(=O)O)C[C@H]1[C@H](O)[C@@H](O)[C@H](n2c3ncnc(N)c3nc2)O1,0
ClCCN(CCCl)P1(=O)OCCCN1,1
O(CC(C)C)CC(CN(Cc1ccccc1)c1ccccc1)N1CCCC1,0
O=C(Nc1c(CCC2N(C)CCCC2)cccc1)c1ccc(OC)cc1,1
OC[C@]12CO[C@H](c3ccc(O)cc3)[C@H](C(C)=CC1)C2,0
O=[N+]([O-])c1cc2C(c3ccccc3)=NCC(=O)Nc2cc1,0
O=C1N(C)C(=O)c2n(CC(O)CO)cnc2N1C,0
FC=1C(NC(=O)OCCCCC)=NC(=O)N([C@H]2[C@H](O)[C@H](O)[C@@H](C)O2)C=1,1
O=C(O)CCCCCC[N+]C1c2c(cccc2)CCc2c1cccc2.[Cl-],0
S(CCNC(=O)CCNC(=O)[C@H](O)C(CO[P@](=O)(O[P@@](=O)(OC[C@H]1[C@H](OP(=O)(O)O)[C@@H](O)[C@H](n2c3ncnc(N)c3nc2)O1)O)O)(C)C)Cc1ccc(O)cc1,0
O=C(N(CC)c1c(C)cccc1)C=CC,0
ClCC(=O)[C@@H](NC(=O)[C@H]1N(C(=O)[C@H](N)Cc2ccccc2)CCC1)CCCNC(=[N+])N,0
O=C(N(c1ccccc1)C1(COC)CCN(CCc2sccc2)CC1)CC,0
Fc1c(N2CC(C)NCC2)c(F)cc2C(=O)C(C(=O)O)=CN(CC)c12,1
Clc1cc(C(=O)C(NC(C)(C)C)C)ccc1,0
[P@@H](=O)(O[C@@H](C(C)(C)C)C)C,0
S(=O)(=O)(N)c1sc2S(=O)(=O)N(CCCOC)C[C@H](NCC)c2c1,0
OC[C@H](Nc1nc(NCc2c(O)cccc2)c2ncn(C(C)C)c2n1)CC,0
OC[C@@H]1[C@@H](O)[C@H](O)[C@H](n2c3ncnc(N)c3nc2)O1,0
O=C(N[C@H](C[C@H](O)[C@@H](NC(=O)COc1c(C)cccc1C)Cc1ccccc1)Cc1ccccc1)[C@H](C(C)C)N1C(=O)NCCC1,0
N(=N/c1ccccc1)\c1c(N)nc(N)cc1,0
O=C(O)c1ccc(N(C)C)cc1,0
[P@@](=O)(O[P@](=O)(OC[C@H]1O[C@@H](n2c3ncnc(N)c3nc2)CC1)O)(OP(=O)(O)O)O,0
Oc1ccc(C(C(=CC)c2ccc(O)cc2)=CC)cc1,0
Fc1ccc(CCC(C=N)=C)cc1,0
O(Cc1nc2c(cc1)cccc2)c1ccc(-c2c(-c3ccncc3)cn(C)n2)cc1,0
O=C(O)CON,0
O(CC(O)CNC(C)(C)C)c1c2c(NC(=O)CC2)ccc1,1
N=C(N)N,0
[Cl-].[Na+],0
S(=O)(=O)(NC[C@@H](O)CNC(=O)[C@H](CC(C)C)c1cc(-c2ccccc2)ccc1)c1ncccc1,0
Fc1c(NC=2S[C@H](C(C)C)C(=O)N=2)cccc1,0
O=C1C(N)=C(N)NC(=O)N1,0
O=C(C)[C@@]1(O)C[C@H](O[C@@H]2O[C@@H](C)[C@@H](O)[C@@H](N)C2)c2c(O)c3C(=O)c4c(C(=O)c3c(O)c2C1)cccc4,1
N([C@H](Cc1ccccc1)C)C,1
P(=O)(O)(O)CC(=O)C(=O)O,0
O=C(Nc1c(C)cccc1C)C(N)C,1
ClCC(=O)[C@@]1(OC(=O)CC)[C@@H](C)CC2C1(C)CC(O)[C@]1(F)C3(C)C([C@@H](F)CC21)=CC(=O)C=C3,0
O=C(O[C@@]1(C(=O)C)[C@]2(C)[C@H]([C@H]3[C@@H]([C@]4(C)C([C@@H](C)C3)=CC(=O)CC4)CC2)CC1)C,1
O=C(O)CC,0
[P@](=O)(OCCC)(OC[C@H]1[C@H](O)[C@@H](O)[C@H](n2c3ncnc(N)c3nc2)O1)O,0
O(C)c1c(O)c(O)cc(/C=C/C(O)O)c1,0
Clc1c(N)cc(OC)c(C(=O)NCCN(CC)CC)c1,1
S([C@H]1[C@H](O)[C@@H](O)[C@H](CO)O[C@@H]1OC)[C@H]1[C@H](O)[C@@H](O)[C@H](O)[C@@H](CO)O1,0
O=C(CC)c1cc2N(CC(N(C)C)C)c3c(Sc2cc1)cccc3,0
S(=O)(=O)(NC(=O)CC)c1ccc(-c2c(C)onc2-c2ccccc2)cc1,1
Fc1cc2c(OC(C(O)CNCC(O)C3Oc4c(cc(F)cc4)CC3)CC2)cc1,0
[N+](C)(C)=C1C=CC(=C(c2ccc(N(C)C)cc2)c2ccccc2)C=C1,0
N#Cc1cc2[nH]nc(-c3[nH]c4c(c3)cc(CN3CCC(CN)CC3)cc4)c2cc1,0
S(=O)(=O)(CCc1cc2c(C[C@@H]3N(C)CCC3)c[nH]c2cc1)c1ccccc1,0
O=C(O)[C@@H](NC(=O)/C(=N\OC)/c1nc(N)sc1)[C@H]1SCC(=C)C(C(=O)O)=N1,0
O=C(Nc1c(C(C)(C)C)cc(C(C)(C)C)c(O)c1)C=1C(=O)c2c(NC=1)cccc2,0
Ic1c(N=C(O)COC)c(I)c(C(O)=NCC(O)CO)c(I)c1C(=O)N(CC(O)CO)C,1
O=C(N(C(C)C)CC)c1cc(OC[C@@H](Nc2ccncc2)C)cc(C)c1,0
S(=O)(=O)(Nc1cc(OC)c(Nc2c3c(nc4c2cccc4)cccc3)cc1)C,1
N(CCn1nnc(CCCCCC[n+]2c(-c3ccccc3)c3c(c4c2cc(N)cc4)ccc(N)c3)c1)c1c2c(nc3c1CCCC3)cccc2,0
S(CCC)c1nc(N[C@H]2[C@H](c3cc(F)c(F)cc3)C2)c2nnn([C@H]3[C@H](O)[C@H](O)[C@@H](OCCO)C3)c2n1,1
P(=O)(O)(O)[O-].[K+],0
O=C(O)[C@@H](NC(=O)c1sc(N(Cc2cc3C(=O)N=C(C)Nc3cc2)C)cc1)CCC(=O)O,1
Fc1c(C(O)(Cn2ncnc2)Cn2ncnc2)ccc(F)c1,0
O=C(OCC)Nc1cc2N(C(=O)CCN3CCOCC3)c3c(Sc2cc1)cccc3,1
O=C(N(CC)CC)[C@]1([C@@H](CN)C1)c1ccccc1,0
[K+].[Cl-],0
Ic1c(O)c(C(=O)Nc2cc(Cl)c(C(=N)N)cc2)cc(C)c1,0
O=C(NO)[C@@H](O)[C@H](C=O)CC(C)C,0
P(=O)(OC[C@H]1[C@H](O)C[C@H](N2C(O)=NC(O)C(CO)=C2)O1)(O)O,0
O=C(OCC(O)COc1c(OC)cccc1)N,0
S(=O)(=O)(N=C(N)CCSCc1nc(N=C(N)N)sc1)N,0
O=C(O)/C(=C/c1n(Cc2ccc(C(=O)O)cc2)c(CCCC)nc1)/Cc1sccc1,1
O=C(O)[C@H]1C(C)(C)S[C@@H]2[C@H](NC(=O)C3(N)CCCCC3)C(=O)N12,0
O=C([O-])[C@@H](O)/C(/C(=O)[O-])=C/C(=O)[O-],0
O(C)c1ccc(-c2c(-c3ccc(OC)cc3)nc(-c3sccc3)[nH]2)cc1,0
O=C(N(C)c1cc(-c2n3N=C(c4ccccc4)C=Cc3nn2)ccc1)C,0
S(=O)(=O)(NC(=O)NN1C[C@H]2[C@@H](C1)CCC2)c1ccc(C)cc1,1
O[C@@H](CN)c1cc(O)c(O)cc1,1
NC=1OC(c2ccccc2)C(C)N=1,0
O=C1C(Cn2c(C)ncc2)CCc2n(C)c3c(c12)cccc3,0
O=C(O[C@@H]1[C@H](c2ccc(OC)cc2)Sc2c(N(CCN(C)C)C1=O)cccc2)C,1
S(=O)(=O)(N)c1ccc(C(=O)NCc2ccc(F)cc2)cc1,0
[Fe],0
O=C1OC[C@@H]2N1C=1C(=O)NC(N)=NC=1NC2,0
O=C(N)Cc1ccc(OCC(O)CNC(C)C)cc1,1
OC[C@H]1[C@H](O)[C@@H](O)[C@H](n2c3ncnc(N)c3nc2)O1,0
Clc1ncc([C@@H]2[C@@H]3N[C@H](C2)CC3)cc1,0
Clc1ccc(C2(C(N(C)C)CC(C)C)CCC2)cc1,1
Clc1c(NC2=NCCN2)c(Cl)ccc1,1
P(=O)(OCc1c(CN[C@@H](C(=O)O)/C=C/OCCN)c(O)c(C)nc1)(O)O,0
O=C(N[C@@H](C(=O)NCCC(C)C)CCc1ccccc1)[C@@H](O)CC(=O)O,0
Clc1cc2c([nH]c(C(=O)N[C@H](C(=O)N3CC(C(=O)O)C3)Cc3ccccc3)c2)cc1,0
O=C(O)[C@H](NC(=O)c1ccc(CCc2c3C(=O)N=C(N)Nc3[nH]c2)cc1)CCC(=O)O,0
O(C)c1c2O[C@H]3C(=O)CC[C@@]4(O)[C@@H]5N(C)CC[C@]34c2c(cc1)C5,1
O=[S@H0]1C[C@@H](CCCC)CC1,0
FC(F)(F)c1cc(CC(NCC)C)ccc1,1
O=C(OC)C(c1ccccc1)C1NCCCC1,0
S(=O)(=O)(CC(O)(C(=O)Nc1cc(C(F)(F)F)c(C#N)cc1)C)c1ccc(F)cc1,1
Clc1nc(S[C@@H](C)c2ncc3occc3c2)nc(N)c1,0
O=C1C=C2[C@@](C)([C@@H]3[C@H]([C@H]4[C@@](C)(C(=O)CC4)CC3)CC2=C)C=C1,1
O=C(Nc1ccc(Oc2ccccc2)cc1)Nc1ccc(C(=N)N)cc1,0
O=C(NCc1ccc(OCCN(C)C)cc1)c1cc(OC)c(OC)c(OC)c1,0
S(=O)(=O)(Nc1ccc(C(O)CNC(C)C)cc1)C,1
[S@H0](=O)(C/C=C/S)CC=C,0
O[C@@H]([C@@H](NCCc1ccc(O)cc1)C)c1ccc(O)cc1,1
Brc1ccc(-c2c3c(oc2)cc(OC/C=C/CN(CC=C)C)cc3)cc1,0
FC=1[C@@H](O)NC(=O)NC=1,0
O(C)C12C(C(O)(C)C)CC3(C45c6c(c(O)ccc6CC3N(CC3CC3)CC4)OC15)C=C2,0
S(=O)(=O)(N1[C@@H](C(=O)NO)CN(C(=O)OCc2ccccc2)CC1)c1ccc(OC)cc1,0
ClC1=C(C(=O)O)N2C(=O)[C@@H](NC(=O)[C@H](N)c3ccccc3)[C@H]2SC1,1
O=C(Nc1c(C)cccc1)C(NCCC)C,1
S(=O)(=O)(c1ccc(NCC(=O)O)cc1)c1ccc(N)cc1,0
S(=O)(=O)([O-])CN(C)C=1C(=O)N(N(C)C=1C)c1ccccc1.[Na+],0
S(C[C@H]1CN(CCC)[C@H]2[C@@H](c3c4c([nH]cc4C2)ccc3)C1)C,1
O=C(N[C@H]1[C@H](O[C@H]2[C@H](O)[C@@H](O)[C@H](OC3[C@H](O)[C@@H](CO)O[C@@H](O)[C@@H]3NC(=O)C)O[C@@H]2C(=O)O)O[C@H](CO)[C@@H](O)C1O[C@H]1[C@H](O)[C@@H](O)[C@H](O)[C@@H](C(=O)O)O1)C,0
[Mg-][O+],0
FC(F)(F)c1c([N+](=O)[O-])ccc(N2C(=O)C(C)(C)NC2=O)c1,1
O=C(O[C@@H]1[C@@H]2[C@@H](CC[C@H]3OC(=O)C[C@H](O)C3)[C@@H](C)C=CC2=C[C@H](C)C1)C(CC)(C)C,0
Fc1ccc(C(=O)CCCN2CCC(C)CC2)cc1,0
Fc1c(C2=NCC(=O)N(C)c3c2cc([N+](=O)[O-])cc3)cccc1,0
Clc1cc2c(C(=C3CCN(C(=O)OCC)CC3)c3ncccc3CC2)cc1,0
[Ca],1
O(C[C@@H](O)CNC(C)(C)C)c1c2c(C(=O)CCC2)ccc1,1
O=C([O-])[O-].[Ca+2],0
ClC(Cl)C(F)(F)OC,1
Brc1cc2c(nc(OC)c([C@H]([C@@](O)(CCN(C)C)c3c4c(ccc3)cccc4)c3ccccc3)c2)cc1,0
O=C(OCC)C1(c2ccccc2)CCN(CCC(C#N)(c2ccccc2)c2ccccc2)CC1,0
S=C1N(C)C=CN1,0
S=C1N(C(=O)OCC)C=CN1C,0
O=C(O)CN(C)C,0
O(C1C(O)C(OC2C(O)C(NC)C(O)(C)CO2)C(N)CC1N)C1C(N)CCC(C(NC)C)O1,1
O=C(O[C@H]1[C@H](C)[C@H](O)[C@H](C)[C@@H](O)[C@@H](C)/C=C/C=C(/C)\C(=O)Nc2c(O)c3c(O)c(C)c4O[C@@](C)(C(=O)c4c3c3nc4n(c23)C=CC(C)=C4)O/C=C/[C@H](OC)[C@H]1C)C,0
S(=O)(=O)(Nc1ccc(C(O)CCCN(CCCCCCC)CC)cc1)C,1
O(CCOCCOCCO)CCOCCOC,0
O=C1N(CCC)C(=O)c2[nH]c(C34C5CC(C3)CC(C4)C5)nc2N1CCC,0
F/C(/C(=O)[O-])=C\c1ccc(O)cc1,0
P(=O)(OC[C@H]1[C@H](O)C[C@H](N2C(=O)N=C(N)C=C2)O1)(O)O,0
O=C(O)CCC/C=C\C[C@@H]1[C@@H](/C=C/[C@@H](O)CCCCC)[C@H](O)C[C@@H]1O.OCC(N)(CO)CO,1
O=C(N[C@@H]1[C@H](O)[C@H](O[C@H]2[C@H](NC(=O)C)[C@H](O)[C@H](O)[C@@H](CO)O2)[C@@H](CO)O[C@H]1O[C@H]1[C@H](O)[C@H]2N=C(N(C)C)O[C@H]2[C@@H]1CO)C,0
O=C(O)CCc1c(C)c2n3[Fe]45N6C(=C(C)[C@@H](C=C)C6=C2)C=C2/C(=C/O)/C(C)=C(N42)C=C2C(C)=C(CCC(=O)O)C(N52)=Cc13,0
OC[C@H](Nc1nc(NCc2ccc(-c3ncccc3)cc2)c2ncn(C(C)C)c2n1)CC,0
O=C(OCC#CCN(CC)CC)C(O)(c1ccccc1)C1CCCCC1,0
S(=O)(=O)(N(CCO)c1c(C2CC2)cc2c(C(=O)NC)c(-c3ccc(F)cc3)oc2c1)C,0
Oc1c(C)c(CC2=NCCN2)c(C)cc1C(C)(C)C,0
O=O,0
O=C(N1[C@@H](c2c(C)cccc2)CCC1)c1c(O)cc(O)cc1,0
O=C(O)C(=O)C(C)C,0
O=C1N([C@H]2[C@H](O)[C@H](O)[C@@H](CO)O2)C=2NC(N)=NC(=O)C=2S1,0
S(=O)(=O)(N)c1ccc(-n2c(-c3ccc(C)cc3)cc(C(F)(F)F)n2)cc1,1
O=C(Nc1c(C)cccc1C)CN1CCN(CC(O)COc2c(OC)cccc2)CC1,0
O(Cc1nc2c(cc1)cccc2)c1ccc(-c2c(-c3ccncc3)c[nH]n2)cc1,0
O=C(N[C@H](C=O)CC(=O)O)[C@@H](CCCCNC(=O)c1nc2c(O)cccc2cc1)c1sccc1,0
Clc1cc2N(CCCN(C)C)c3c(Sc2cc1)cccc3,0
N(N)C(CCCCCC)C,0
OC(CNC(C)(C)C)c1nc(CO)c(O)cc1,0
O=C1N(C2C(O)C(O)C(CO)O2)C=CC(N)=N1,0
O(C)c1c(OC)ccc(C(C#N)(C(C)C)CCCN(CCc2cc(OC)c(OC)cc2)C)c1,1
N(=C/C=C(c1ccccc1)c1ccccc1)\c1c(CN)nnc2c1cccc2,0
O=C(OC)[C@H]1[C@@H](OC(=O)c2ccccc2)C[C@H]2N(C)[C@@H]1CC2,1
O=C(NCCCCCC(=O)O)NC1CCCCC1,0
O=C(O)[C@@H](CCCNC(=N)N)N1C(=O)CC1,0
O=C(O)[C@@H]1[C@@H](O)C[C@]2(O)O[C@H]1C[C@@H](O[C@H]1[C@@H](O)[C@@H](N)[C@H](O)[C@@H](C)O1)/C=C/C=C/C=C/C=C/C=C/C=C/C=C/[C@H](C)[C@@H](O)[C@@H](C)[C@H](C)OC(=O)C[C@H](O)C[C@H](O)CC[C@@H](O)[C@H](O)C[C@H](O)C2,1
O=C([C@@H]([C@@H](OC)[C@@H](/C=C/N(CO)C)C)C)CC[C@H]([C@H](OC)C[C@@H]1[C@H](C)[C@@H](OC)C/C=C/c2occ(n2)-c2occ(n2)-c2occ([C@@H](OC)[C@H](C)[C@@H](O)C[C@H](C)C[C@@H](O[C@H](O)N)CC(=O)O1)n2)C,0
N=C(N)c1cc2[nH]c(-c3c(C)cccc3)cc2cc1,0
O=C(N[C@@H]1[C@@H]([C@@H](O)[C@H](O)CO)O[C@](C(=O)O)(CC=C)C[C@H]1O)C,0
ClC(OC(F)F)C(F)(F)F,1
Oc1ncnc2c1N=NC2,0
N(C(=N)NC(=N)N)(C)C,0
O=C(O)[C@H]1N(C(=O)[C@H]2NC(=O)CC2)CSC1,0
O=C(O)CC/C(=C/Cc1c(OC)c(C)c2c(c1O)C(=O)OC2)/C,1
Clc1cc([C@H](OC(=O)C)C(=O)Nc2c3C(=O)C(=O)NC(=O)c3ccc2)ccc1,0
F[C@@H]1CN(C(=O)[C@@H](N)[C@@H](C(=O)N(C)C)c2ccc(C3=Cn4ncnc4C=C3)cc2)CC1,0
ClC=1N=C(OCc2ccc(F)cc2)C(=O)N2[C@H](C(=O)N3CCCC3)C=CC=12,0
Clc1cc2N(CCCN(C)C)c3c(cccc3)CCc2cc1,1
O=C(Cc1sccc1)N1CCC(c2onc(-c3sccc3)n2)CC1,0
C(Cc1ccncc1)c1c2c([nH]c1)cccc2,0
P(=O)(OC[C@H](OC(=O)CCCCCCCCCCCCCCC)COC(=O)CCCCCCCCCCCCCCC)(OCC[N+](C)(C)C)[O-],0
ClCCN(CCCl)C=1C(=O)NC(=O)NC=1,0
S(=O)(=O)(N(C[C@@H](OP(=O)(O)O)[C@@H](NC(=O)O[C@@H]1COCC1)Cc1ccccc1)CC(C)C)c1ccc(N)cc1,0
S(=O)(=O)(Nc1cc([C@@H](CC)C2=C(O)O[C@](CCC)(CCc3ccccc3)CC2=O)ccc1)c1ncc(C(F)(F)F)cc1,0
O(CCCCCCCC)[C@H]1[C@H](O[C@H]2[C@@H](O)[C@H](O)[C@H](O)[C@H](C)O2)C[C@@H](O)[C@@H](CO)O1,0
O=C(N[C@H]1[C@H](O)[C@@H](O)[C@H](CO)O[C@H]1O[C@H]1[C@H](O)[C@@H](NC(=O)C)[C@H](Oc2cc3OC(=O)C=C(C)c3cc2)O[C@H]1CO)C,0
O=C(OCC)C=1C(=O)Oc2c(ccc(O)c2)C=1,0
O=C(N)c1ncn2C(=O)N(C)N=Nc12,0
[Cr+3].[Cl-].[Cl-].[Cl-],0
ClC1=Nc2n(C(Nc3ccc(S(=O)(=O)C)cc3)=C1)ncc2,0
Cc1ncccc1.[Pt+2].[Cl-].[Cl-].N,0
N[C@@H](CC(C)C)CN1[C@H]2[N@](CCC1)CCC2,0
Fc1c(F)cc([C@@H]2[C@@H](N)CN(CCc3cc4OCOc4cc3)C(=O)C2)c(F)c1,0
O=C1C(c2ccccc2)(c2ccccc2)NC(=O)N1,1
Fc1c(-c2ccccc2)ccc(C(C(=O)O)C)c1,1
O=C(O)[C@@H](NC(=O)c1ccc(N(Cc2nc3c(N)nc(N)nc3nc2)C)cc1)CCC(=O)O,1
Clc1c(S(=O)(=O)N)cc(C(=O)O)c(NCc2occc2)c1,1
Clc1ccc(C2=NN/C(=N/CCC=C)/SC2)cc1,0
O=C1NC=Nc2nc[nH]c12,0
O=C(NCCC(=O)O)C(O)C(CO)(C)C,0
Clc1c(S(=O)(=O)N)cc2S(=O)(=O)NC(C3C4C=CC(C3)C4)Nc2c1,0
S(=O)(=O)(NC(=O)c1cc(OC)c(Cc2c3c(n(C)c2)ccc(NC(=O)OC2CCCC2)c3)cc1)c1c(C)cccc1,0
Clc1c(C23OCCN2CC(=O)Nc2c3cc(Cl)cc2)cccc1,0
O=C(C)N1[C@H](C(=O)O)CCCC1,0
S(=O)(=O)(N)c1cc(C(=O)NCC2N(CC)CCC2)c(OC)cc1,0
O=C(O)c1c(/N=N/c2ccc(N(C)C)cc2)cccc1,0
OC[C@H]1[C@H](O)[C@@H](O)[C@H](O)CN1,0
FC(F)(F)C(F)(F)C(F)(F)F,0
[P@](=O)(OP(=O)(O)O)(OC[C@H]1[C@H](O)[C@@H](O)[C@H](N2C(=O)N=C(N)C=C2)O1)O,0
O=C(NCCC[C@H](N)C(=O)O)N,0
S(=O)(=O)(Nc1ncccn1)c1ccc(N)cc1,0
FC(F)(F)c1ccc(OC(CCNC)c2ccccc2)cc1,1
O[C@H]1[C@H](Cc2ccccc2)N(Cc2cc(N)ccc2)C(O)N(Cc2cc(N)ccc2)[C@@H](Cc2ccccc2)[C@@H]1O,0
Clc1c(Oc2cc(C(C)C)c(O)cc2)c(Cl)cc(CC(=O)O)c1,0
Clc1c(S(=O)(=O)N)cc2C(=O)N(c3c(C)cccc3)C(C)Nc2c1,0
CN1CC2N(c3c(cccc3)Cn3c2ccc3)CC1,0
O=C(OCC)[C@@H](N[C@H](C(=O)N1[C@H](C(=O)O)C[C@H]2[C@@H]1CCC2)C)CCc1ccccc1,1
Clc1c(S(=O)(=O)N)cc2S(=O)(=O)NCNc2c1,1
N(Cc1ccc(-c2ncnc3[nH]cnc23)cc1)C,0
S(=O)(=O)(Nc1c(Oc2c(OC)cccc2)c(OCCO)nc(-c2ncccn2)n1)c1ccc(C(C)(C)C)cc1,1
O=C1NC=Nc2sc3c(c12)CCCC3,0
O(C)c1c(OC)c(CN2CCNCC2)ccc1OC,0
n1c2c3ncccc3ccc2ccc1,0
O([C@@H]1[C@@H](O[C@@H]2[C@@H](N)[C@H](O)[C@@H](O)[C@H](CN)O2)[C@H](N)C[C@H](N)[C@H]1O)[C@H]1[C@H](O)[C@@H](O)[C@H](CO)O1,0
II,0
O=C(O)[C@@H](N)CCC(=O)NO,0
O=C(O)[C@H](O)[C@@H](O)Cn1c2ncnc(N)c2nc1,0
Fc1c2N(CC)C3(N=C(N)c2c(F)cc1)CCN(C(=O)C1=CN=C(C#N)CC1)CC3,0
F[C@]12[C@@H](O)C[C@]3(C)[C@@](O)(C(=O)CO)[C@H](O)C[C@H]3[C@@H]1CCC=1[C@]2(C)C=CC(=O)C=1,1
O(CC(O)CNC(C)C)c1c(OCC=C)cccc1,1
O=C(O[C@H]1[C@H](NC(=O)c2ccc(O)cc2)CNCCC1)c1ccc(O)cc1,0
O=C(OCC[N+](C)(C)C)CCC(=O)OCC[N+](C)(C)C,0
O=C([O-])C(O)(CC(=O)[O-])CC(=O)[O-].[Na+].[Na+].[Na+],0
S(=O)(=O)([O-])[O-].S(=O)(=O)([O-])[O-].[K+].[Al+3],0
O(CC(C)C)c1c([O-])c(-c2[nH]c3c(n2)cc(C(=[N+])N)cc3)ccc1,0
O=C(CO)[C@]1(O)[C@]2(C)[C@H]([C@H]3[C@H]([C@@H](O)C2)[C@]2(C)C(=CC(=O)C=C2)CC3)CC1,1
S(=O)(=O)(N1CCN(C)CC1)c1cc(c(OCC)cc1)C1=NC(=O)c2n(C)nc(CCC)c2N1,1
P(=O)(OC1[C@@H](O)[C@H](O)C(O)[C@H](O)[C@H]1O)([O-])[O-],0
N(C)(C)[C@H]1CC=C(C)CC1,0
O=C(C)N1[C@@H](C(=O)O)CCC1,0
Sc1sc(NC(=O)N[C@H](C(=O)NC)Cc2ccccc2)nn1,0
Clc1cnc(N2C(=O)c3nccnc3C2OC(=O)N2CCN(C)CC2)cc1,0
FC(F)(F)c1cc([C@H](OC[C@]2(c3ccccc3)NC[C@]3(NC(=O)CC3)CC2)C)cc(C(F)(F)F)c1,0
O(C)[C@H]1[C@H](O)CC[C@@H](/C=C(\C)/[C@@H]2[C@H](C)[C@@H](O)CC(=O)[C@H](CC=C)/C=C(\C)/C[C@H](C)C[C@H](OC)[C@@H]3[C@@H](OC)C[C@@H](C)[C@](O)(C(=O)C(=O)N4[C@H](C(=O)O2)CCCC4)O3)C1,1
O=C(Nc1n(-c2cc(N)ccc2)nc(C(C)(C)C)c1)Nc1c2c(ccc1)cccc2,0
Brc1c(Oc2c(C)cc(C#N)cc2C)nc(Nc2ccc(C#N)cc2)nc1N,0
N(C(CN1c2c(Sc3c1cccc3)cccc2)C)(C)C,0
O=[N+]([O-])NC(=N)NCCC[C@H](N)C(=O)N[C@@H](C(=O)N)CCN,0
O=C(OCCN(CC)CC)c1c(OCCC)cc(N)cc1,0
Fc1c(F)c(F)c(CO)c(F)c1F,0
O=C(O)[C@@H](O)[C@@H](C(=O)O)CC(=O)O,0
OC(CNC(C)C)c1cc(O)cc(O)c1,0
[Hg](O)CC(OC)CNC(=O)c1c(OCC(=O)O)cccc1,0
N(CCC)[C@@H]1Cc2sc(N)nc2CC1,1
O=C(N[C@@H]1C(=O)N2C(C(=O)O)=C(COC)CS[C@H]12)/C(=N\OC)/c1nc(N)sc1,1
P(=O)(OC[C@H]1O[C@@H](N2C(=O)N=C(N)C=C2)CC1)(O)O,0
O=CCC=O,1
Clc1c(C)cc(S(=O)(=O)N2[C@H](C(=O)O)CCC2)c(N)c1,0
P(=O)(OC[C@@H](N)C(=O)O)(OCC)OCC,0
O=C(O)CO/N=C\1/C(=C\2/C(=O)N=C3C/2=CC=CC3)/N=C2C/1=CC=CC2,0
Clc1cc2C(OCCN(C)C)=Cc3c(Sc2cc1)cccc3,0
O(C)c1c(OC)cc2ncnc(Nc3cc(O)ccc3)c2c1,0
O=C(N[C@@H]1C(=O)N2C(C(=O)O)=C(C=C)CS[C@H]12)/C(=N\O)/c1nc(N)sc1,1
O=NN(C(=O)N[C@@H]1[C@@H](O)[C@H](O)[C@@H](CO)O[C@@H]1O)C,1
S(=O)(=O)(N)c1c(C(F)(F)F)cc2NC(Cc3ccccc3)NS(=O)(=O)c2c1,0
O=C1N(C)C(=O)c2[nH]cnc2N1C.O=C1N(C)C(=O)c2[nH]cnc2N1C.NCCN,0
O=C(Cc1ccc(NC(=N)N)cc1)c1ccccc1,0
Clc1cc2C(N3CCN(C)CC3)=Nc3c(Oc2cc1)cccc3,0
F[C@]12[C@@H](O)C[C@]3(C)[C@@](O)(C(=O)CO)CC[C@H]3[C@@H]1CCC=1[C@]2(C)CCC(=O)C=1,1
Clc1ccc(C2(O)CCN(CCCC(=O)c3ccc(F)cc3)CC2)cc1,1
O=C(N(CC)c1cc(C=2n3ncc(C#N)c3N=CC=2)ccc1)C,0
c1(c(-c2c3c(ncc2)cccc3)c[nH]n1)-c1ncccc1,0
O=C(O)[C@@H](NC(=O)CCCCCCCCCCCn1cncc1)CC(C)C,0
Clc1c(C2=NCc3n(c(C)nn3)-c3sc(CC)cc23)cccc1,0
O(CC(O)CNC(C)(C)C)c1c2c(ccc1)C[C@@H](O)[C@@H](O)C2,1
Clc1c(Cl)cccc1-c1[nH]nc(C2CCN(C(=O)CNC(=O)[C@H](NC(=N)N)C3CCCCC3)CC2)c1,0
Brc1c(O)c(Br)cc(C[C@H](N)C(=O)O)c1,0
O(C)C1=CC(=O)OC(/C=C/C=2C=CCCC=2)C1,0
P(=O)(OCN1C(=O)C(c2ccccc2)(c2ccccc2)NC1=O)(O)O,1
O=C1Oc2c(O)c(O)cc3C(=O)Oc4c(O)c(O)cc1c4-c23,0
NC(C)C12CC3CC(C1)CC(C2)C3,1
O(C)c1c(CN(C)c2cc3c(N)nc(N)nc3cc2)cc(OC)cc1,0
O=C(OC)[C@H](N(O)C(=O)C)CC(C)C,0
S[C@@H](CCS)CCCCC(=O)O,0
O=C1[C@@H](C)C(C)(C)[C@H](CC(O)O)C1,0
O=C(OC)c1c(OC/C=C/c2cc(-c3c(CO)c(C(=O)O)no3)ccc2)cccc1O,0
Clc1c(-c2c(C(=O)O)c(C(=O)O)[n+](CC)c(C)c2C(=O)OC(C)C)cccc1,0
O([C@H]1[C@H](O)[C@@H](O)[C@H](N)C[C@@H]1N)[C@@H]1[C@H](N)C[C@@H]2O[C@H](O[C@@H]3[C@H](O)[C@@H](O)[C@H](N)[C@@H](CO)O3)[C@@H](NC)[C@@H](O)[C@H]2O1,0
O(C(c1c(C)cccc1)c1ccccc1)CCN(C)C,0
N(CCC=C1c2c(cccc2)CCc2c1cccc2)(C)C,1
N(CCCN)CCCCN,0
O(CCOCCOCCOCCOCC)CCOCCOCCOCCO,0
FC(F)=C[C@H]1CN([C@H](C(=O)N)CC)C(=O)C1,0
Fc1c2C(=O)NC(=O)N(CCCCN3CC=C(c4ccccc4)CC3)c2ccc1,0
OC(CNC(Cc1ccc(O)cc1)C)c1cc(O)cc(O)c1,0
O[C@@H]1[C@]2(C)[C@H]([C@H]3[C@@H]([C@]4(C)C(=C[C@@H](O)CC4)CC3)CC2)CC1,0
O=C(c1ccc(OC)cc1)C1=C(N)N/C(=N/c2ccc(OC)cc2)/S1,0
S(=O)(=O)(C)c1ccc(C2=C(OCC3CC3)C(=O)OC2(C)C)cc1,0
S(=O)(=O)(N)c1sc2S(=O)(=O)N(c3ccc(OC)cc3)C[C@H](O)c2c1,0
Clc1c([C@@H](C(=O)OC)N2Cc3c(scc3)CC2)cccc1,1
O(C)c1c(OC)cc2c(C(=O)C(CC3CCN(Cc4ccccc4)CC3)C2)c1,1
SC[C@@H](C(=O)N1[C@H](C(=O)O)CCC1)C,0
O=C(OCC)C(=O)N1CCCCC1,0
Clc1cc2NC(=O)Nc3nc(OCCCCCOc2cc1)cnc3,0
P(=O)(O)(O)c1c(P(=O)(O)O)ccc(C[C@H](NC(=O)C)C(=O)N[C@H]2C(=O)N(Cc3ccc(-c4ccccc4)cc3)CCCC2)c1,0
Clc1c(C2=NC(O)C(=O)Nc3c2cc(Cl)cc3)cccc1,0
O=[N+](OCCNC(=O)c1cnccc1)[O-],0
O(CCN1CCCC1)c1ccc([C@@H](O)c2ccncc2)cc1,0
S(=O)(=O)(OCCCCOS(=O)(=O)C)C,1
O=C(CO)[C@@]1(O)C[C@H](O[C@@H]2O[C@@H](C)[C@@H](O)[C@@H](N)C2)c2c(O)c3C(=O)c4c(OC)cccc4C(=O)c3c(O)c2C1,1
O=C1c2c(O)ccc(O)c2C(=O)c2c(NCCNCCO)ccc(NCCNCCO)c12,1
F[C@]12[C@@H](O)C[C@]3(C)[C@@](O)(C(=O)CO)[C@H](C)C[C@H]3[C@@H]1CCC=1[C@]2(C)C=CC(=O)C=1,1
O=C(OCC)[C@@H](C[C@H](NC(=O)CCC(=O)O)Cc1ccc(-c2ccccc2)cc1)C,0
P(=O)(O)(O)C(P(=O)(O)O)(O)CCN,1
S(=O)(=O)(N(C[C@@H](O)[C@@H](NC(=O)O[C@@H]1[C@H]2[C@@H](OC1)OCC2)Cc1ccccc1)CC(C)C)c1ccc(N)cc1,0
Clc1cc2c([nH]c(S(=O)(=O)N[C@@H]3C(=O)N([C@H](C(=O)N4CCOCC4)C)CC3)c2)cc1,0
O=C(N1CCN(c2nc(N)c3c(n2)cc(OC)c(OC)c3)CC1)C1OCCC1,1
P(=O)(OP(=O)(O)O)(OP(=O)(O)O)O,0
S(=O)(=O)(N)c1ccc(-c2c(C)onc2-c2ccccc2)cc1,1
[As]12O[As](O1)O2,1
O=N,0
Clc1cc2C(N3CCNCC3)=Nc3c(Oc2cc1)cccc3,1
ClC1=C(CCCCOP(=O)(O)O)C(=O)NC(=O)N1,0
O=C([C@@H](O)[C@@H](O)[C@H](O)CO)CO,0
O=C(CO)[C@]1(O)[C@]2(C)[C@H]([C@H]3[C@@H]([C@]4(C)C(=CC(=O)C=C4)CC3)C(=O)C2)CC1,1
Clc1ccc(C2(CN)CCN(c3ncnc4[nH]ccc34)CC2)cc1,0
N(CCCC12c3c(cccc3)C(c3c1cccc3)CC2)C,0
O=C(OCC)[C@@H](N[C@H](C(=O)N1[C@H](C(=O)O)Cc2c(cc(OC)c(OC)c2)C1)C)CCc1ccccc1,0
NC(Cc1ccccc1)(C)C,1
O(CCCCCCCCCCCC)[C@H]1[C@H](O)[C@@H](O)[C@H](O[C@@H]2[C@@H](O)[C@H](O)[C@@H](O)[C@H](CO)O2)[C@@H](CO)O1,0
Clc1ccc(S(=O)(=O)NC(=O)NCCC)cc1,0
O=C(OCC(=O)[C@]12[C@]3(C)[C@H]([C@H]4[C@H]([C@@H](O)C3)[C@]3(C)C(=CC(=O)C=C3)CC4)C[C@H]1OC(C1CCCCC1)O2)C(C)C,0
Clc1cc2[C@](C(F)(F)F)(C#CC3CC3)OC(=O)Nc2cc1,1
O=C1c2c3c([nH]c2C(C)(C)c2c1cc(CC)c(N1CCC(N4CCOCC4)CC1)c2)cc(C#N)cc3,0
P(=O)(O)(O)C(P(=O)(O)O)(O)C,0
FC(F)(F)COc1c(C(=O)NCC2NCCCC2)cc(OCC(F)(F)F)cc1,1
Oc1c(O)ccc(C)c1,0
Clc1ccc([C@H](N2CCN(CCOCC(=O)O)CC2)c2ccccc2)cc1,0
S=C1NC(=O)C=C(CCC)N1,0
Clc1c(O)c(O)cc2C(c3ccc(O)cc3)CNCCc12,1
Clc1c(C2=NCC(=O)N(C)c3sc(CC)cc23)cccc1,0
O=C(OCC(COC(=O)N)(CCC)C)N,0
O=C(Oc1c(C(=O)O)cccc1)C,0
O=C(CO)[C@@H]1[C@]2(C=O)[C@H]([C@H]3[C@H]([C@@H](O)C2)[C@]2(C)C(=CC(=O)CC2)CC3)CC1,1
O=C(OCC)[C@@H](N[C@H](C(=O)N1[C@H](C(=O)O)C[C@@H]2[C@@H]1CCCC2)C)CCc1ccccc1,1
O=C(N/N=C/1\C(=O)C=C2N(C)CC(O)C2=C\1)N,0
O=[N+](OC(CO[N+](=O)[O-])CO[N+](=O)[O-])[O-],0
S=P(OC[C@@H]1[C@@H](O)C[C@H](N2C(=O)NC(=O)C(C)=C2)O1)(O)O,0
[PH](=O)(OC(C)C)O,0
O=[N+]([O-])c1n(CCO)c(C)nc1,0
Clc1cc2C(=CCCN(C)C)c3c(Sc2cc1)cccc3,0
OC[C@@H]1[C@@H](O)[C@H](O)[C@@H](O)c2n1cc(CNc1ccccc1)n2,0
CN1CC2N(c3c(cccc3)Cc3c2cccc3)CC1,1
C(N1c2c(Sc3c1cccc3)cccc2)C1C2CCN(C1)CC2,0
FC(F)(F)C(F)OC(F)F,1
[P@](=O)(OP(=O)(O)O)(OC[C@H]1[C@H](O)C[C@H](n2c3N=C(N)NC(=O)c3nc2)O1)O,0
S(=O)(=O)(NC(=O)NC1CCC(C)CC1)c1ccc(CCNC(=O)N2C(=O)C(CC)=C(C)C2)cc1,0
Clc1c(C(F)(F)F)cc(NC(=O)Nc2ccc(Oc3cc(C(=O)NC)ncc3)cc2)cc1,1
O=C(O)c1ccc(C(=C)c2c(C)cc3C(C)(C)CCC(C)(C)c3c2)cc1,1
OB(O)c1cc(N)ccc1,0
O=C(OC(C[N+](C)(C)C)C)N,0
P(=O)(O)(O)Cc1c(C(=O)O)nccc1,0
Brc1c(O)nc(N)nc1-c1ccccc1,0
O=C(OCC)C1(c2ccccc2)CCN(C)CCC1,0
Clc1ccc(C(N2CCN(Cc3cc(C)ccc3)CC2)c2ccccc2)cc1,0
O[C@H]([C@@H](NC)C)c1ccccc1,1
Clc1ccc(NC(NC(=N)NCCCCCCNC(=N)NC(=N)Nc2ccc(Cl)cc2)=N)cc1,0
FC(F)(F)c1cc(N2CCN(CCN3C(=O)Nc4c3cccc4)CC2)ccc1,0
FC(F)(F)c1cc(C[C@@H](NCC)C)ccc1,1
O=C(O)[C@@H](N)CCCCNC([N+])=N,0
O=C(O)/C(/N)=C/c1ccccc1,0
O(CCc1ccc(OCC(O)CNC(C)C)cc1)C,1
O=C(O)c1c(Nc2c(C)c(C)ccc2)cccc1,1
O=C(N)c1cc2c([nH]c3c2C[C@H](NC)CC3)cc1,0
FC=1C(=O)NC(=O)N(C2OCCC2)C=1,0
O=C(O)[C@H](/C=C/C=C(\C)/[C@@H]1[C@H](CC(=O)O)[C@@H](C(=O)O)NC1)C,0
O=C(Nc1c(C)cccc1C)C1N(C)CCCC1,0
Clc1c(NC2=NCCN2)c(OC)nc(C)n1,0
Clc1cnc(NC(=S)NCCc2c(F)c(OCC)ccn2)cc1,0
Clc1cc(OCC(=O)O)c(C(=O)NCc2cc([N+](=O)[O-])ccc2)cc1,0
OC[C@H]1N(CCCCCCCCC)C[C@H](O)[C@@H](O)[C@@H]1O,0
Clc1c(NC(=O)c2sc(Nc3nc(C)nc(N4CCN(CCO)CC4)c3)nc2)c(C)ccc1,1
O[C@@H](Cn1c2ncnc(N)c2nc1)C,0
ClCC/C(=C(/c1ccc(OCCN(C)C)cc1)\c1ccccc1)/c1ccccc1,1
O=C(N[C@H](B(O)O)c1ccccc1)Cc1sccc1,0
Oc1ccc(C(C)(C)c2ccc(O)cc2)cc1,0
[P@@](=O)(OC[C@@H](OC(=O)CCCCCCCCCCCCCCCCC)COC(=O)CCCCCCCCCCCCCCCCC)(OCCN)O,0
O=C(O)[O-].[Na+],0
O=C(NCC1N(CC=C)CCC1)c1c(OC)cc2n[nH]nc2c1,0
FC(F)(F)COCC(F)(F)F,0
P(CCP(CCOCC)CCOCC)(CCOCC)CCOCC.[Tc],0
O[C@@H]1CC=2[C@@](C)([C@H]3C([C@H]4[C@](C)([C@H]([C@@H](/C=C/[C@H](C(C)C)C)C)CC4)CC3)=CC=2)CC1,0
CN1C(c2cnccc2)CCC1,0
C(CC[N+]1(C)CCCC1)CC[N+]1(C)CCCC1,0
O=C(OCC)[N-]c1on[n+](N2CCOCC2)c1,0
S=C1N([C@@]2(O)[C@@H](O)[C@H](O)[C@@H](CO)O2)C=CC(N)=N1.Cl,0
P(=O)(=O)O/C=C(/C(=O)[O-])\c1ccccc1,0
OC[C@]12[C@@H](C)[C@H]([C@@H](c3ccc(O)cc3)OC1)C(C)=C[C@@H]2C,0
Clc1cc2nccc(NC(CCCN(CCO)CC)C)c2cc1,1
O=C(OCC)C(=O)C,0
OCc1cc2/C(=C/NN/C(=N/CCCCC)/N)/C=Nc2cc1,0
P(=O)(O)(O)CO[C@H](CO)CN1C(=O)N=C(N)C=C1,1
OC(CNCC)c1cc(O)ccc1,0
S(C[C@@H]1[C@@H](O)[C@@H](O)[C@H](n2c3ncnc(N)c3cc2)O1)C,0
O=C1C(CCCC)(CC)C(=O)NC(=O)N1,0
O(CCN(C)c1ncccc1)c1ccc(CC2C(=O)NC(=O)S2)cc1,1
ClC(Cl)C(=O)N[C@@H]([C@H](O)c1ccc(N)cc1)CO,0
FC(F)(F)c1ccc(C(=NOCCN)CCCCOC)cc1,1
O(CCOCCCNC=1C(=O)C(=O)C=1N)CCOCCC,0
P(=O)(O)(O)[O-],0
Clc1cc2C(c3ccccc3)=NCc3n(-c2cc1)cnn3,0
O=C(N[C@@H](C(C)(C)C)C(=O)N1[C@H](C(=O)N[C@H]2c3c(cccc3)CCC2)C[C@H](Oc2ccccc2)C1)[C@@H](NC)C,0
Clc1c(C(=O)Nc2c(C(=O)O)cc(Oc3ncccn3)cc2)ccc(Cl)c1,0
S(=O)(=O)(N1CCNCCC1)c1c2c(cncc2)ccc1,0
O=[N+]([O-])c1ccc(CC(=O)O)cc1,0
O=C(O)CC1(CN)CCCCC1,1
O=C([O-])CC[C@@]1(O)[C@]2(C)[C@H]([C@H]3[C@@H]([C@]4(C)C(=CC(=O)CC4)C=C3)CC2)CC1.[K+],0
O=C(C)c1cc2N(CCCN3CCN(CCO)CC3)c3c(Sc2cc1)cccc3,0
O=C(O)Cc1c2c(ccc1)cccc2,0
O=C[C@H]1N2C(=O)[C@](N)(Cc3ccccc3)CCN2CC1,0
Fc1c(C)c(F)c(Oc2cc(C(=N)N)ccc2)[n+]c1Oc1cc(C(=N)N)ccc1,0
S(CC[C@H](NC(=O)O)C(=O)O)C,0
O(CC(O)CO)c1c(OC)cccc1,0
S(=O)(=O)(O[C@@H]1[C@H](OS(=O)(=O)O)[C@@H](O)O[C@@H](CO)[C@@H]1O)O,0
N(CCCN1c2c(cccc2)CCc2c1cccc2)(C)C,1
O=C1N(Cc2ccc(-n3c(C)nc4c3ccnc4)cc2)c2c(S1)cccc2,0
O=C([O-])C(=O)/C=C/CC(=O)c1ccccc1,0
O=C(OC(C)C)C1=C(C)NC(C)=C(C(=O)OC)C1c1c2nonc2ccc1,1
Clc1c(N)nc(N)c(C(=O)N=C(N)N)n1,0
Clc1ccc(C(=O)c2ccc(OC(C(=O)OC(C)C)(C)C)cc2)cc1,0
NC,0
Ic1c(OCCN(CC)CC)c(I)cc(C(=O)c2c(CCCC)oc3c2cccc3)c1,1
S(=O)(=O)(Nc1cc2c(C(=O)c3ccc(OCCCN(CCCC)CCCC)cc3)c(CCCC)oc2cc1)C,1
O=C(C)[C@]1(C)[C@]2(C)[C@H]([C@H]3[C@@H]([C@]4(C)C(C(C)=C3)=CC(=O)CC4)CC2)CC1,0
O=C(O)C=1N[C@H]([C@H](C=O)CC)[C@H]2C=1[C@H](OCCCC)CCC2,0
O=C1C(N2C(=O)c3c(c(N)ccc3)C2)CCC(=O)N1,1
O=C(O)[C@@H](N)Cc1c(O)cc(O)c(N/C(=C/C=O)/COc2cc3c(cc2)cccc3)c1,0
[N+](CCCCCCCCCC)(CCCCCCCCCC)(C)C,0
O=C(C)[C@@H]1[C@]2(C)[C@H]([C@H]3[C@H]([C@@H](O)C2)[C@]2(C)C([C@@H](C)C3)=CC(=O)CC2)CC1,0
O=C(O)CCCCCCCCCCCC,0
Clc1c(S(=O)(=O)N)cc(C2(O)NC(=O)c3c2cccc3)cc1,0
S(=O)(=O)(N1CC(=O)[C@H](NC(=O)[C@H](NC(=O)c2oc3c(c2)cccc3)CC(C)C)CCC1)c1ncccc1,0
O=C(N)N1c2c(C(=O)Cc3c1cccc3)cccc2,1
O=C(O)c1c(O)cc(N)cc1,0
Clc1c(Cl)cccc1C1C(C(=O)OCC)=C(C)NC(C)=C1C(=O)OC,0
O=C1/C(=N\c2ccc(O)cc2)/c2c(N1)cccc2,0
O=C1N(C)C=C([C@@H]2O[C@@H](CO)[C@H](O)C2)C(=O)N1,0
OC(CO)CO,0
O=C(NCCc1c2c(ccc(OC)c2)ccc1)C,0
Fc1c(N2CCN(C)CC2)cc2N(CC)C=C(C(=O)O)C(=O)c2c1,0
O=C(NCCc1c2c([nH]c1)ccc(OC)c2)C,0
Clc1cc2C(c3ccccc3)=NC(O)C(=O)N(C)c2cc1,0
F[C@@H]1[C@@H](O)[C@@H](O)[C@@H](CO)O[C@H]1O,0
O(Cc1c2O[C@@H](c3ccc(O)cc3)[C@@H]3[C@H](c2cc(O)c1)CCC3)C,0
O[C@H](CC(O)(C)C)C,0
Oc1cc2c([C@@H]3[C@H]([C@H]4[C@@](C)([C@](O)(C#C)CC4)CC3)CC2)cc1,1
Clc1ccc(CC2=NN(C(=O)c3c2cccc3)C2CCN(C)CCC2)cc1,0
O=C1c2sccc2C(=C2CCN(C)CC2)c2c(cccc2)C1,0
O=C(OC1C[N+](C)(C)CC1)C(O)(c1ccccc1)C1CCCC1,0
Brc1c(N2C[C@H](CN)OCC2)c2c([nH]nc2)nc1,0
[Mg+2],0
O=C(N)C(CCC)CCC,0
Clc1nc(NC(C)C)nc(NCC)n1,0
OC(CCN1CCCCC1)(c1ccccc1)C1CCCCC1,0
O=[N+]([O-])c1ccc(OCc2c(C)n(C)c3C(=O)C=C(OC)C(=O)c23)cc1,0
O=C(Nc1ccc(OCC(O)CNC(C)C)cc1)C,1
O=C1[C@@H]2Oc3c(O)ccc4c3[C@@]32[C@](O)([C@H](N(CC2CC2)CC3)C4)CC1,1
OCc1c(O)c(C)ncc1CO,0
O=C(O[C@H]1C=2[C@@]3(C)[C@@H](COC)OC(=O)c4c3c(C(=O)C=2[C@H]2[C@@](C)(C(=O)CC2)C1)oc4)C,0
S(=O)(=O)(N)c1sc(NC(=O)C)nn1,0
[Se]=S,0
P(=O)(O[C@H]([C@@H](N)C(=O)O)C)(O)O,0
O=C1N([C@@H]2O[C@H](CO)[C@@H](N=[N+]=[N-])C2)C=C(C)C(=O)N1,1
O=C1N(C)C(C)(C)CC1,0
Brc1cnc(OCCOc2c(c(NS(=O)(=O)NCCC)ncn2)-c2ccc(Br)cc2)nc1,1
ClC=1C(=O)CC[C@]2(C)[C@@H]3[C@H]([C@H]4[C@@](C)([C@@H](O)CC4)CC3)CCC=12,0
O=C(O)CCc1c(CC(=O)O)c(CN)[nH]c1,0
O(O)[C@H](/C=C/[C@@H]1[C@@H](C/C=C\CCCC(=O)O)[C@H]2OO[C@@H]1C2)CCCCC,0
C(N1CCN(C)CC1)(c1ccccc1)c1ccccc1,0
o1c2c(cc1)cccc2,0
O=C1Nc2c(C)ccnc2N(C2CC2)c2ncccc12,0
O=C1N(CC(O)=N)CCC1,0
O(CCO)CN1C(=O)NC(=O)C(Cc2cc(OCc3ccccc3)ccc2)=C1,0
S=P(N1CC1)(N1CC1)N1CC1,1
S(=O)(=O)(N)c1ccc(C(=O)NCc2ccccc2)cc1,0
OCC[C@H](CCC[C@H](CCC[C@H](CCCC(C)C)C)C)C,0
[SH0](=O)(Cc1c(C)c(OC)c(C)cn1)c1[nH]c2c(n1)ccc(OC)c2,0
Clc1cc2C([S@@H0](=O)C3CCCCC3)=C(CCC)C(=O)Nc2cc1,0
O=C1N([C@H]2[C@H](O)[C@H](O)[C@@H](CO)O2)C=NC(N)=N1,1
O=[N+]([O-])c1c(O)c(O)cc([N+](=O)[O-])c1,0
Clc1c(C2(NC)C(=O)CCCC2)cccc1,0
Clc1cc2C(c3ccccc3)=NC(O)C(=O)Nc2cc1,0
O=C(N1CCC2(c3c(OC2)ccc(CN)c3)CC1)c1oc(C#Cc2ccccc2)cc1,0
ClCC1OC1.N(CCNCCN)CCNCCN,0
O=C(O[C@@H]1C=C2[C@@H]([C@@H]3[C@H]([C@H]4[C@@](C)([C@](OC(=O)C)(C#C)CC4)CC3)CC2)CC1)C,0
O=C(O)C[C@@H](NC(=O)c1scc(-c2ccc(-c3ccncc3)cc2)c1)c1ccccc1,0
Fc1c(N2CCNCC2)cc2N(C3CC3)C=C(C(=O)O)C(=O)c2c1,0
Clc1c(C2=NCc3n(c(C)nn3)-c3c2cc(Cl)cc3)cccc1,0
O=C(N[C@@H](CC(C)C)c1c(N2CCCCC2)cccc1)Cc1cc(OCC)c(C(=O)O)cc1,1
O=C(OC[C@H]1[C@]2(OC)N(C=3C(=O)C(C)=C(N)C(=O)C1=3)C[C@@H]1N[C@H]21)N,1
O=C1Oc2c(N3CCN(Cc4cc(-c5ccccc5)ccc4)CC3)cccc2N1,0
[S@H0](=O)(CSC)C[C@@H](NC(=O)/C=C/C=1C(=O)NC(=O)NC=1C)CO,0
O(CCO)CCN1CCN(C2=Nc3c(Sc4c2cccc4)cccc3)CC1,1
Clc1c(C(=O)N2c3c([C@@H](CC(=O)NC(C)C)CCC2)cccc3)ccc(N2CCCC2)c1,0
O=C(O)c1c2n(Cc3ccc(-c4c(-c5n[nH]nn5)cccc4)cc3)c(OCC)nc2ccc1,1
O=C(O)c1cnc(C2(c3c(C)cc4C(C)(C)CCC(C)(C)c4c3)CC2)cc1,0
N(CC(CN1c2c(cccc2)CCc2c1cccc2)C)(C)C,0
OC(CNC(C)(C)C)c1cc(O)cc(O)c1,1
S(=O)(=O)(N)c1ccc(N)cc1,0
N(CCN1CCOCC1)c1c(C)cc(-c2ccccc2)nn1,0
O=C1C(C#N)=CC(c2ccncc2)=C(C)N1,0
Nc1c(-c2ccccc2)nc2c(N)nc(N)nc2n1,0
[PH](=O)([O-])CCOc1ccc(C)cc1,0
P(=O)(O[C@H](C(=O)N[C@H](C(=O)Nc1ccc([N+](=O)[O-])cc1)CC(C)C)CCCC)(O)O,0
O(CCO)[C@H]1[C@H](OC)C[C@H](C[C@H](C)C2OC(=O)[C@@H]3N(C(=O)C(=O)[C@]4(O)[C@@H](C)CC[C@@H](O4)C[C@H](OC)/C(/C)=C/C=C/C=C/[C@H](C)C[C@H](C)C(=O)[C@H](OC)[C@H](O)/C(/C)=C/[C@@H](C)C(=O)C2)CCCC3)CC1,0
O=C(NCC(O)c1c(OC)ccc(OC)c1)CN,0
O=C(O[C@@H]1C(C)=C2[C@@H](OC(=O)C)C(=O)[C@]3(C)[C@@H](O)C[C@@H]4[C@](OC(=O)C)([C@H]3[C@H](OC(=O)c3ccccc3)[C@@](O)(C2(C)C)C1)CO4)[C@H](O)[C@@H](NC(=O)c1ccccc1)c1ccccc1,1
Ic1c(N)c(I)cc(I)c1CC(C(=O)O)CC,0
Clc1cc(N2CCN(CCCN3C(=O)N4C(=N3)C=CC=C4)CC2)ccc1,1
O=C1C(N2C(=O)c3c(C2=O)cccc3)CCC(=O)N1,1
Oc1c(O)ccc(CCN)c1,0
Fc1cc2onc(C3CCN(CCC=4C(=O)N5C(=NC=4C)CCCC5)CC3)c2cc1,0
O=C([O-])C(O)C.[N+],0
S(=O)(=O)(OC)[O-].C(c1ccccc1)(c1ccccc1)=C1CC[N+](C)(C)CC1,0
O=C(OCC)c1ccc(N)cc1,0
O=C(N(O)C(C)c1sc2c(c1)cccc2)N,0
[Mg+2].[O-].[O-],0
S(=O)(=O)(C)N1CCC(Nc2nc(N)c(C(=O)c3c(F)c(F)ccc3OC)cn2)CC1,0
FC(F)(F)c1cc(CCCN[C@H](C)c2c3c(ccc2)cccc3)ccc1,1
FC(F)(F)[C@@](O)(C(=O)Nc1c2C(=O)c3sccc3CS(=O)(=O)c2ccc1)C,0
O=C(OCC(N(C)C)(CC)c1ccccc1)c1cc(OC)c(OC)c(OC)c1,0
O=[N+]([O-])c1cc(C2C(C(OC(CN(CCC(c3ccccc3)c3ccccc3)C)(C)C)=O)=C(C)NC(C)=C2C(=O)OC)ccc1,1
P(=O)(O)(O)c1c(OCC(=O)O)ccc(C[C@@H](NC(=O)C)C(=O)N[C@@H](C)c2cc(C(=O)N)c(OCC3CCCCC3)cc2)c1,0
O=C(N[C@H]1C(=O)N(Cc2ccc(-c3ccccc3)cc2)CCCC1)[C@@H](NC(=O)C)Cc1cc(C=O)c(C(=O)O)cc1,0
N=C(NCc1cc(CN)ccc1)C,0
O=C(O)[C@@H](CC(=O)O)Cc1ccccc1,0
O=C1NC(=O)CCN1,0
O=C(OCCN(CC)CC)C1(C2CCCCC2)CCCCC1,0
Clc1c(N)c2c(c(C(=O)NC3CCN(CCCOC)CC3)c1)OCC2,0
O=C(O)Cc1n(C)c(C(=O)c2ccc(C)cc2)cc1,1
O=C1N(O)C(C2CCCCC2)=CC(C)=C1,0
O=C(NO)CCOc1ccc(-c2ccc(C#N)cc2)cc1,0
O=C([O-])c1[nH]ccc1,0
Clc1c(O)cc(O)c(-c2c(c(C(=O)NCC)no2)-c2ccc(CN3CCOCC3)cc2)c1,0
Cl/C(=C(\O)/C(=O)O)/C=C/C(=O)c1ccccc1,0
O=C(NCC)CCC/C=C\C[C@@H]1[C@@H](/C=C/[C@@H](O)CCc2ccccc2)[C@H](O)C[C@@H]1O,0
OCc1cnccc1,0
O(CCN(C)C)c1ccc(C(C(CC)c2ccccc2)c2ccccc2)cc1,0
O=C(O)C(C)c1ccc(CC(C)C)cc1,1
O=C(O)[C@H](N)CCC(=O)C,0
P(=O)(OCCCc1c2c([nH]c1)ccc(F)c2)(O)O,0
Clc1cc2C(C)(c3ccccc3)OC(=NCC)Nc2cc1.Cl,0
P(=O)(O)(O)C(P(=O)(O)O)(O)CCCN,0
Oc1cc2c(cc1)C[C@H]1N(C)CC[C@@]32[C@H]1CCCC3,0
O([C@@H]1[C@@H](C)O[C@@H](O[C@@H]2C[C@@H]3[C@@](C)([C@@H]4[C@H]([C@]5(O)[C@](C)([C@H](O)C4)[C@@H](C4=CC(=O)OC4)CC5)CC3)CC2)C[C@@H]1O)[C@@H]1O[C@H](C)[C@@H](O[C@@H]2O[C@H](C)[C@@H](O)[C@@H](O)C2)[C@@H](O)C1,1
O=C(O)C[N+](C)(C)C,0
N=C(N)c1cc2c([nH]c(-c3cc(C)ccc3)c2)cc1,0
O=C(Nc1ccc(CN)cc1)c1cc2c(cc(C(=N)N)cc2)cc1,0
Clc1nc(N)c2ncn([C@H]3[C@@H](F)[C@H](O)[C@@H](CO)O3)c2n1,0
N(CCc1ncccc1)C,0
O(C)c1cc2c(n3c4c2CCN=C4N(C)CC3)cc1,0
P(=O)(OC[C@H](OC(=O)CCCCCCC)COC(=O)CCCC)(OC[C@@H](O)CO)[O-],0
