InChl Key,smiles,Source,PubChem CID,pIC50,label
RRNCWJLZTRYGBP-UHFFFAOYSA-N,Fc1ccc(C(OCC[N+]2CC[N+](CCCc3ccccc3)CC2)c2ccc(F)cc2)cc1,"Doddareddy et al., 2010",,9,1
NAUWTFJOPJWYOT-UHFFFAOYSA-P,Fc1ccc(C(OCC[NH+]2CC[NH+](CCCc3ccccc3)CC2)c2ccc(F)cc2)cc1,"Konda et al., 2019",,9,1
XNIOWJUQPMKCIJ-UHFFFAOYSA-N,OCCNCc1ccccc1,PubChem,4348,8.455931956,1
FEBOTPHFXYHVPL-UHFFFAOYSA-N,O=C(CCCN1CCC(n2c(=O)[nH]c3ccccc32)CC1)c1ccc(F)cc1,"Didziapetris et al., 2016",,8.431798276,1
LMZPNUTXBLCHOF-UHFFFAOYSA-N,Cc1nncn1Cc1cn(-c2ccc(Cl)cc2)nn1,US Patent,,8.308034897,1
DATDVQKGDSNVRT-CYBMUJFWSA-N,C[C@@H]1CCCN1CCc1cc2cc(-c3cn[nH]c3)ccc2o1,"Doddareddy et al., 2010",,8.245651664,1
WAERUNJWVBAXMQ-UHFFFAOYSA-N,Cc1cn(-c2c(Cl)cccc2Cl)c(=O)c2cnc(Nc3ccc(N4CCNCC4)cc3)nc12,US Patent,,8,1
QKLHATQBUALPMQ-UHFFFAOYSA-N,CNCCOc1ccc(Nc2ncc3c(=O)n(-c4c(Cl)cccc4Cl)ccc3n2)cc1,US Patent,,8,1
IXTMWRCNAAVVAI-UHFFFAOYSA-O,C[N@@H+](CCOc1ccc(NS(C)(=O)=O)cc1)CCc1ccc(NS(C)(=O)=O)cc1,"Konda et al., 2019",,7.991399828,1
ZIPQKDKLZNUXFM-UHFFFAOYSA-N,Cc1cccc(C)c1NC(=O)C[N+]1CC[N+](CCCC(c2ccc(F)cc2)c2ccc(F)cc2)CC1,"Doddareddy et al., 2010",,7.801342913,1
ZBIAKUMOEKILTF-UHFFFAOYSA-P,Cc1cccc(C)c1NC(=O)C[NH+]1CC[NH+](CCCC(c2ccc(F)cc2)c2ccc(F)cc2)CC1,"Konda et al., 2019",,7.801342913,1
WGOANEPMJOTKQS-HXUWFJFHSA-N,Cc1ccc(O)c([C@H](CC[N+](C(C)C)C(C)C)c2ccccc2)c1,"Doddareddy et al., 2010",,7.769551079,1
OOGJQPCLVADCPB-HXUWFJFHSA-O,Cc1ccc(O)c([C@H](CC[NH+](C(C)C)C(C)C)c2ccccc2)c1,"Konda et al., 2019",,7.769551079,1
LNEPOXFFQSENCJ-UHFFFAOYSA-O,O=C(CCC[NH+]1CCC(O)(c2ccc(Cl)cc2)CC1)c1ccc(F)cc1,"Konda et al., 2019",,7.718966633,1
FSIOPUXWPKHEJC-UHFFFAOYSA-N,CC(=O)N(CCOc1ccc(NS(C)(=O)=O)cc1)CCc1ccc(NS(C)(=O)=O)cc1,"Didziapetris et al., 2016",,7.677780705,1
YUBYOLBZTMVIAV-UHFFFAOYSA-N,CC(F)(F)c1cccc(-c2cnn(Cc3cc[nH]n3)c2)c1,US Patent,,7.598599459,1
SYOVGKWWVAPWFQ-UHFFFAOYSA-N,Fc1ccc(-n2c(NC3CCNCC3)nc3ccccc32)cc1,"Doddareddy et al., 2010",,7.552841969,1
YYHFXBYUPBRKGA-UHFFFAOYSA-N,CCCCCCC[N+](CC)CCCC(O)c1ccc(NS(C)(=O)=O)cc1,"Doddareddy et al., 2010",,7.552841969,1
ALOBUEHUHMBRLE-UHFFFAOYSA-O,CCCCCCC[NH+](CC)CCCC(O)c1ccc(NS(C)(=O)=O)cc1,"Konda et al., 2019",,7.549750892,1
GENLRMUFBFSRLA-UHFFFAOYSA-N,O=C(NCc1cc(C(F)(F)F)cc(C(F)(F)F)c1)C1(c2ccccc2)CCC(N2CCC(c3ccc(F)cc3)CC2)CC1,"Didziapetris et al., 2016",,7.537602002,1
IOCMJUXJUBZFSJ-UHFFFAOYSA-N,O=C(CCCN1CCC(O)(c2ccccc2)CC1)c1ccccc1,"Doddareddy et al., 2010",,7.494850022,1
MEXIBBKUPJTJRY-IRLDBZIGSA-N,CCOC(=O)C1=C[C@]2(CC)CCC[N+]3CCc4c(n1c1ccccc41)[C@@H]32,"Doddareddy et al., 2010",,7.494850022,1
DDNCQMVWWZOMLN-IRLDBZIGSA-O,CCOC(=O)C1=C[C@]2(CC)CCC[NH+]3CCc4c(n1c1ccccc41)[C@@H]32,"Konda et al., 2019",,7.48945499,1
KTFUTQZNMWCULY-UHFFFAOYSA-N,CN1c2nc(-c3ccc(Cl)cc3Cl)c(-c3ccc(Cl)cc3)cc2C(NC(=O)CO)CC1(C)C,"Didziapetris et al., 2016",,7.397940009,1
IGJWTYHRIZMAFP-CQSZACIVSA-N,Fc1ccc(-c2cnc([C@@H]3CCc4[nH]c5ccccc5c4C3)[nH]2)cc1,PubChem,122179448,7.301029996,1
PWOOSCZWCWFZKZ-UHFFFAOYSA-N,CCn1cncc1Cn1cc(-c2ccc(Cl)c(C(F)F)c2)cn1,US Patent,,7.197226275,1
NJLDOSAEUCCBKH-UHFFFAOYSA-N,O=C(c1ccc(Cl)cc1)C1CCN(CCc2cccc3ccccc23)CC1,"Didziapetris et al., 2016",,7.148741651,1
NTXJOFGNCFFNLA-UHFFFAOYSA-N,CCn1cncc1Cn1cc(-c2ccc(F)c(C)c2)cn1,US Patent,,7.109020403,1
NMSIFXMRSOFUEO-UHFFFAOYSA-N,CCCCCCCN(CC)CCCC(O)c1ccc(Cl)cc1,"Didziapetris et al., 2016",,7.091514981,1
MGNZNJFHDRDPLZ-UHFFFAOYSA-N,FS(F)(F)(F)(F)c1cccc(-c2cnn(Cc3cc[nH]n3)c2)c1,US Patent,,7.021819483,1
KLBQZWRITKRQQV-MRXNPFEDSA-O,CSc1ccc2c(c1)N(CC[C@H]1CCCC[N@@H+]1C)c1ccccc1S2,"Konda et al., 2019",,7.019996628,1
HVNXWVFYQJXVPW-UHFFFAOYSA-N,CNCC(O)(Cc1sc2c(=O)c(C(=O)NCc3ccc(Cl)cc3)cn(C)c2c1C)c1ccccn1,"Doddareddy et al., 2010",,7,1
MACPRACNPYALGP-UHFFFAOYSA-N,Cc1cc(Cn2cc(-c3ccc(F)c(C(F)F)c3)cn2)[nH]n1,US Patent,,6.991399828,1
JAPZLEKZNSGJCE-UHFFFAOYSA-N,CN(C)CCc1ccc(Nc2ncc3c(=O)n(-c4c(Cl)cccc4Cl)ccc3n2)cc1,US Patent,,6.978810701,1
LLEJIEBFSOEYIV-UHFFFAOYSA-N,COc1ccc2c(c[n+](C)c3c4cc5c(cc4ccc23)OCO5)c1OC,"Didziapetris et al., 2016",,6.958607315,1
SEAREBDZGMUOLJ-OCEACIFDSA-N,CC[N+](CC)CCOc1ccc(/C(=C(/Cl)c2ccccc2)c2ccccc2)cc1,"Doddareddy et al., 2010",,6.744727495,1
GKIRPKYJQBWNGO-UHFFFAOYSA-O,CC[NH+](CC)CCOc1ccc(C(=C(Cl)c2ccccc2)c2ccccc2)cc1,"Konda et al., 2019",,6.740000205,1
MNSKOLHUMODDGL-PYUWXLGESA-N,C[C@@H]1CCCC1CCc1cc2cc(-c3ccc(C#N)cc3)ccc2o1,"Didziapetris et al., 2016",,6.709965389,1
NZLBHDRPUJLHCE-UHFFFAOYSA-O,CC[NH+](CC)CCCN(c1ccccc1)C1Cc2ccccc2C1,"Konda et al., 2019",,6.639999555,1
HKTXZWQCPUSIKH-UHFFFAOYSA-N,CC[N+](CC)CCCN(c1ccccc1)C1Cc2ccccc2C1,"Doddareddy et al., 2010",,6.638272164,1
DDNUGAKPXYMUKR-UHFFFAOYSA-N,Cn1cc(Cn2cc(-c3ccc(F)c(C(C)(F)F)c3)cn2)cn1,US Patent,,6.583359493,1
KSYNJOQTXRFSTA-UHFFFAOYSA-N,OCCc1nccn1Cc1cn(-c2ccc(S(F)(F)(F)(F)F)cc2)nn1,US Patent,,6.580044252,1
HFLSARBZSBXRJZ-UHFFFAOYSA-N,CC(C)(Cc1ccccc1)NC1=NCCNC(c2ccccc2F)=C1,"Didziapetris et al., 2016",,6.568636236,1
LRTTWINCSMBJMM-UHFFFAOYSA-N,FC(F)Oc1cc(-c2cnn(Cc3ccn(C4CCCC4)n3)c2)ccc1Cl,US Patent,,6.552841969,1
BMHAOFYWKWENPC-QGZVFWFLSA-N,Fc1ccc(-c2cnc([C@H]3Cc4c([nH]c5ccccc45)CN3)[nH]2)cc1,PubChem,122179447,6.537602002,1
HNYYXWMFLVMBCN-KRWDZBQOSA-N,CNCC[C@H](Oc1ccc2ccccc2c1)c1cccs1,"Didziapetris et al., 2016",,6.522878745,1
JDVROHYUNYELGG-UHFFFAOYSA-N,Cc1ccc(C2=CC(NC(C)(C)Cc3ccccc3)=NCCN2)cc1,"Didziapetris et al., 2016",,6.522878745,1
ZDMQHMYHAWGOFZ-UHFFFAOYSA-N,CCCCCCCN(CC)CCCCc1ccc(NC=O)cc1,"Didziapetris et al., 2016",,6.482804102,1
MJJALKDDGIKVBE-UHFFFAOYSA-O,CC(C)(C)c1ccc(C(=O)CCC[NH+]2CCC(OC(c3ccccc3)c3ccccc3)CC2)cc1,"Konda et al., 2019",,6.480000159,1
DRGSZTLTIYQWJD-HSZRJFAPSA-N,CN(C1CCN(c2nc3ccccc3n2Cc2ccc(F)cc2)CC1)[C@@H]1NC=CC(=O)N1,"Doddareddy et al., 2010",,6.455931956,1
SSQZTXRWHHEVAP-UHFFFAOYSA-N,COc1cccc(-c2nnc(SSc3nnc(-c4cccc(OC)c4)n3C(C)C3CC4CCC3C4)n2C(C)C2CC3CCC2C3)c1,"Konda et al., 2019",,6.400000186,1
ZMHOBBKJBYLXFR-UHFFFAOYSA-O,CCC[S+]([O-])CCC[NH+](CC)CC(O)COc1ccc(C#N)cc1,"Konda et al., 2019",,6.359999833,1
ZMIXNTFGXGIDHD-UHFFFAOYSA-N,CCC[S+]([O-])CCC[N+](CC)CC(O)COc1ccc(C#N)cc1,"Doddareddy et al., 2010",,6.356547324,1
RTHCYVBBDHJXIQ-UHFFFAOYSA-O,C[NH2+]CCC(Oc1ccc(C(F)(F)F)cc1)c1ccccc1,"Konda et al., 2019",,6.34000018,1
SNZANDFROOHGOA-UHFFFAOYSA-N,C[N+]CCC(Oc1ccc(C(F)(F)F)cc1)c1ccccc1,"Doddareddy et al., 2010",,6.337242168,1
KBDDVRGQXURSDF-UHFFFAOYSA-N,c1ccc(CCCN2CCC(CNc3ncccn3)CC2)cc1,"Didziapetris et al., 2016",,6.327902142,1
IUPVZIBNXQRZJF-UHFFFAOYSA-N,CNCC(O)(Cc1cc2c(=O)c(C(=O)NCc3ccc(Cl)cc3)cn(C)c2s1)c1ccccn1,"Doddareddy et al., 2010",,6.301029996,1
UIEATEWHFDRYRU-XMMPIXPASA-O,CC(C)COC[C@@H](CN(Cc1ccccc1)c1ccccc1)[NH+]1CCCC1,"Konda et al., 2019",,6.2599999,1
SLVMESMUVMCQIY-UHFFFAOYSA-O,C[NH+]1CCCCC1CCN1c2ccccc2Sc2ccc([S+](C)[O-])cc21,"Konda et al., 2019",,6.2599999,1
AIUCZZNOIPJJNM-UHFFFAOYSA-N,Clc1ccc(-n2c(-c3cnc(NC4CCOCC4)nc3)cc3ccncc32)cc1,US Patent,,6.259637311,1
ZMSOBBRPDJQSNR-UHFFFAOYSA-N,C[N+]1CCCCC1CCN1c2ccccc2Sc2ccc([S+](C)[O-])cc21,"Doddareddy et al., 2010",,6.259637311,1
RKUNBYITZUJHSG-SPUOUPEWSA-O,C[NH+]1[C@H]2CC[C@@H]1C[C@H](OC(=O)C(CO)c1ccccc1)C2,"Konda et al., 2019",,6.250000251,1
JRHUUZPSMQIWBQ-PELRDEGISA-N,CC(C)(C)OC(=O)NCCN1CC2CN(C[C@H](O)COc3ccc(C#N)cc3)CC(C1)O2,"Didziapetris et al., 2016",,6.22184875,1
JQPWLGSLPUPUQJ-UHFFFAOYSA-N,N#Cc1ccc(-c2ccc(-c3nc4ccc(C(F)(F)F)cc4[nH]3)cc2)cc1,PubChem,71730881,6.210419288,1
AIGRXSNSLVJMEA-UHFFFAOYSA-N,CCOP(=S)(Oc1ccc([N+](=O)[O-])cc1)c1ccccc1,PubChem,16421,6.21013737,1
MHZZVGCHJXSMAS-UHFFFAOYSA-N,Fc1cccc(Oc2cc(F)cc(N3CCC4(CCNC4)CC3)c2)c1,US Patent,,6.199970641,1
SUAONMDAKPJEMZ-UHFFFAOYSA-N,N#Cc1ccc(Oc2ccccc2)c(N2CCC3(CC2)CNCCO3)c1,US Patent,,6.199970641,1
RGPLGPBQJOQFJS-UHFFFAOYSA-L,O=C1OC2(c3ccc([O-])cc3Oc3cc([O-])ccc32)c2ccccc21.[Na+].[Na+],PubChem,9885981,6.199970641,1
MSRIHXQVLZLNCJ-UHFFFAOYSA-N,CN(c1ccc2nc(Cc3ccc(Oc4ccccc4)cc3)[nH]c2c1)S(C)(=O)=O,"Didziapetris et al., 2016",,6.193820026,1
VRLHOPLBQZRORF-UHFFFAOYSA-N,O=[N+]([O-])c1ccc2nc(Cc3ccc(Oc4ccccc4)cc3)[nH]c2c1,"Didziapetris et al., 2016",,6.113509275,1
VYRSMGXIQJIWHO-UHFFFAOYSA-N,Cc1nccn1Cc1cn(-c2ccc(Cl)cc2Cl)nn1,US Patent,,6.109020403,1
RZKJUZNVAKAQIB-UHFFFAOYSA-N,NCC1(O)CCN(c2cc(F)c(F)c(Oc3cccc(F)c3)c2)CC1,US Patent,,6.100179498,1
NNDGBQCSFXUKBN-UHFFFAOYSA-N,N#Cc1cc(Oc2ccccc2)cc(N2CCC3(CC2)CNCCO3)c1,US Patent,,6.100179498,1
KIPFVRHNAAZJOD-UHFFFAOYSA-N,CCN(CC)CCCN(c1ccccc1)C1Cc2ccccc2C1.Cl,PubChem,71413,6.100015438,1
PPPVADQGCXVIIG-UHFFFAOYSA-N,CSc1nn2c(N3CCNCC3)c3c(nc2c1S(=O)(=O)c1ccccc1)CCC3,"Didziapetris et al., 2016",,6.096910013,1
RCTBNUPUXPZKMD-UHFFFAOYSA-N,CCSCN(c1ccc(Cl)c(Cl)c1)C1CCNCC1,"Didziapetris et al., 2016",,6.096910013,1
WTIFREIJFMTPOT-UHFFFAOYSA-N,c1cc(-c2cnn(Cc3cc[nH]n3)c2)cc(C2CC2)c1,US Patent,,6.080398976,1
MRBKMMZUVLPGTA-UHFFFAOYSA-N,Oc1cccc2nc(Cc3ccc(Oc4ccccc4)cc3)[nH]c12,"Didziapetris et al., 2016",,6.065501549,1
GFGDEBIFXMGQCV-UHFFFAOYSA-N,CC(C)(CCc1ccc(F)cc1)N1Cc2cccc(F)c2C1,US Patent,,6.040958608,1
SGGYOWOPGXLKDC-UHFFFAOYSA-N,Fc1ccc2c(C3C[N+]CCC3F)c(C3CCCCCC3)[nH]c2c1,"Doddareddy et al., 2010",,6.031517051,1
XKBGEWXEAPTVCK-UHFFFAOYSA-M,CCCCCCCC[N+](C)(CCCCCCCC)CCCCCCCC.[Cl-],PubChem,21218,6.010105436,1
PQAOCWPDIGYQJX-UHFFFAOYSA-N,Fc1cccc(Oc2cc(F)c(F)cc2N2CCC3(CCNCC34OCCO4)C2)c1,US Patent,,6,1
XFWSYJVLQVKQDN-UHFFFAOYSA-N,NCC1(O)CCN(c2cc(Oc3cccc(F)c3)cc(F)c2F)CC1,US Patent,,6,1
QGXOFEQXIHYJAU-BBWFWOEESA-N,N#C[C@@H]1CCCN1C(=O)[C@@H]1CN(Cc2ccc(-c3csnn3)cc2)C[C@@H]1N,"Didziapetris et al., 2016",,6,1
ONBFZEJYXQDCRE-UHFFFAOYSA-N,Clc1ccc(-c2cnn(Cc3cc[nH]n3)c2)cc1,US Patent,,5.982966661,1
LBYWWSCGWDYKNX-UHFFFAOYSA-N,CCn1cncc1Cn1cc(-c2ccc(Cl)cc2)cn1,US Patent,,5.974694135,1
DNZPRATYNIWQSM-FYPKQTSISA-N,C=CC1CN2CCC1C[C@H]2[C@@](C)(O)c1ccnc2ccc(OC)cc12,"Doddareddy et al., 2010",,5.970616222,1
LOUPRKONTZGTKE-LHHVKLHASA-O,C=C[C@H]1C[NH+]2CC[C@H]1C[C@@H]2[C@@H](O)c1ccnc2ccc(OC)cc12,"Konda et al., 2019",,5.970000124,1
FCSAXAFSJHHBEE-UHFFFAOYSA-N,N#Cc1ccc2nc(Cc3ccc(Oc4ccccc4)cc3)[nH]c2c1,"Didziapetris et al., 2016",,5.958607315,1
FKNGDDYLLFMSCD-UHFFFAOYSA-N,Cc1n[nH]c(C)c1CCn1cc(-c2ccc(Cl)cc2)cn1,US Patent,,5.936666641,1
MNZDOBBBEUPYAL-UHFFFAOYSA-N,CC(O)(c1ccccc1)C1C=CC(C(c2cc[n+](O)cc2)c2ccc(OC(F)F)c(OC(F)F)c2)=CN1,"Doddareddy et al., 2010",,5.928117993,1
VQDUUNLXNKNTSM-UHFFFAOYSA-N,CNCCCC1c2ccccc2CCc2ccccc21,"Munwar et al., 2019",,5.928117993,1
VCTHNOIYJIXQLV-UHFFFAOYSA-N,Cc1cccc(CN2CCN(C(c3ccccc3)c3ccc(Cl)cc3)CC2)c1.Cl.Cl,PubChem,64713,5.900008767,1
VMCOPKACEUYYIT-UHFFFAOYSA-O,Fc1ccc(-c2[nH]c3cc(F)ccc3c2C2CCC[NH2+]C2)cc1,"Konda et al., 2019",,5.889999849,1
VNCZMBMKODMGRG-QGZVFWFLSA-N,O=C(Nc1ccc([C@H]2CNCCO2)cc1)c1cnc(-c2ccccc2)s1,US Patent,,5.882728704,1
XADGEXPZZCPUIH-GVHAAITQSA-N,Cc1nc2c(n1C1CC3CCC(C1)N3CC[C@H](NC(=O)C1CCC(F)(F)CC1)c1ccsc1)CCN(C(=O)C(C)C)C2,US Patent,,5.866461092,1
HCYAFALTSJYZDH-UHFFFAOYSA-O,C[NH2+]CCCN1c2ccccc2CCc2ccccc21,"Konda et al., 2019",,5.860000083,1
AHTVNVWEYZJFPQ-UHFFFAOYSA-N,C[N+]CCCN1c2ccccc2CCc2ccccc21,"Doddareddy et al., 2010",,5.8569852,1
SBBRGPWRBVNCGM-UHFFFAOYSA-N,O=S(=O)(Nc1cccc(-c2nc(N3CCC(F)(F)CC3)sc2-c2ccncc2)c1F)c1cc(F)ccc1F,"Didziapetris et al., 2016",,5.853871964,1
VVTNGPQJVGKJLG-UHFFFAOYSA-N,COc1ccc(Cc2noc(C3=CC4(CCN(CC5CCCO5)CC4)c4ccccc43)n2)cc1,"Didziapetris et al., 2016",,5.853871964,1
MYRGKAVLHHTTPL-UHFFFAOYSA-N,CCOC(=O)C1CCC(N2CC(NC(=O)CN=C3NC(Cc4ccccc4)c4ccc(C(F)(F)F)cc43)C2)CC1,PubChem,135981707,5.853871964,1
IRYFCWPNDIUQOW-UHFFFAOYSA-N,COc1ccccc1N1CCN(CCCC(=O)c2ccc(F)cc2)CC1,PubChem,15139,5.850011544,1
MREBEPTUUMTTIA-UHFFFAOYSA-P,C[NH+]1CC[NH+](CCCCN2C(=O)CN(N=Cc3ccc(-c4ccc(Cl)cc4)o3)C2=O)CC1,"Konda et al., 2019",,5.84999986,1
FOGXXQUNEUICRC-UHFFFAOYSA-N,FC(F)(F)c1ccc2nc(-c3ccc(-c4cccnc4)cc3)[nH]c2c1,PubChem,71731010,5.845576027,1
XCVVTLOSGICGTJ-UHFFFAOYSA-N,CCn1c(NCC2CCCN2)nc2c([N+](=O)[O-])c(Br)c(Br)cc21,US Patent,,5.835647144,1
ZPEIMTDSQAKGNT-UHFFFAOYSA-O,C[NH+](C)CCCN1c2ccccc2Sc2ccc(Cl)cc21,"Konda et al., 2019",,5.830000114,1
MCYBRBNWERXVCC-UHFFFAOYSA-N,CCOCN(c1ccc(Cl)c(Cl)c1)C1CCNCC1,"Didziapetris et al., 2016",,5.823908741,1
KCPHNCFJFKSBMD-UHFFFAOYSA-N,CC(CN(C)C)CN1c2ccccc2[S+]([O-])c2ccc(C#N)cc21,"Didziapetris et al., 2016",,5.815308569,1
CKMHNXQNOFEKDS-QPLCGJKRSA-N,CC/C(=C(\c1ccccc1)c1ccc(OCC[N+](C)C)cc1)c1ccccc1,"Doddareddy et al., 2010",,5.801342913,1
NKANXQFJJICGDU-UHFFFAOYSA-O,CCC(=C(c1ccccc1)c1ccc(OCC[NH+](C)C)cc1)c1ccccc1,"Konda et al., 2019",,5.800000053,1
CPBUZCHPDATVEU-UHFFFAOYSA-N,Cn1ccc(Cn2cc(-c3cccc(OC(F)(F)F)c3)cn2)n1,US Patent,,5.798602876,1
OBLQTDRIHYWTHA-FZMZJTMJSA-N,CNC[C@@H](c1ccc(Cl)c(Cl)c1)[C@@H](O)c1ccsc1,US Patent,,5.795880017,1
MHJBZVSGOZTKRH-IZHYLOQSSA-N,CC/C(=C(\c1ccc(O)cc1)c1ccc(OCCNC)cc1)c1ccccc1,"Didziapetris et al., 2016",,5.795880017,1
NMQQDFFZFNMZMA-UHFFFAOYSA-N,Oc1ccc(-c2ccc(-c3nc4ccc(C(F)(F)F)cc4[nH]3)cc2)cc1,PubChem,136264975,5.784891419,1
UXLLXTLQVAJJIB-UHFFFAOYSA-M,CC(=O)[O-].c1ccc([Pb+](c2ccccc2)c2ccccc2)cc1,PubChem,16682953,5.760100183,1
PJMPHNIQZUBGLI-UHFFFAOYSA-O,CCC(=O)N(c1ccccc1)C1CC[NH+](CCc2ccccc2)CC1,"Konda et al., 2019",,5.739999966,1
UTOISRMSYNWABJ-UHFFFAOYSA-N,COc1cccc2cc3n(c12)CCN(CCCCNC(=O)c1cc2ccccc2cn1)C3,"Didziapetris et al., 2016",,5.735182177,1
FLSQVTUPJGNXGP-CVEARBPZSA-N,N[C@H]1CN(Cc2ccc(-c3csnn3)cc2)C[C@H]1C(=O)N1CCCC1,"Didziapetris et al., 2016",,5.721246399,1
CJMXSOYMIMJWMM-UHFFFAOYSA-N,COc1ccc2ncc(=O)c(CCC34CCC(NCc5ccc6c(n5)NC(=O)CO6)(CC3)CO4)c-2[nH]1,"Konda et al., 2019",,5.709999911,1
AGUDQAGJEVFOJY-UHFFFAOYSA-N,FC(F)(F)c1cccc(-c2c[nH]c(C3CCCCC3)n2)c1,"Didziapetris et al., 2016",,5.698970004,1
JPDCMOOBLLIEFK-UHFFFAOYSA-N,Fc1ccc(-c2cnn(CCc3cn[nH]c3)c2)cc1C(F)F,US Patent,,5.68613278,1
MRMFTZLAVBPMMZ-QAPCUYQASA-N,CNC[C@H](c1ccc2ccccc2c1)[C@H](O)c1ccc(Cl)s1,US Patent,,5.677780705,1
KLGZEZPTKHAQBU-UHFFFAOYSA-N,CCC(OC(C)=O)C(CC(C)[N+](C)C)(c1ccccc1)c1ccccc1,"Doddareddy et al., 2010",,5.661543506,1
MMAYTCMMKJYIAM-HRAXFBLQSA-N,CC[C@H]1C[C@H]2CN3CCc4c([nH]c5ccc(OC)cc45)C(C(=O)OC)(C2)[C@H]13,"Didziapetris et al., 2016",,5.647817482,1
OLUNPKFOFGZHRT-YGCVIUNWSA-N,CN(C/C=C/c1ccccc1)Cc1cccc2ccccc12.Cl,PubChem,5281098,5.621347775,1
AXPYABZPAWSUMG-UHFFFAOYSA-M,CCCCCCCCCC[N+](C)(CCCCCCCCCC)CCC[Si](OC)(OC)OC.[Cl-],PubChem,62253,5.610107745,1
ASDVEPNKQUBZQW-UHFFFAOYSA-N,Nc1ccc(-c2ccc(F)cc2)cc1NC(=O)c1ccc(N2CCNCC2)cn1,US Patent,,5.602059991,1
SPZFQVGCRNKKKI-UHFFFAOYSA-N,CC[N+](CC)CCCC(C)Nc1ccnc2cc(Cl)ccc12,"Doddareddy et al., 2010",,5.602059991,1
KEVXRPSKOOLJFC-UHFFFAOYSA-N,Fc1ccc2c(C3C[N+]CCC3F)c(C3=CNC=CC3)[nH]c2c1,"Doddareddy et al., 2010",,5.602059991,1
WHTVZRBIWZFKQO-UHFFFAOYSA-O,CC[NH+](CC)CCCC(C)Nc1ccnc2cc(Cl)ccc12,"Konda et al., 2019",,5.600000075,1
UTMPBYAPGSEZCC-UHFFFAOYSA-O,Fc1ccc2c(C3C[NH2+]CCC3F)c(C3=CNC=CC3)[nH]c2c1,"Konda et al., 2019",,5.600000075,1
HLUKNZUABFFNQS-ZMBIFBSDSA-N,COc1cc2c(cc1OC)CC(=O)N(CCCN(C)C[C@H]1Cc3cc(OC)c(OC)cc31)CC2.Cl,PubChem,3045381,5.599997654,1
XEEQGYMUWCZPDN-DOMZBBRYSA-O,O[C@@H](c1cc(C(F)(F)F)nc2c(C(F)(F)F)cccc12)[C@H]1CCCC[NH2+]1,"Konda et al., 2019",,5.589999963,1
WNZBBTJFOIOEMP-UHFFFAOYSA-N,OC(CCCN1CCC(O)(c2ccc(Cl)cc2)CC1)c1ccc(F)cc1,"Didziapetris et al., 2016",,5.585026652,1
KLOHYVOVXOUKQI-UHFFFAOYSA-N,CN1CCC(N(Cc2cccs2)c2ccccc2)CC1,PubChem,27901,5.571346955,1
RAFYHYBKKVGIIK-UHFFFAOYSA-N,CS(=O)(=O)c1cccc(-c2cnn(Cc3cc[nH]n3)c2)c1,US Patent,,5.57024772,1
SNOQUAQBRRZPHO-UHFFFAOYSA-N,COc1ccc(CC[N+](C)CCCC(C#N)(c2cc(OC)c(OC)c(OC)c2)C(C)C)cc1OC,"Doddareddy et al., 2010",,5.568636236,1
SDBHDSZKNVDKNU-UHFFFAOYSA-N,CC(C)(C)c1ccc(CN2CCN(C(c3ccccc3)c3ccc(Cl)cc3)CC2)cc1.Cl.Cl,PubChem,65463,5.54999737,1
SMNGUXOKYVUIRA-UHFFFAOYSA-N,N#Cc1cnc(Nc2ccncn2)s1,"Didziapetris et al., 2016",,5.537602002,1
PKPIKMRNRASAMG-UHFFFAOYSA-N,COc1c(NC(=O)Nc2ccc(Oc3ccnc(Nc4ccccc4)c3)c3ccccc23)cc(C(C)(C)C)cc1C(=O)NC1COC1,US Patent,,5.522878745,1
QSLMDECMDJKHMQ-UHFFFAOYSA-O,C[NH2+]CCCC12CCC(c3ccccc31)c1ccccc12,"Konda et al., 2019",,5.510000061,1
JJMQUHWUNDSOBS-MJGOQNOKSA-N,CN(C)C[C@H](c1ccc2ccccc2c1)[C@H](O)c1cccs1,US Patent,,5.508638306,1
WVKDEHFJODFZBT-UHFFFAOYSA-N,C[N+]CCCC12CCC(c3ccccc31)c1ccccc12,"Doddareddy et al., 2010",,5.508638306,1
IVASDCSVTRNREB-UHFFFAOYSA-N,O=S1(=O)CCNCC12CCN(c1nc(Oc3cccc(F)c3)cc(C(F)(F)F)n1)CC2,US Patent,,5.500038134,1
QSQQPMHPCBLLGX-UHFFFAOYSA-N,CNCCCCOc1ccccc1Cc1ccccc1,PubChem,2377,5.471340355,1
BCGWQEUPMDMJNV-UHFFFAOYSA-O,C[NH+](C)CCCN1c2ccccc2CCc2ccccc21,"Konda et al., 2019",,5.469999944,1
AKNQMEBLVAMSNZ-UHFFFAOYSA-N,Clc1ccc(C2(Cn3cncn3)OCCO2)c(Cl)c1,PubChem,43233,5.450004149,1
IZRPKIZLIFYYKR-UHFFFAOYSA-N,CN(C)CCOc1ccccc1Cc1ccccc1,PubChem,7077,5.450004149,1
DLNAKYFPFYUBDR-HDICACEKSA-O,Nc1ccc(C(=O)N2C[C@@H]3C[C@H](C2)C[NH+](Cc2ccccc2)C3)cc1,"Konda et al., 2019",,5.439999946,1
ADHVTOAGYGEFSM-IBGZPJMESA-N,Cc1ccc(F)cc1C(C)(C)C[C@@](O)(Cc1cc2ncncc2[nH]1)C(F)(F)F,"Didziapetris et al., 2016",,5.420216403,1
WVBVFBWFVVPNPZ-UHFFFAOYSA-N,CNC(=O)N1CCN(Cc2ccnc(Nc3ncc(C#N)s3)c2C)CC1,"Didziapetris et al., 2016",,5.416801226,1
DJBNUMBKLMJRSA-UHFFFAOYSA-O,O=C(NCC1CCCC[NH2+]1)c1cc(OCC(F)(F)F)ccc1OCC(F)(F)F,"Konda et al., 2019",,5.41000005,1
GBAGMXIXQLFBJR-UHFFFAOYSA-N,O=C(NCC1CCCC[N+]1)c1cc(OCC(F)(F)F)ccc1OCC(F)(F)F,"Doddareddy et al., 2010",,5.407823243,1
SUPKOOSCJHTBAH-UHFFFAOYSA-N,Nc1ncnc2c1ncn2CCOCP(=O)(O)O,PubChem,60172,5.399996913,1
NQDWSKCPAPDCEI-UHFFFAOYSA-N,O=S(=O)(CCN1CCC(Cc2ccccc2)CC1)c1ccc(O)cc1,"Didziapetris et al., 2016",,5.397940009,1
FBMKUZGGLYYTIT-UHFFFAOYSA-N,Fc1ccc2c(C3NCCCC3F)c(-c3ccccc3)[nH]c2c1,"Didziapetris et al., 2016",,5.397940009,1
APFLBUWSTCFNIE-UHFFFAOYSA-N,CNCC(Cc1cccs1)c1ccc2ccccc2c1,US Patent,,5.387216143,1
HGZIMTNVCYVDSN-UHFFFAOYSA-N,CC(C)n1c(NCC2CNCCO2)nc2c([N+](=O)[O-])c(Br)c(Br)cc21,US Patent,,5.379863945,1
NJZNJPXRRCEVDH-NHCUHLMSSA-N,CN(C)C[C@H](c1ccc2ccccc2c1)[C@H](O)c1ccccc1,US Patent,,5.366531544,1
YTQLAJDGTJISOD-UHFFFAOYSA-N,O=C1NCc2c(-c3ccccc3Cl)nc(=O)[nH]c2N1c1c(Cl)cccc1Cl,"Didziapetris et al., 2016",,5.337242168,1
MRAZBVXMLFFLEZ-UHFFFAOYSA-N,CNCC(Cc1ccccc1OC)c1ccc2ccccc2c1,US Patent,,5.327902142,1
ILLXGKQRCIUUJG-UHFFFAOYSA-N,Cc1ccc(OC2CCN(CCS(=O)(=O)c3ccc(O)cc3)CC2)cc1,"Didziapetris et al., 2016",,5.327902142,1
SPPVKBVIJXBYRI-UHFFFAOYSA-N,Clc1cc(Cl)cc(CN(C2CC2)C2CNC2)c1,"Didziapetris et al., 2016",,5.326979093,1
GPZNPXAPAFLRLB-UHFFFAOYSA-N,FC(F)c1cc(-c2cnn(Cc3ccn[nH]3)c2)ccc1Cl,PubChem,118864313,5.32330639,1
LPUCKLOWOWADAC-UHFFFAOYSA-M,C=C(C)C(=O)[O-].CCCC[Sn+](CCCC)CCCC,PubChem,16682828,5.310105372,1
HRNJHHNQCSRILM-UHFFFAOYSA-N,c1ccc(-c2[nH]c3ccccc3c2C2CCC[N+]C2)cc1,"Doddareddy et al., 2010",,5.30980392,1
FMXPLHPTIXIQOD-UHFFFAOYSA-N,Cc1ccc(C(=O)c2nccn2Cc2cn(-c3ccc(Cl)cc3)nn2)cc1,US Patent,,5.301029996,1
KEDAYBZXXNOGOP-LBPRGKRZSA-N,C[C@@H](c1cncs1)c1c(CCN(C)C)sc2ccccc12,PubChem,46884202,5.301029996,1
SFIHQZFZMWZOJV-HZJYTTRNSA-N,CCCCC/C=C\C/C=C\CCCCCCCC(N)=O,"Didziapetris et al., 2016",,5.301029996,1
XTKDAFGWCDAMPY-UHFFFAOYSA-N,O=C(CCCN1CCN(c2ccccn2)CC1)c1ccc(F)cc1,PubChem,15443,5.299997603,1
HQFWVSGBVLEQGA-UHFFFAOYSA-N,CCCCN(CCCC)CCCOC(=O)c1ccc(N)cc1,PubChem,2480,5.299997603,1
XYXXTYQXZFVRCG-SECBINFHSA-N,CC(C)n1c(N2CC[C@@H](N)C2)nc2c(C#N)c(Br)c(Br)cc21,US Patent,,5.286509457,1
OURXBHWDTWTBSH-UHFFFAOYSA-N,CN1CCN(c2ccc3cc(C(=O)Nc4cc(-c5ccco5)ccc4N)ncc3c2)CC1,US Patent,,5.283996656,1
PRWDHDKGFWVGCB-UHFFFAOYSA-N,Cc1[nH]nc2c1c(=O)n(CCCN)c1cc3c(cc21)CCCC3,"Didziapetris et al., 2016",,5.27572413,1
VZSXTYKGYWISGQ-UHFFFAOYSA-N,CN1CCC(N(Cc2ccccc2)c2ccccc2)CC1,PubChem,72075,5.271337857,1
TTWJBBZEZQICBI-UHFFFAOYSA-O,CC[NH+](CC)CCNC(=O)c1cc(Cl)c(N)cc1OC,"Konda et al., 2019",,5.269999997,1
DDHVVNWORMJVLB-UHFFFAOYSA-O,Fc1ccc2c(C3C[NH2+]CCC3F)c(C3CCCCCC3)[nH]c2c1,"Konda et al., 2019",,5.269999997,1
BZMNAEZFJDLGAL-DENIHFKCSA-N,CNC[C@H](c1ccc2ccccc2c1)[C@H](OC)c1ccc2c(c1)OCO2,US Patent,,5.26760624,1
HYKIIMZOXRYZDB-UHFFFAOYSA-N,CC[N+](CC)CCNC(=O)c1cc(Cl)c(N)cc1OC,"Doddareddy et al., 2010",,5.26760624,1
CRKULVZQVREUJN-UHFFFAOYSA-N,O=S(=O)(c1ccc2c(c1)CCNCC2)N1CCC(Cc2ccccc2Cl)C1,"Didziapetris et al., 2016",,5.26520017,1
PXQSCMURJHEJSY-UHFFFAOYSA-N,Cn1cncc1-c1cc2ccncc2n1-c1ccc(Cl)cc1,US Patent,,5.259637311,1
ANMSOARYIIUEQS-UHFFFAOYSA-N,O=c1cc(-c2cc3ccncc3n2-c2ccc(Cl)cc2)ccn1C1CC1,US Patent,,5.259637311,1
VMYXNYIVDBBERD-UHFFFAOYSA-N,O=c1cc(-c2cc3ccncc3n2-c2ccc(Cl)cc2)cc[nH]1,US Patent,,5.259637311,1
WFZPGJBHFFWPJO-UHFFFAOYSA-N,Fc1ccc(-n2c(-c3cnc(NCC4CC4)nc3)nc3ccncc32)cc1,US Patent,,5.259637311,1
KYYVAMJLDCNSAX-UHFFFAOYSA-N,Clc1ccc(-n2c(-c3ccc(Cn4ccnc4)cc3)nc3ccncc32)cc1,US Patent,,5.259637311,1
KLCAJPNNJWCSJD-UHFFFAOYSA-N,Cn1cc(-c2nc3ncc(Br)c(N4CCN(Cc5cccnc5)CC4)c3[nH]2)cn1,PubChem,57897195,5.259637311,1
NEDKIEZVBKFWHQ-UHFFFAOYSA-N,COCC1(C(=O)NCCN2CCC(c3cccc(C(F)(F)F)n3)CC2)CC1,US Patent,,5.251811973,1
GVXWRVFQOVOOLI-UHFFFAOYSA-N,O=C1NCc2c(-c3ccccc3Cl)nc(NC3CN4CCC3CC4)nc2N1c1c(Cl)cccc1Cl,"Didziapetris et al., 2016",,5.236572006,1
BGFSOIDVHVYBNO-UHFFFAOYSA-N,O=C(OC1Cc2ccccc2C1)N1CCC(CNc2ncccn2)CC1,"Didziapetris et al., 2016",,5.214670165,1
OUAMUESDSDOQPV-DHRITJCHSA-N,Cc1[nH]n(-c2cccc3ccccc23)c(=O)c1/C=N/c1sc2c(c1C#N)CCC2,PubChem,135490311,5.212539526,1
YSUXTNDMKYYZPR-UHFFFAOYSA-M,C=CC(=O)[O-].CCCC[Sn+](CCCC)CCCC,PubChem,16683072,5.210102143,1
VQGQUWIXGJVIKT-UHFFFAOYSA-N,CCS(=O)(=O)c1ccc2c(c1)nc(C(C)(C)C)n2COC(F)(F)F,"Didziapetris et al., 2016",,5.207608311,1
AJZJIYUOOJLBAU-ZYIUJVGZSA-N,C[C@@H](CN(C)C)CN1c2ccccc2Sc2ccccc21.C[C@@H](CN(C)C)CN1c2ccccc2Sc2ccccc21.O=C(O)[C@@H](O)[C@@H](O)C(=O)O,PubChem,6604495,5.199998172,1
GCTFWCDSFPMHHS-UHFFFAOYSA-M,CCCC[Sn](Cl)(CCCC)CCCC,PubChem,15096,5.160101061,1
NLCPRZAGRMCLTB-ZSEKCTLFSA-N,C[C@@H]1N=C(c2cccc(C#N)n2)N[C@@]1(c1ccc(F)cc1)c1ccc(F)nc1,PubChem,44139481,5.159266765,1
HDWIHXWEUNVBIY-UHFFFAOYSA-N,NS(=O)(=O)c1cc2c(cc1C(F)(F)F)NC(Cc1ccccc1)NS2(=O)=O,PubChem,2315,5.149997414,1
XTWPREAANUBKMC-IEBWSBKVSA-N,CNC[C@H](c1ccc2ccccc2c1)[C@H](O)c1ccc(Cl)nc1,US Patent,,5.124938737,1
ZZYHCCDMBJTROG-UHFFFAOYSA-N,CN(C)CCOc1ccccc1Cc1ccccc1.O=C(O)CC(O)(CC(=O)O)C(=O)O,PubChem,298107,5.121340355,1
DVNVOUZIXKMMQT-UHFFFAOYSA-N,COC12CCC3(CC1C(C)(O)C(C)(C)C)C1Cc4ccc(O)c5c4C3(CC[N+]1CC1CC1)C2O5,"Doddareddy et al., 2010",,5.120330794,1
YWEQSQFXPQSOOT-UHFFFAOYSA-N,Nc1ccc(-c2ccco2)cc1NC(=O)c1ccc2nc(N3CCNCC3)ccc2c1,US Patent,,5.119186408,1
MDMTUGIZSFHDIC-UHFFFAOYSA-N,CCCCc1nc(Cl)c(CO)n1Cc1ccc(-c2ccccc2-c2nn[n-]n2)cc1,"Doddareddy et al., 2010",,5.110138279,1
VQSYXEIAGGXRCQ-UHFFFAOYSA-N,CCOc1cc(N)c(Cl)cc1C(=O)NCC1C[N+](Cc2ccc(F)cc2)CCO1,"Doddareddy et al., 2010",,5.110138279,1
PFEFOYRSMXVNEL-UHFFFAOYSA-N,CC(C)(C)c1cc(C(C)(C)C)c(O)c(C(C)(C)C)c1,PubChem,12902,5.110104701,1
PSIFNNKUMBGKDQ-UHFFFAOYSA-N,CCCCc1nc(Cl)c(CO)n1Cc1ccc(-c2ccccc2-c2nnn[nH]2)cc1,"Doddareddy et al., 2010",,5.110003982,1
DTYZGPWHZUIKKN-UHFFFAOYSA-N,CCCCc1nc(Cl)c(CO)n1Cc1ccc(-c2ccccc2C2=N[N-]NN2)cc1,"Konda et al., 2019",,5.110000009,1
YPELFRMCRYSPKZ-UHFFFAOYSA-O,CCOc1cc(N)c(Cl)cc1C(=O)NCC1C[NH+](Cc2ccc(F)cc2)CCO1,"Konda et al., 2019",,5.110000009,1
VIVXWRRXKKDPKC-UHFFFAOYSA-N,NCC(Cc1ccccc1F)c1ccc2ccccc2c1,US Patent,,5.107905397,1
AWFXJOGQOJCNFN-UHFFFAOYSA-N,Cc1ncoc1-c1nnc(SCCCNC2CCC3CC32c2ccccc2)n1C,"Didziapetris et al., 2016",,5.100179498,1
IYDOAHOHMRQFTJ-UHFFFAOYSA-N,CN(C)C1CCC2(Cc3ccccc3Cc3ccccc32)C1,"Didziapetris et al., 2016",,5.100179498,1
UWTVKQZJBXVLFQ-UHFFFAOYSA-N,O=S1(=O)CCNCC12CCN(c1cc(F)c(F)cc1Oc1cccc(F)c1)CC2,US Patent,,5.100015438,1
ZVSKDFRXWJPINY-UHFFFAOYSA-N,CCc1ccc2c(c1)N(CC(C)CN(C)C)c1ccccc1S2.Cl,PubChem,71822,5.099999035,1
ZRNKXJHEQKMWCH-UHFFFAOYSA-N,COc1ccc(CCN(C)CCCN2CCc3cc(OC)c(OC)cc3CC2=O)cc1OC.Cl,PubChem,3045335,5.099999035,1
QOPBRVUVSGSTDY-MFKUBSTISA-N,CCCC[N+](CCCC)CC(O)c1cc(Cl)cc2c1-c1ccc(Cl)cc1/C2=C\c1ccc(Cl)cc1,"Doddareddy et al., 2010",,5.091514981,1
DYLGFOYVTXJFJP-UHFFFAOYSA-O,CCCC[NH+](CCCC)CC(O)c1cc(Cl)cc2c1-c1ccc(Cl)cc1C2=Cc1ccc(Cl)cc1,"Konda et al., 2019",,5.090000009,1
CJPSOUOLAPMNQT-DTIOYNMSSA-O,COC(=O)c1[nH]c2cc(F)ccc2c1C1C[NH2+]CC[C@@H]1F,"Konda et al., 2019",,5.090000009,1
FMGLIIJICDJHGU-DTIOYNMSSA-N,COC(=O)c1[nH]c2cc(F)ccc2c1C1C[N+]CC[C@@H]1F,"Doddareddy et al., 2010",,5.086186148,1
ZAJBALGZMIMWGY-MDZDMXLPSA-N,Cc1cc(/C=C/C(=O)c2cc3ccccc3s2)cc(C)c1OC(C)(C)C(=O)O,US Patent,,5.084072788,1
HXXKCCOYYFKOHT-UHFFFAOYSA-N,Cn1cc(Cn2cc(-c3ccc(Cl)cc3)cn2)cn1,US Patent,,5.081969663,1
ZEZPDHKACVMMCD-UHFFFAOYSA-N,C1=C(CSC(=NC2CCCCC2)NC2CCCCC2)N2CCN=C2S1,PubChem,11176403,5.070581074,1
LDJYQPLHXNCUPI-UHFFFAOYSA-N,CS(=O)(=O)c1nc(-c2ccccc2Cl)c2c(n1)N(c1c(Cl)cccc1Cl)C(=O)NC2,"Didziapetris et al., 2016",,5.045757491,1
WMUAUDVHENODTB-UHFFFAOYSA-N,Cn1cc(Cn2cc(-c3cccc(S(C)(=O)=O)c3)cn2)cn1,US Patent,,5.030118356,1
YVPXVXANRNDGTA-WDYNHAJCSA-N,COc1ccc2cc1Oc1ccc(cc1)C[C@H]1c3c(cc4c(c3Oc3cc5c(cc3OC)CCN(C)[C@@H]5C2)OCO4)CCN1C,PubChem,10206,5.021340243,1
RBGAHDDQSRBDOG-UHFFFAOYSA-N,Cc1nc2n(c(=O)c1CCN1CCC(C(=O)c3ccc(F)cc3)CC1)CCS2,PubChem,68604,5.021340243,1
JRFXDRYERZNJFJ-UHFFFAOYSA-O,C[NH+]1CCCC(c2c(-c3ccccc3)[nH]c3ccccc23)C1,"Konda et al., 2019",,5.019999994,1
JVQVZNATXHVKNL-UHFFFAOYSA-N,C[N+]1CCCC(c2c(-c3ccccc3)[nH]c3ccccc23)C1,"Doddareddy et al., 2010",,5.017728767,1
HZYCOVJPFLILNP-GOSISDBHSA-N,O=C(Nc1ccc([C@H]2CNCCO2)cc1)c1coc(-c2ccccc2)n1,US Patent,,5.015472687,1
HMXDWDSNPRNUKI-UHFFFAOYSA-N,CCc1c(C(=O)NN2CCCCC2)nn(-c2ccc(Cl)cc2Cl)c1-c1ccc(Br)cc1,PubChem,9849616,5.010105436,1
UHGHALWOVVUXKD-UHFFFAOYSA-N,CCC(=O)C(CC(C)[N+](C)C)(c1ccccc1)c1ccccc1,"Doddareddy et al., 2010",,5.010105436,1
USSIQXCVUWKGNF-UHFFFAOYSA-O,CCC(=O)C(CC(C)[NH+](C)C)(c1ccccc1)c1ccccc1,"Konda et al., 2019",,5.010000009,1
MYVGSZBCKCBYMQ-UHFFFAOYSA-N,Cn1ccc(Cn2cc(-c3ccccn3)cn2)n1,US Patent,,5,1
FGEUFBBIOSZEBO-UHFFFAOYSA-N,Clc1ccc(-n2c(-c3cnc(N4CCNCC4)o3)nc3ccncc32)cc1,US Patent,,5,1
RECFYTHQLNPCBY-UHFFFAOYSA-N,CN(C)c1ccc(-c2nc3ccncc3n2-c2ccc(F)cc2)cn1,US Patent,,5,1
WOHMWCGVHSYPFG-JENIJYKNSA-N,Cc1cccc(C2=CCN(CCNC(=O)[C@H]3C[C@@H]4CC[C@H]3O4)CC2)n1,US Patent,,5,1
RSZLIDQXPSCSIC-UHFFFAOYSA-N,CCCCNc1ncc2c(-c3ccc(S(=O)(=O)NC)cc3)nn(C3CCC(O)CC3)c2n1,"Didziapetris et al., 2016",,5,1
VTMJLFSAQVGRBC-UHFFFAOYSA-N,O=C(NCc1ccccc1)N1CCC(CNc2ncccn2)CC1,"Didziapetris et al., 2016",,5,1
MAUCYALFIUOTRM-UHFFFAOYSA-N,CS(=O)(=O)C1CCN(Cc2ccnc(Nc3ncc(C#N)s3)c2)CC1,"Didziapetris et al., 2016",,5,1
NRJVTEDJTWVQDN-UHFFFAOYSA-N,O=C1NCc2c(-c3ccccc3Cl)nc(N3CCc4[nH]ncc4C3)nc2N1c1c(Cl)cccc1Cl,"Didziapetris et al., 2016",,5,1
BKRDIDRNJIXOCB-UHFFFAOYSA-N,CC(C(=O)NS(=O)(=O)c1ccccc1Cl)c1ccc(OS(=O)(=O)C(F)(F)F)cc1,"Didziapetris et al., 2016",,5,1
SLRCRYMYKKJTJP-UHFFFAOYSA-N,CN(C)c1ccc(-c2ccc(OCCCN3CCCCC3)cc2)cc1,"Didziapetris et al., 2016",,5,1
JCGAMUKFIGRQFG-BMRFCAOMSA-N,CC(c1ccc(C#N)cc1)N1CC(C(=O)C2CCC[C@H]2C#N)[C@@H](N)C1,"Doddareddy et al., 2010",,5,1
KRMDCWKBEZIMAB-UHFFFAOYSA-O,C[NH+](C)CCC=C1c2ccccc2CCc2ccccc21,"Konda et al., 2019",,5,1
PFOLMILRZUSKJO-UHFFFAOYSA-O,O=C1NCCN1CC[NH+]1CC=C(c2cn(-c3ccc(F)cc3)c3ccc(Cl)cc23)CC1,"Konda et al., 2019",,5,1
DVKXLUNQHFSLPF-WGPBWIAQSA-N,O=C1C=C/C(=C2/N=C(C3CCN(Cc4ccc(-c5nc6cc[nH]c(=O)c6cc5-c5ccccc5)cc4)CC3)NN2)C=N1,"Konda et al., 2019",,5,1
YROQNLPSSUEPTR-UQBPGWFLSA-N,COCC1=C(C(=O)N2CCC[C@H]2c2cc(C)no2)[C@@H](c2cc3ccccc3n2C)N2NC(C(F)(F)F)=CC2=N1,"Konda et al., 2019",,5,1
MSGIBHWJHGBUEJ-UHFFFAOYSA-N,COc1cc(F)ccc1-c1cnn(Cc2ccn(C)n2)c1,US Patent,,5,1
UYFOFEJPPDSOCE-UHFFFAOYSA-N,COc1cc(F)ccc1-c1cnn(Cc2cc(C)nn2C)c1,US Patent,,5,1
NFEWVXJAYCJUDR-UHFFFAOYSA-N,CN1CCN(Cc2ccc(-c3nc4ccncc4n3-c3ccc(Cl)cc3)cc2)CC1,US Patent,,5,1
RYIWMFCNGOZYFZ-UHFFFAOYSA-N,Fc1cccc(Oc2cc(C(F)(F)F)nc(N3CCC4(CC3)CNCC(F)(F)O4)n2)c1,US Patent,,5,1
XHFCMJZTTZYLNE-MDZDMXLPSA-N,Cc1cc(/C=C/C(=O)c2cnc3ccccc3c2)cc(C)c1OC(C)(C)C(=O)O,US Patent,,5,1
AGUSBSWEUMEPIM-BTDLBPIBSA-N,C[C@@H]1N=C(c2cnsn2)N[C@@]1(c1ccc(F)cc1)c1ccc(F)nc1,PubChem,44139602,5,1
KOOGJYYOMPUGCW-UHFFFAOYSA-N,CCN(CC)CC(=O)Nc1c(C)cc(C)cc1C.Cl,PubChem,2843496,5,1
NBOMLQZMNMIYJK-UHFFFAOYSA-N,NS(=O)(=O)c1cccc(CN(c2cccc3[nH]ccc23)C2CCNCC2)c1,"Didziapetris et al., 2016",,5,1
DDKSIYXBCQRCLZ-UHFFFAOYSA-N,N#Cc1cccc(CN(c2cccc3[nH]ccc23)C2CCNCC2)c1,"Didziapetris et al., 2016",,5,1
IWAYMZQFOINIBE-UHFFFAOYSA-N,COc1cccc(CN(c2cccc3[nH]ccc23)C2CCNCC2)c1,"Didziapetris et al., 2016",,5,1
UDEOWBLYNNRBDI-UHFFFAOYSA-N,N#Cc1cnc(Nc2ccnc(N)n2)s1,"Didziapetris et al., 2016",,5,1
GPLUDMKPTRXKRC-UHFFFAOYSA-N,N#Cc1cnc(Nc2cc(N)ncn2)s1,"Didziapetris et al., 2016",,5,1
IAMYDXLMYQNHNO-UHFFFAOYSA-N,CC(OC(=O)N1CCC(CNc2ncccn2)CC1)c1ccccc1,"Didziapetris et al., 2016",,5,1
IQPLYVYZAILDSZ-UHFFFAOYSA-N,Cc1ccc(COC(=O)N2CCC(CN(C)c3ncccn3)CC2)cc1,"Didziapetris et al., 2016",,5,1
PPFNSHXKLMCXLU-UHFFFAOYSA-N,Cc1ccc(COC(=O)N2CCC(COc3ncccn3)CC2)cc1,"Didziapetris et al., 2016",,5,1
XOFKBZXMDGGJMM-UHFFFAOYSA-N,CN(C)CCOc1nc(-c2ccccc2Cl)c2c(n1)N(c1c(Cl)cccc1Cl)C(=O)NC2,"Didziapetris et al., 2016",,5,1
JNAZBAOZJHRDCG-UHFFFAOYSA-N,Clc1ccc(CNCCOc2ccc3ccccc3c2Cl)o1,"Didziapetris et al., 2016",,5,1
JCWJSNIUPWLSJT-UHFFFAOYSA-N,Clc1c(OCCNCc2cccs2)ccc2ccccc12,"Didziapetris et al., 2016",,5,1
ARKJNXXISTZQRK-UHFFFAOYSA-N,CC(C)[N+]CC(O)COc1cccc2ccccc12,"Doddareddy et al., 2010",,5,1
AQHHHDLHHXJYJD-UHFFFAOYSA-O,CC(C)[NH2+]CC(O)COc1cccc2ccccc12,"Konda et al., 2019",,5,1
ICNIVTHKZKRHPD-YNFNDHOQSA-N,C[C@]12CC[C@@H]3[C@H]4CCC(=O)C=C4CC[C@H]3[C@@H]1CC[C@@H]2OC(=O)CCc1ccco1,PubChem,111318,4.971339295,0
RXRGZNYSEHTMHC-MLWJPKLSSA-N,Nc1ccn(C2CO[C@H](CO)O2)c(=O)n1,PubChem,151173,4.971339295,0
HGERVBWCKKJBMC-LJQANCHMSA-N,O=C(Nc1ccc([C@H]2CNCCO2)cc1)c1ccn(-c2ccccc2)n1,US Patent,,4.968591536,0
YXMBEECTJRWXGW-GOSISDBHSA-N,Cc1c(C(=O)Nc2ccc([C@H]3CNCCO3)cc2)n[nH]c1-c1ccccc1,US Patent,,4.967381239,0
BMSHQZWQPJMOJN-UHFFFAOYSA-N,Cc1nn(C)c(C)c1-c1nc2ncc(Br)c(N3CCN(Cc4cccnc4)CC3)c2[nH]1,PubChem,57897151,4.966576245,0
UQNYQQKYHAYDBS-UHFFFAOYSA-N,Cc1cc(F)ccc1-c1ccn2c(CC3CC3(F)F)nnc2c1Cl,US Patent,,4.950394387,0
PPWHTZKZQNXVAE-UHFFFAOYSA-N,CCCCNc1ccc(C(=O)OCCN(C)C)cc1.Cl,PubChem,8695,4.949999402,0
FSRLGULMGJGKGI-BTJKTKAUSA-N,CCC(COC(=O)c1cc(OC)c(OC)c(OC)c1)(c1ccccc1)N(C)C.O=C(O)/C=C\C(=O)O,PubChem,5388977,4.949999402,0
QAGYKUNXZHXKMR-HKWSIXNMSA-O,Cc1c(O)cccc1C(=O)N[C@@H](CSc1ccccc1)[C@H](O)C[NH+]1C[C@H]2CCCC[C@H]2C[C@H]1C(=O)NC(C)(C)C,"Konda et al., 2019",,4.940000008,0
DOMXUEMWDBAQBQ-WEVVVXLNSA-N,CN(C/C=C/C#CC(C)(C)C)Cc1cccc2ccccc12,PubChem,1549008,4.92134022,0
LGMSNQNWOCSPIK-LWHGMNCYSA-N,CN1CC[C@H](c2c(O)cc(O)c3c(=O)cc(-c4ccccc4Cl)oc23)[C@H](O)C1.Cl,PubChem,9910986,4.92134022,0
HWZPXVTVANPWNG-BZNIZROVSA-N,CNC[C@H](c1ccc(Cl)c(Cl)c1)[C@H](O)c1cccc(OC)n1,US Patent,,4.920818754,0
ZKJCGFWCOOBGQE-UHFFFAOYSA-N,Cc1nc(N2CCNCC2)sc1C(=O)Nc1cc(-c2cccs2)ccc1N,US Patent,,4.920818754,0
QIRAYNIFEOXSPW-UHFFFAOYSA-N,CCC(O)C(CC(C)N(C)C)(c1ccccc1)c1ccccc1,"Didziapetris et al., 2016",,4.920818754,0
ZTRWHUJIONDEEE-UHFFFAOYSA-N,Nc1ccc(-c2ccncc2)cc1NC(=O)c1cnc(N2CCNCC2)s1,US Patent,,4.920818754,0
NRNXGMAKBYHOCC-UHFFFAOYSA-N,O=C(OC1CC2CC3CC(C1)[N+]2CC3O)c1c[nH]c2ccccc12,"Doddareddy et al., 2010",,4.920095532,0
MLWGAEVSWJXOQJ-UHFFFAOYSA-O,O=C(OC1CC2CC3CC(C1)[NH+]2CC3O)c1c[nH]c2ccccc12,"Konda et al., 2019",,4.920000013,0
PMBRUJZGSHBGAZ-UHFFFAOYSA-N,CC(C)(C)S(=O)(=O)c1ccc2nccc(Nc3[nH]nc4ncc(F)cc34)c2c1,PubChem,54674292,4.915781313,0
IHQLBTUWFJZXJZ-UHFFFAOYSA-N,OC(c1cn2ccsc2n1)c1cc(-c2ncnc3cc(N4CCOCC4)ccc23)c(F)cc1F,US Patent,,4.903089987,0
VURHFAWQGNOLNC-UHFFFAOYSA-N,OC(c1ccc(-c2ncnc3cc(N4CCOCC4)ccc23)s1)c1nccs1,US Patent,,4.903089987,0
WOVAFKFUVFDHBB-UHFFFAOYSA-N,Cc1[nH]nc2c1CN(C1=NC(NCc3c(F)cccc3C(F)(F)F)c3cccc(C(N)=O)c3N1)C2,PubChem,145969706,4.900001867,0
DMRHOZBCVOAFHR-UHFFFAOYSA-N,CC[N+](CC)(CC(=O)Nc1c(C)cccc1C)Cc1ccccc1.O=C1N=S(=O)([O-])c2ccccc21,PubChem,64772,4.892698431,0
OOSUDWRRWZVFEB-UHFFFAOYSA-N,CC1(C)CN2C(CSC(=NC3CCCCC3)NC3CCCCC3)=CSC2=N1,"Didziapetris et al., 2016",,4.879426069,0
TXLCJMHILCSZJG-QNTYDACNSA-N,C[C@]12CC[C@@H]3[C@H]4CCC(=O)C=C4CC[C@H]3[C@@H]1CC[C@@H]2OC(=O)CCC1CCCCC1,PubChem,101905,4.87133907,0
KGCNHWXDPDPSBV-UHFFFAOYSA-N,O=[N+]([O-])c1ccc(CCl)cc1,PubChem,7482,4.867272959,0
XEBWQGVWTUSTLN-UHFFFAOYSA-M,CC(=O)[O-].[Hg+]c1ccccc1,PubChem,16682730,4.863888506,0
FSYBENFNTMFBSX-DINWUYGQSA-N,O=C(CN1C(=O)C2(CCCCC2)OC1c1cc(F)cc(F)c1)Nc1ccc2c(c1)C[C@@]1(C2)C(=O)Nc2ncccc21,"Didziapetris et al., 2016",,4.853871964,0
VUTWLIQMSKQEAU-UHFFFAOYSA-N,COc1ccc2c(=O)n(C)c(C#N)c(-c3ccccc3)c2c1,"Doddareddy et al., 2010",,4.853871964,0
JTEGQNOMFQHVDC-RQJHMYQMSA-N,Nc1ccn([C@H]2CS[C@@H](CO)O2)c(=O)n1,PubChem,73339,4.849999245,0
WKEMJKQOLOHJLZ-UHFFFAOYSA-N,CN(C)CCc1c[nH]c2ccc(CS(=O)(=O)N3CCCC3)cc12,PubChem,123606,4.849999245,0
NRZWYNLTFLDQQX-UHFFFAOYSA-N,CCC(C)(C)c1ccc(O)cc1,PubChem,6643,4.849999245,0
WOZSCQDILHKSGG-UHFFFAOYSA-N,CC(C)(C)C(=O)OCOP(=O)(COCCn1cnc2c(N)ncnc21)OCOC(=O)C(C)(C)C,PubChem,60871,4.849999245,0
XKLMZUWKNUAPSZ-UHFFFAOYSA-P,COc1ccccc1OCC(O)C[NH+]1CC[NH+](CC(=O)Nc2c(C)cccc2C)CC1,"Konda et al., 2019",,4.839999991,0
MHIRFBQJARARKL-UHFFFAOYSA-N,COc1ccccc1OCC(O)C[N+]1CC[N+](CC(=O)Nc2c(C)cccc2C)CC1,"Doddareddy et al., 2010",,4.835647144,0
DTJQBBHYRQYDEG-FPBGVPCVSA-N,COCCC1C[C@H]2CN3CCc4c([nH]c5ccccc45)C(C(=O)OC)(C2)C13,"Didziapetris et al., 2016",,4.826813732,0
RZVINYQDSSQUKO-UHFFFAOYSA-N,C=CC(=O)OCCOc1ccccc1,PubChem,39485,4.810316024,0
JHRWWRDRBPCWTF-UHFFFAOYSA-N,O=C1C2CC=CCC2C(=O)N1SC(Cl)(Cl)C(Cl)Cl,PubChem,17038,4.810102814,0
XQTLDIFVVHJORV-UHFFFAOYSA-N,O=[N+]([O-])c1c(Cl)c(Cl)cc(Cl)c1Cl,PubChem,8330,4.810102814,0
GNBHRKFJIUUOQI-UHFFFAOYSA-N,O=C1OC2(c3ccc(O)cc3Oc3cc(O)ccc32)c2ccccc21,PubChem,16850,4.810049528,0
OLZWOORXDWFBII-FZNYLWTLSA-N,C[C@H]1C[C@H]2CSC(N)=N[C@@]2(c2ccc(F)cc2F)CO1,PubChem,73507167,4.801342913,0
OWWVHQUOYSPNNE-UHFFFAOYSA-N,CCOc1ccc(C(=O)OCCN(CC)CC)cc1,PubChem,7183,4.800000875,0
IQPSEEYGBUAQFF-UHFFFAOYSA-N,COc1ccnc(C[S+]([O-])c2nc3ccc(OC(F)F)cc3[nH]2)c1OC,PubChem,4679,4.800000875,0
WEVPTJAEKGQKSS-GCJKJVERSA-N,CN(C)C(=O)N1NC(c2cc(F)ccc2F)=C[C@@]1(CC[C@@H](N)C(F)F)c1ccccc1,"Didziapetris et al., 2016",,4.798602876,0
PCWRXBYSADPRLU-UHFFFAOYSA-N,CC(C)(N)c1ncc(-c2ccccc2)[nH]1,PubChem,59019389,4.795880017,0
SDCXTUBNZMRVIX-UHFFFAOYSA-N,COc1ccc(-c2cnc(C(C)(C)N)[nH]2)cc1,PubChem,65459575,4.795880017,0
IEEMODLUHCUAEF-UHFFFAOYSA-N,COc1ccc(-c2ccn3c(CC4CC4(F)F)nnc3c2Cl)cc1F,US Patent,,4.792365633,0
FGDBXOANGGQWML-WOJBJXKFSA-N,CNC[C@H](c1ccc2ccccc2c1)[C@H](N)c1ccccc1,US Patent,,4.769551079,0
VMAMSACVMZULQC-UHFFFAOYSA-N,COC(=O)c1ccc(-c2ccn3c(CC4CC4(F)F)nnc3c2)c(F)c1,US Patent,,4.762959209,0
RJGHQTVXGKYATR-UHFFFAOYSA-L,CCCC[Sn](Cl)(Cl)CCCC,PubChem,12688,4.760102683,0
IVDRCZNHVGQBHZ-UHFFFAOYSA-N,CCCCOCCOC(=O)COc1nc(Cl)c(Cl)cc1Cl,PubChem,47455,4.760102683,0
RRFGSWMKSSCUSU-UHFFFAOYSA-M,CC(O)C(=O)[O-].[Hg+]c1ccccc1,PubChem,16683023,4.760102683,0
VHGJAFIHUSTRGB-UHFFFAOYSA-N,Nc1ccc2c3c(cccc13)-c1ccccc1-2,PubChem,17599,4.755396353,0
DBZJJPROPLPMSN-UHFFFAOYSA-N,O=C1OC2(c3ccccc31)c1cc(Br)c(O)c(Br)c1Oc1c2cc(Br)c(O)c1Br,PubChem,27020,4.753521116,0
VCKUSRYTPJJLNI-CQSZACIVSA-N,COc1cc2nc(N3CCN(C(=O)[C@H]4CCCO4)CC3)nc(N)c2cc1OC,"Munwar et al., 2019",,4.752026734,0
RXMUPNVSYKGKMY-UHFFFAOYSA-N,CN(C)c1nc(N)c(C(=O)NC(=N)N)nc1Cl,"Konda et al., 2019",,4.750000003,0
IIUPTHVVXMBJMQ-UHFFFAOYSA-N,CN(C)c1nc(N)c(C(=O)N=C(N)N)nc1Cl.Cl,PubChem,11957442,4.749999856,0
ZXJJBDHPUHUUHD-UHFFFAOYSA-N,COc1ccc(-c2cc(=O)c3c(OC)cc(OC)cc3o2)cc1,"Didziapetris et al., 2016",,4.735182177,0
XTIUAXFQEAMQRU-UHFFFAOYSA-N,CCCCNc1ccc(C(=O)OCC[NH+](CC)CC)cc1.[Cl-],PubChem,27891,4.721340125,0
VGLGVJVUHYTIIU-UHFFFAOYSA-N,C=CCSCC1Nc2cc(Cl)c(S(N)(=O)=O)cc2S(=O)(=O)N1,PubChem,2122,4.721340125,0
LKYQLAWMNBFNJT-UHFFFAOYSA-N,CCOC(=O)C1(c2ccccc2)CCN(CCc2ccc(N)cc2)CC1,PubChem,8944,4.721340125,0
MHQWTMHITCVCBY-WBMJQRKESA-N,CNC[C@H](c1ccc(Cl)c(Cl)c1)[C@@H](O)c1ccccc1[N+](=O)[O-],US Patent,,4.721246399,0
UOYWGKDKOJANLM-NHCUHLMSSA-N,CN(C)C[C@H](c1ccc2ccccc2c1)[C@H](N)c1ccccc1,US Patent,,4.721246399,0
VMKVDAAFMQKZJS-LFIBNONCSA-N,COc1c(N2CCC/C(=C(\F)CN)C2)c(F)cc2c(=O)c(C(=O)O)cn(C3CC3)c12,"Didziapetris et al., 2016",,4.714442691,0
FXCYGAGBPZQRJE-ZHACJKMWSA-N,C=CCCC(=O)/C=C/C1C(C)=CCCC1(C)C,PubChem,5365976,4.710050029,0
QTFWXVJHEFHBIN-UHFFFAOYSA-N,Cc1cccnc1CN1CCC2(NC(=O)N(c3ccc(-c4ccccc4)cc3)C2=O)C(C(=O)O)C1,"Didziapetris et al., 2016",,4.698970004,0
IRXAEZFKUGBIIX-UHFFFAOYSA-N,C(#Cc1ccc2ccccc2n1)c1ccccn1,PubChem,17915602,4.692503962,0
SOYKEARSMXGVTM-UHFFFAOYSA-O,C[NH+](C)CCC(c1ccc(Cl)cc1)c1ccccn1,"Konda et al., 2019",,4.680000006,0
DTANZUXBNYHQGY-UZLBHIALSA-N,CNC[C@H](c1ccc(Cl)c(Cl)c1)[C@@H](O)c1ccccc1-c1cccs1,US Patent,,4.677780705,0
SLLJGKSNGCFBSH-UHFFFAOYSA-N,C[N+](C)CCC(c1ccc(Cl)cc1)c1ccccn1,"Doddareddy et al., 2010",,4.677780705,0
ISAVYTVYFVQUDY-UHFFFAOYSA-N,CC(C)(C)CC(C)(C)c1ccc(O)cc1,PubChem,8814,4.671339114,0
MWBPRDONLNQCFV-UHFFFAOYSA-N,CC(C)N(C(=O)SCC(Cl)=C(Cl)Cl)C(C)C,PubChem,5543,4.665767474,0
KGRVJHAUYBGFFP-UHFFFAOYSA-N,Cc1cc(Cc2cc(C)cc(C(C)(C)C)c2O)c(O)c(C(C)(C)C)c1,PubChem,8398,4.66010356,0
HHQAGBQXOWLTLL-UHFFFAOYSA-N,C=CC(=O)OCC(O)COc1ccccc1,PubChem,4443516,4.66010356,0
YPACMOORZSDQDQ-UHFFFAOYSA-N,Nc1ccc(C(=O)OCCCOC(=O)c2ccc(N)cc2)cc1,PubChem,93312,4.66010356,0
ZDYJWDIWLRZXDB-UHFFFAOYSA-N,ClC(Cl)=C(c1ccc(Cl)cc1)c1ccccc1Cl,PubChem,246598,4.66010356,0
OSOIQJGOYGSIMF-UHFFFAOYSA-N,O=C1CCCCCCCCCCCCCC1,PubChem,10409,4.660049953,0
ABRIMXGLNHCLIP-UHFFFAOYSA-N,O=C1CCCC=CCCCCCCCCCC1,PubChem,162268,4.660049953,0
BXNANOICGRISHX-UHFFFAOYSA-N,CCOP(=S)(OCC)Oc1ccc2c(C)c(Cl)c(=O)oc2c1,PubChem,2871,4.655185428,0
QUNXIQXRXOIXOR-UHFFFAOYSA-N,Brc1cccc2nc(C#Cc3ccccn3)ccc12,PubChem,71563078,4.643974143,0
AKHXXQAIVSMYIS-UHFFFAOYSA-N,CCCCCC1Nc2cc(C(F)(F)F)c(S(N)(=O)=O)cc2S(=O)(=O)N1,PubChem,4726,4.621338695,0
KULDXINYXFTXMO-UHFFFAOYSA-N,Cc1c(Cl)c(=O)oc2cc(OP(=O)(OCCCl)OCCCl)ccc12,PubChem,9454,4.621338695,0
NZBGFGGNLREHFL-UHFFFAOYSA-N,Cl.Cl.c1ccc(CNCCNCc2ccccc2)cc1,PubChem,2728761,4.621338695,0
VGDDOIZXGFJDRC-VJTSUQJLSA-N,COc1cc(N)c(Cl)cc1C(=O)N[C@@H]1CCN(CCCCCC(=O)O[C@H]2CN3CCC2CC3)C[C@@H]1OC,"Doddareddy et al., 2010",,4.610461823,0
VWTINHYPRWEBQY-UHFFFAOYSA-N,CC[N+](CC)(CC(=O)Nc1c(C)cccc1C)Cc1ccccc1.O=C([O-])c1ccccc1,PubChem,19518,4.610104205,0
ICKWICRCANNIBI-UHFFFAOYSA-N,CC(C)(C)c1ccc(O)c(C(C)(C)C)c1,PubChem,7311,4.610104205,0
GLDWASBMYWLQGG-UHFFFAOYSA-N,CCCCOCCOC(=O)COc1cc(Cl)c(Cl)cc1Cl,PubChem,17349,4.610104205,0
GJESUBAPEJHPIP-UHFFFAOYSA-N,CC(C)(C)n1cc(C(O)c2cc(-c3ncnc4cc(N5CCOCC5)ccc34)cnc2F)cn1,US Patent,,4.602059991,0
ZYEYIBTVJPAKBV-UHFFFAOYSA-N,Cc1nc(C(O)c2ccc(F)c(-c3ncnc4cc(N5CCOCC5)ccc34)c2)sc1CO,US Patent,,4.602059991,0
PNOUMLBQVUAYPF-UHFFFAOYSA-N,OC(c1ccc(F)c(-c2ncnc3cc(C4=CCOCC4)ccc23)c1)c1nccs1,US Patent,,4.602059991,0
KRHAYZCIDMXCEA-UHFFFAOYSA-N,Cc1nccnc1Cc1ccc(F)c(-c2ncnc3cc(N4CCOCC4)ccc23)c1,US Patent,,4.602059991,0
INTDVNQLZOTAHT-UHFFFAOYSA-N,Fc1cc(Cl)c(Cc2ccc3nccn3n2)cc1-c1ncnc2cc(N3CCOCC3)ccc12,US Patent,,4.602059991,0
DZHBDWWVTHRARH-UHFFFAOYSA-N,CC[N+](CC)CC#CCOC(=O)C(O)(c1ccccc1)C1CCCCC1,"Doddareddy et al., 2010",,4.600153287,0
XIQVNETUBQGFHX-UHFFFAOYSA-O,CC[NH+](CC)CC#CCOC(=O)C(O)(c1ccccc1)C1CCCCC1,"Konda et al., 2019",,4.600000005,0
VVOIQBFMTVCINR-WWMZEODYSA-N,CC(C)(C)C(=O)OCC(=O)[C@H]1CC[C@H]2[C@@H]3CCC4=CC(=O)CC[C@]4(C)[C@H]3CC[C@]12C,PubChem,11876263,4.599999383,0
CSSVMZXGVYOUCF-AWEZNQCLSA-N,C[C@H]1CC(=O)NN=C1c1ccc(OC2CCN(C3CCC3)CC2)cc1,"Didziapetris et al., 2016",,4.568636236,0
BGNXCDMCOKJUMV-UHFFFAOYSA-N,CC(C)(C)c1cc(O)ccc1O,PubChem,16043,4.550000452,0
OQRZOIAWKDPWFN-UHFFFAOYSA-N,Cc1nn(C2(CC#N)CN(S(=O)(=O)C(C)C)C2)cc1-c1ncnc2[nH]ccc12,US Patent,,4.522878745,0
DWSBFBNKOHQARX-INIZCTEOSA-N,CC#Cc1cccc2cc([C@H](C)Nc3ncnc(N)c3-c3nc(C)no3)n(-c3ccccc3)c(=O)c12,US Patent,,4.522878745,0
JWZZKOKVBUJMES-UHFFFAOYSA-N,CC(C)NCC(O)c1ccc(O)c(O)c1,"Didziapetris et al., 2016",,4.522878745,0
VOXZDWNPVJITMN-ZBRFXRBCSA-N,C[C@]12CC[C@@H]3c4ccc(O)cc4CC[C@H]3[C@@H]1CC[C@@H]2O,"Didziapetris et al., 2016",,4.522878745,0
TXDIRJCYNAWBOS-UHFFFAOYSA-N,COc1cc(N2CCN(C(C)=O)CC2)ccc1Nc1ncc(Cl)c(Nc2ccc(N3CCN(C(C)=O)CC3)cc2OC)n1,"Didziapetris et al., 2016",,4.522878745,0
ABZSPJVXTTUFAA-UHFFFAOYSA-N,CC(=O)Nc1ccc(C(=O)Nc2cc(-c3cccs3)ccc2N)cc1,"Didziapetris et al., 2016",,4.522878745,0
DRPLFNCFTTTYDG-HIFRSBDPSA-N,CC(C)(C)c1cc(NC(=O)n2ccc3ncc(OC4=NC=N[C@H]5CNC[C@@H]45)cc32)no1,"Didziapetris et al., 2016",,4.522878745,0
BSYRUCVRUZESMD-UHFFFAOYSA-N,Nc1ccccc1NC(=O)c1ccc2nc(N3CCNCC3)ccc2c1,US Patent,,4.522878745,0
XSDQTOBWRPYKKA-UHFFFAOYSA-N,NC(N)=NC(=O)c1nc(Cl)c(N)nc1N,PubChem,16231,4.522878745,0
KQKPFRSPSRPDEB-UHFFFAOYSA-N,CNS(=O)(=O)Cc1ccc2[nH]cc(CCN(C)C)c2c1,"Didziapetris et al., 2016",,4.522878745,0
VOQOSEZOWYQTLZ-AIBWNMTMSA-N,COc1ccc(-c2csc(NC(=O)[C@H]3CCCCC3S(=O)(=O)c3ccc(C)cc3)n2)cc1,"Didziapetris et al., 2016",,4.522878745,0
ZXZKBUDCPJISJW-UHFFFAOYSA-N,Cn1ccnc1C(=O)N1CCC(c2ccc(C(=O)N=C(N)N)cc2C(F)(F)F)CC1,"Konda et al., 2019",,4.520000003,0
WYKRFGYHTDMMFI-UHFFFAOYSA-N,N#Cc1cccc(C(=O)N2CCC(c3ccc(C(=O)N=C(N)N)cc3C(F)(F)F)CC2)c1,"Konda et al., 2019",,4.520000003,0
PNEVDCGZQWFIKV-UHFFFAOYSA-N,Cl.Nc1ccc(Nc2ccccc2)cc1,PubChem,75146,4.514693196,0
BUDBHJPMAKXMLD-UHFFFAOYSA-N,CCOC(=O)c1cc(-c2ccccc2)nc2ccc(C)cc12,PubChem,68089,4.499999679,0
AAOVKJBEBIDNHE-UHFFFAOYSA-N,CN1C(=O)CN=C(c2ccccc2)c2cc(Cl)ccc21,"Doddareddy et al., 2010",,4.499999679,0
ZJJZCHNTRMUXMT-UHFFFAOYSA-N,Cc1ncc(-c2nc(Nc3ccc(C(=O)N4CCCN(C)CC4)cc3)ncc2F)n1C(C)C,"Didziapetris et al., 2016",,4.494850022,0
PIVWQJWSBSARTK-UHFFFAOYSA-N,O=C1CN(C(=O)c2ccc(C3(c4ccc(OCc5ccccn5)cc4)CCCO3)cn2)CN1,"Didziapetris et al., 2016",,4.494850022,0
DXWSRDANJHTZPC-UHFFFAOYSA-N,Cc1ncc(CNC2CCN(CCN3C(=O)C=CC4C3C=CC(=O)N4C)CC2)cc1C#N,"Didziapetris et al., 2016",,4.48148606,0
WWCABWLHQIWGCT-HKUYNNGSSA-N,CNC[C@@H](c1ccc2ccccc2c1)[C@H](O)c1ccccn1,US Patent,,4.48148606,0
ZYQBVZPSYAIUDW-WOJBJXKFSA-N,CNC[C@H](c1ccc2ccccc2c1)[C@H](O)c1cncc(OC)c1,US Patent,,4.48148606,0
BTAPSWASIYDXGD-UHFFFAOYSA-N,COc1cccc(-c2cccc(C3(C)N=C(N)CN3C=O)c2)c1,"Didziapetris et al., 2016",,4.48148606,0
QTYCMDBMOLSEAM-UHFFFAOYSA-N,CC(C)C1CCC(Cc2ccc(Cl)cc2)C1(O)Cn1cncn1,PubChem,86211,4.464264213,0
WFJIVOKAWHGMBH-UHFFFAOYSA-N,CCCCCCc1ccc(O)cc1O,PubChem,3610,4.460103784,0
ZDTNHRWWURISAA-UHFFFAOYSA-N,O=C1OC2(c3ccccc31)c1ccc(O)c(Br)c1Oc1c2ccc(O)c1Br,PubChem,11689,4.460103784,0
IAJNXBNRYMEYAZ-UHFFFAOYSA-N,CCOC(=O)C(C#N)=C(c1ccccc1)c1ccccc1,PubChem,243274,4.460103784,0
VXLCNTLWWUDBSO-UHFFFAOYSA-N,CCC1Nc2cc(Cl)c(S(N)(=O)=O)cc2S(=O)(=O)N1,PubChem,15763,4.450000476,0
LWQQLNNNIPYSNX-UROSTWAQSA-N,C=C1/C(=C\C=C2/CCC[C@@]3(C)[C@H]2CC[C@@H]3[C@H](C)/C=C/[C@@H](O)C2CC2)C[C@@H](O)C[C@@H]1O,PubChem,5288783,4.450000476,0
XGALLCVXEZPNRQ-UHFFFAOYSA-N,COc1cc2ncnc(Nc3ccc(F)c(Cl)c3)c2cc1OCCCN1CCOCC1,PubChem,123631,4.450000476,0
GMRQFYUYWCNGIN-NKMMMXOESA-N,C=C1/C(=C\C=C2/CCC[C@@]3(C)[C@H]2CC[C@@H]3[C@H](C)CCCC(C)(C)O)C[C@@H](O)C[C@@H]1O,PubChem,5280453,4.450000476,0
LILLLPCBSKFLTE-UHFFFAOYSA-N,CN1CCN(c2ccc(C(=O)Nc3cc(-c4ccncc4)ccc3N)nc2)CC1,US Patent,,4.420216403,0
VOLRSQPSJGXRNJ-UHFFFAOYSA-N,O=[N+]([O-])c1ccc(CBr)cc1,PubChem,66011,4.415714017,0
CYEJMVLDXAUOPN-UHFFFAOYSA-N,CCCCCCCCCCCCc1ccccc1O,PubChem,171144,4.415712886,0
MFDFERRIHVXMIY-UHFFFAOYSA-N,CCN(CC)CCOC(=O)c1ccc(N)cc1,"Didziapetris et al., 2016",,4.400116928,0
VUFCSTHNGFATSK-MRXNPFEDSA-N,Cc1ccc(COC(=O)N2CC[C@H](CNc3nccn4cnnc34)C(F)(F)C2)cc1,US Patent,,4.397940009,0
UUHOZAZUVJZTIW-UHFFFAOYSA-N,FC1(F)CC1Cc1nnc2cc(-c3cccc4c3OCC4)ccn12,US Patent,,4.397940009,0
YTQCKSRKMRQLHF-UHFFFAOYSA-N,FC1(F)CC1Cc1nnc2cc(-c3cccc4cccnc34)ccn12,US Patent,,4.397940009,0
FHHBELSNHIJFTN-IMSIIYSGSA-N,N#C[C@H]1CN(C(=O)C[C@H](N)Cc2cc(F)c(F)cc2F)C[C@H]1F,"Didziapetris et al., 2016",,4.397940009,0
WEKSHOSOOGSDKA-YZKWQOGNSA-N,N[C@@H](CC(=O)N1CCC2CCCC21)Cc1cc(F)c(F)cc1F,"Didziapetris et al., 2016",,4.397940009,0
KTHLRNWGDXCNQL-GFCCVEGCSA-N,C[C@H](CCc1ccc(Cl)c(Cl)c1)N1Cc2cc3c(cc2C1)OCO3,US Patent,,4.387216143,0
DSCDJMGSGBHIFV-UHFFFAOYSA-N,CC(C)(O)c1ccc(C(CC2=CCC(=O)NC2)c2ccc(OC(F)F)c(OC3CC3)c2)cn1,"Doddareddy et al., 2010",,4.372634143,0
HJJVPARKXDDIQD-UHFFFAOYSA-N,Clc1ccc(C2(Cn3cncn3)CC(Br)CO2)c(Cl)c1,PubChem,3444,4.362713456,0
WYSSJDOPILWQDC-UHFFFAOYSA-N,Cc1cc(O)c(C(C)(C)C)cc1C(C)(C)C,PubChem,10346,4.360103316,0
IUGDILGOLSSKNE-UHFFFAOYSA-N,Oc1ccc(C(c2ccc(O)cc2)C(Cl)(Cl)Cl)cc1,PubChem,76302,4.360103316,0
OQERFUGURPLBQH-UHFFFAOYSA-N,Cc1ccc(O)c(C(=O)c2ccccc2)c1,PubChem,73851,4.355764326,0
MWQCHHACWWAQLJ-UHFFFAOYSA-N,O=C1CN=C(c2ccccc2)c2cc(Cl)ccc2N1CC1CC1,PubChem,4890,4.339054877,0
OMWSZDODENFLSV-UHFFFAOYSA-N,O=C(c1ccccc1)c1cc(Cl)ccc1O,PubChem,6799,4.332579737,0
OIAQMFOKAXHPNH-UHFFFAOYSA-N,c1ccc(-c2ccccc2-c2ccccc2)cc1,PubChem,6766,4.310103598,0
ZUWXHHBROGLWNH-UHFFFAOYSA-N,Nc1ccc(Cl)cc1C(=O)c1ccccc1,PubChem,12870,4.310103598,0
PTCGDEVVHUXTMP-UHFFFAOYSA-N,CC(C)Oc1cccc(NC(=O)c2ccccc2C(F)(F)F)c1,PubChem,47898,4.310103598,0
HIDBROSJWZYGSZ-UHFFFAOYSA-N,O=C1C=CC(=O)N1c1ccccc1,PubChem,13662,4.310103598,0
OIJHFHYPXWSVPF-UHFFFAOYSA-N,O=Nc1ccc(Nc2ccccc2)cc1,PubChem,9074,4.310050386,0
UYJJHUSVSWNRCU-CNJFGLLESA-O,CN(C)C(=O)[C@@H](C1CCC(NS(=O)(=O)c2ccc(F)cc2F)CC1)[C@H]([NH3+])C(=O)N1CC[C@H](F)C1,"Doddareddy et al., 2010",,4.30980392,0
SESFRYSPDFLNCH-UHFFFAOYSA-N,O=C(OCc1ccccc1)c1ccccc1,PubChem,2345,4.308617879,0
SPANOECCGNXGNR-UHFFFAOYSA-N,CC(C)N(C(=O)SCC(Cl)=CCl)C(C)C,PubChem,28700,4.307136344,0
MHMNJMPURVTYEJ-UHFFFAOYSA-N,O=C1OC2(c3ccc(O)cc3Oc3cc(O)ccc32)c2ccc(N=C=S)cc21,PubChem,18730,4.302245984,0
KHYPYQZQJSBPIX-UHFFFAOYSA-N,CCN(CC)CCNC(=O)c1ccc(NS(C)(=O)=O)cc1,"Didziapetris et al., 2016",,4.301029996,0
BUYNGLCEYIRVDH-UHFFFAOYSA-N,CC[N+](CC)CCNC(=O)c1ccc(NS(C)(=O)=O)cc1,"Doddareddy et al., 2010",,4.301029996,0
KHYPYQZQJSBPIX-UHFFFAOYSA-O,CC[NH+](CC)CCNC(=O)c1ccc(NS(C)(=O)=O)cc1,"Konda et al., 2019",,4.300000003,0
HKQZUYOVMYOFIT-UHFFFAOYSA-N,CCN1CC2(C)CCC(O)C34C5CC6C(OC)CC(O)(C(CC23)C14)C5C6O,"Didziapetris et al., 2016",,4.283996656,0
YTISFYMPVILQRL-UHFFFAOYSA-N,Nc1ccc(Oc2ccc(Cl)cc2)cc1,PubChem,7578,4.269539932,0
IPJGAEWUPXWFPL-UHFFFAOYSA-N,O=C1C=CC(=O)N1c1cccc(N2C(=O)C=CC2=O)c1,PubChem,18156,4.26010344,0
PGPNJCAMHOJTEF-UHFFFAOYSA-N,Clc1ccc(Oc2ccccc2)cc1,PubChem,23436,4.26010344,0
XWPZUHJBOLQNMN-UHFFFAOYSA-N,CC1(C)CCC(Cc2ccc(Cl)cc2)C1(O)Cn1cncn1,PubChem,86210,4.26010344,0
YNWDKZIIWCEDEE-UHFFFAOYSA-N,COc1ccnc(C[S+]([O-])c2nc3cc(OC(F)F)ccc3[n-]2)c1OC.[Na+],PubChem,15008962,4.257506607,0
UASXOTVJCSRYMT-BHDSKKPTSA-N,C[C@H]1C[C@H]2CSC(N)=N[C@@]2(c2ccccc2C(F)(F)F)CO1,PubChem,145966369,4.256490235,0
NEOCIRBUHOQWHN-LWMIZPGFSA-N,CC(C)Oc1cc([C@@H](C2=CCC(=O)N=C2)C2=CNC(C(C)(C)O)C=C2)ccc1OC(F)F,"Doddareddy et al., 2010",,4.252588192,0
QAFMFWWLVBBJBU-ISTZZABQSA-N,CC(C)[C@@]1(C)OC(c2cccc(F)c2F)N(CC(=O)Nc2ccc3c(c2)C[C@@]2(C3)C(=O)NC(=O)N2C)C1=O,"Didziapetris et al., 2016",,4.22184875,0
YVAXSEQSDOYCIY-BKMJKUGQSA-N,CN1C(=O)NC(=O)[C@]12Cc1ccc(NC(=O)CN3C(=O)C4(CCCC4)O[C@H]3c3cc(F)cc(F)c3)cc1C2,"Didziapetris et al., 2016",,4.22184875,0
JZODKRWQWUWGCD-UHFFFAOYSA-N,CC(C)(C)c1cc(O)c(C(C)(C)C)cc1O,PubChem,2374,4.210103552,0
FBMKUFCHWOIZPI-UHFFFAOYSA-N,CN(CCC(=O)O)C1CCC2(Cc3ccccc3Cc3ccccc32)C1,"Didziapetris et al., 2016",,4.200659451,0
CBOSLVQFGANWTL-UHFFFAOYSA-N,C=C1C2CC3(C1O)C1CC4C5(C)CCC(O)C4(C1N(CC)C5)C3CC2=O,"Didziapetris et al., 2016",,4.187086643,0
UFFPDLROZFWPBV-UHFFFAOYSA-N,CN1CCN(c2ncc(C(=O)Nc3cc(-c4cccs4)ccc3N)s2)CC1,US Patent,,4.15490196,0
AZAZKLKDEOMJBJ-OLOAVZRQSA-N,C=C1[C@H]2CC3(C4C[C@H]5C6(C4N(CC)C[C@]5(C)CC[C@@H]6O)[C@@H]3C[C@@H]2O)[C@@H]1O,"Didziapetris et al., 2016",,4.13667714,0
HPTCKMYNJDVZDG-UHFFFAOYSA-N,CC(C)[N+]CC(O)c1ccc(NS(C)(=O)=O)cc1,"Doddareddy et al., 2010",,4.130006,0
ZBMZVLHSJCTVON-UHFFFAOYSA-O,CC(C)[NH2+]CC(O)c1ccc(NS(C)(=O)=O)cc1,"Konda et al., 2019",,4.130000001,0
FNRMXORIKJLSGX-UHFFFAOYSA-N,CCN1CC2(COC)CCC(O)C34C5CC6C(OC)CC(O)(C5C6O)C(C(O)C23)C14,"Didziapetris et al., 2016",,4.096910013,0
FTCCTZDPHBMTGN-UHFFFAOYSA-N,OCN(c1ccc(Cl)c(Cl)c1)C1CCNCC1,"Didziapetris et al., 2016",,4.096910013,0
PDYJJRWURVZIHK-ZUEPYMLJSA-N,O=C1CC2CN(c3ccc(N4C[C@H](Cn5ccnn5)OC4=O)cc3F)CC2C1,"Didziapetris et al., 2016",,4.094743951,0
IMGVBNUGILZVLF-GFDAQUBOSA-N,CN(C)C(=O)[C@@H](c1ccc(C2=CN3NC=NC3C=C2)cc1)[C@H](N)C(=O)N1CC[C@H](F)C1,"Konda et al., 2019",,4.069999999,0
HQQBZBRAVHDCNS-UHFFFAOYSA-N,CCC(COC(=O)c1cc(OC)c(OC)c(OC)c1)(c1ccccc1)[N+](C)C,"Doddareddy et al., 2010",,4.050024822,0
LORDFXWUHHSAQU-UHFFFAOYSA-O,CCC(COC(=O)c1cc(OC)c(OC)c(OC)c1)(c1ccccc1)[NH+](C)C,"Konda et al., 2019",,4.049999999,0
UVTNFZQICZKOEM-UHFFFAOYSA-O,CC(C)[NH+](CCC(C(N)=O)(c1ccccc1)c1ccccn1)C(C)C,"Konda et al., 2019",,4.04,0
STPBPBCNILSKEC-UHFFFAOYSA-N,CC(C)[N+](CCC(C(N)=O)(c1ccccc1)c1ccccn1)C(C)C,"Doddareddy et al., 2010",,4.036212173,0
SNYFWQWLZIRNKD-UHFFFAOYSA-N,CC(CCc1ccc(Cl)c(Cl)c1)N1Cc2ccc3ccccc3c2C1,US Patent,,4.008773924,0
SDUGQQAAQSICAW-AQNXPRMDSA-N,CN(C)C(=O)[C@H](c1ccc(-c2cccc(-c3nnn[nH]3)c2)cc1)[C@H](N)C(=O)N1CC[C@@H](F)C1,"Didziapetris et al., 2016",,4,0
AFPXRCJVDFTWMT-JBACZVJFSA-O,CN(C)C(=O)[C@@H](c1ccc(-c2cccc(-n3cnnn3)c2)cc1)[C@H]([NH3+])C(=O)N1CC[C@H](F)C1,"Doddareddy et al., 2010",,4,0
SLPPPJJSHXCRPI-UHFFFAOYSA-N,CN1CCN(c2ccc(C(=O)Nc3cc(-c4ccncc4)ccc3N)cn2)CC1,US Patent,,4,0
KMVBXMWOGDYHIS-RVBZMBCESA-N,C[C@H]1C[C@H]2CSC(N)=N[C@@]2(c2ncccc2F)CO1,PubChem,145974594,4,0
KWEKFTIAFYJSFX-UHFFFAOYSA-N,CS(=N)(=O)c1ccc(C2=C(c3ccccc3)C(=O)OC2)cc1,"Didziapetris et al., 2016",,4,0
ZQLZVPJNENBVOL-UHFFFAOYSA-N,Cc1ccc(S(=O)(=O)N2CCSC2C(=O)NC2C3CC4CC2CC(C(N)=O)(C4)C3)cc1,"Didziapetris et al., 2016",,4,0
WIDBTZLJSHUYHO-UHFFFAOYSA-N,NC(=O)C12CC3CC(C1)C(NC(=O)C1SCCN1S(=O)(=O)c1ccccc1F)C(C3)C2,"Didziapetris et al., 2016",,4,0
FTVWIRXFELQLPI-UHFFFAOYSA-N,O=C1CC(c2ccc(O)cc2)Oc2cc(O)cc(O)c21,"Didziapetris et al., 2016",,3.991399828,0
MKHIZHXCNKIHEJ-IUOCJHTLSA-N,C/C=C1\CN2CCC1C[C@H]2[C@H](O)c1ccnc2ccc(OCCO)cc12,"Didziapetris et al., 2016",,3.962573502,0
KTQCRFSYZAJHFI-UHFFFAOYSA-N,CS(=O)(=O)CN(c1ccc(Cl)c(Cl)c1)C1CCNCC1,"Didziapetris et al., 2016",,3.920818754,0
FPECZWKKKKZPPP-JIHBGUTISA-N,CCN1C[C@]2(COC)CC[C@H](O)C34C1C([C@H](OC)[C@@H]32)[C@@]1(O)[C@@H](O)[C@H](OC)C2C[C@@H]4[C@@H]1[C@H]2O,"Didziapetris et al., 2016",,3.886056648,0
LHMLJRCNGQZNHL-UHFFFAOYSA-N,Fc1ccc(-c2cnn(Cc3ccn[nH]3)c2)cc1OC(F)F,PubChem,118864337,3.869666232,0
LXKNIEWKZKBFNW-UHFFFAOYSA-N,C[N+]1CCc2cc3c(cc2C(=O)Cc2ccc4c(c2C1)OCO4)OCO3,"Doddareddy et al., 2010",,3.782516056,0
ZZECNWAHVCYBKR-UHFFFAOYSA-N,[NH2+]=C1[N]CC2c3ccccc3Cc3ccccc3N12,"Doddareddy et al., 2010",,3.780022743,0
GPTFURBXHJWNHR-UHFFFAOYSA-O,C[NH+]1CCc2cc3c(cc2C(=O)Cc2ccc4c(c2C1)OCO4)OCO3,"Konda et al., 2019",,3.779999999,0
BKWROXBEEWYTNI-KGLIPLIRSA-N,N[C@H]1CN(C(=O)c2cc3ccccc3s2)C[C@H]1C(=O)N1CCCC1,"Didziapetris et al., 2016",,3.721246399,0
XHHXGKRFUPEPFM-OAHLLOKOSA-N,CCc1[nH]nc(C(=O)Nc2ccc([C@H]3CNCCO3)cc2)c1C,US Patent,,3.664341548,0
AIONOLUJZLIMTK-AWEZNQCLSA-N,COc1ccc([C@@H]2CC(=O)c3c(O)cc(O)cc3O2)cc1O,"Didziapetris et al., 2016",,3.539102157,0
ZRCVYEYHRGVLOC-HYARGMPZSA-N,CO/N=C1\CN(c2nc3c(cc2F)c(=O)c(C(=O)O)cn3C2CC2)CC1CN,"Didziapetris et al., 2016",,3.522878745,0
NSLNCWBNXXAFCL-TYPHKJRUSA-N,CCc1cc(CN2C[C@H](N)[C@H](C(=O)N3CCC[C@H]3C#N)C2)cc(CC)c1C#N,"Didziapetris et al., 2016",,3.522878745,0
SUXQDLLXIBLQHW-UHFFFAOYSA-N,CC1Sc2c(C(=O)O)c(=O)c3cc(F)c(N4CCNCC4)cc3n21,"Didziapetris et al., 2016",,3.522878745,0
PWNMXPDKBYZCOO-UHFFFAOYSA-N,Cc1oc(=O)oc1CN1CCN(c2cc3c(cc2F)c(=O)c(C(=O)O)c2n3C(C)S2)CC1,"Didziapetris et al., 2016",,3.522878745,0
GDAWAZUHXHQFEX-CVEARBPZSA-N,N[C@H]1CN(C(=O)c2cc3ccccc3cn2)C[C@H]1C(=O)N1CCCC1,"Didziapetris et al., 2016",,3.522878745,0
GVGLGOZIDCSQPN-PVHGPHFFSA-N,CC(=O)Oc1ccc2c3c1O[C@H]1[C@@H](OC(C)=O)C=C[C@H]4[C@@H](C2)N(C)CC[C@]314,"Didziapetris et al., 2016",,3.369572125,0
MHFCVNDHFSOKMK-VIFPVBQESA-N,C[C@H]1COc2c(N3CCN(C)CC3)c(F)c(N)c3c(=O)c(C(=O)O)cn1c23,"Didziapetris et al., 2016",,3.337242168,0
QZZLQXZHKPPSLA-UHFFFAOYSA-N,CC(C)(O)c1ccc(C(O)CCC[N+]2CCC(C(O)(c3ccccc3)c3ccccc3)CC2)cc1,"Doddareddy et al., 2010",,3.337242168,0
OGJPXUAPXNRGGI-UHFFFAOYSA-N,CCn1cc(C(=O)O)c(=O)c2cc(F)c(N3CCNCC3)cc21,"Didziapetris et al., 2016",,2.522878745,0
HJJPJSXJAXAIPN-UHFFFAOYSA-N,COC(=O)C1=CCCN(C)C1,"Didziapetris et al., 2016",,2.019996628,0
